filepath,breed,species,label
/kaggle/input/datasets/tanlikesmath/the-oxfordiiit-pet-dataset/images/japanese_chin_86.jpg,japanese_chin,dog,23
/kaggle/input/datasets/tanlikesmath/the-oxfordiiit-pet-dataset/images/basset_hound_102.jpg,basset_hound,dog,14
/kaggle/input/datasets/tanlikesmath/the-oxfordiiit-pet-dataset/images/boxer_174.jpg,boxer,dog,16
/kaggle/input/datasets/tanlikesmath/the-oxfordiiit-pet-dataset/images/wheaten_terrier_186.jpg,wheaten_terrier,dog,35
/kaggle/input/datasets/tanlikesmath/the-oxfordiiit-pet-dataset/images/Sphynx_108.jpg,Sphynx,cat,11
/kaggle/input/datasets/tanlikesmath/the-oxfordiiit-pet-dataset/images/saint_bernard_58.jpg,saint_bernard,dog,30
/kaggle/input/datasets/tanlikesmath/the-oxfordiiit-pet-dataset/images/chihuahua_86.jpg,chihuahua,dog,17
/kaggle/input/datasets/tanlikesmath/the-oxfordiiit-pet-dataset/images/great_pyrenees_51.jpg,great_pyrenees,dog,21
/kaggle/input/datasets/tanlikesmath/the-oxfordiiit-pet-dataset/images/staffordshire_bull_terrier_17.jpg,staffordshire_bull_terrier,dog,34
/kaggle/input/datasets/tanlikesmath/the-oxfordiiit-pet-dataset/images/japanese_chin_170.jpg,japanese_chin,dog,23
/kaggle/input/datasets/tanlikesmath/the-oxfordiiit-pet-dataset/images/japanese_chin_49.jpg,japanese_chin,dog,23
/kaggle/input/datasets/tanlikesmath/the-oxfordiiit-pet-dataset/images/yorkshire_terrier_61.jpg,yorkshire_terrier,dog,36
/kaggle/input/datasets/tanlikesmath/the-oxfordiiit-pet-dataset/images/wheaten_terrier_27.jpg,wheaten_terrier,dog,35
/kaggle/input/datasets/tanlikesmath/the-oxfordiiit-pet-dataset/images/miniature_pinscher_72.jpg,miniature_pinscher,dog,26
/kaggle/input/datasets/tanlikesmath/the-oxfordiiit-pet-dataset/images/boxer_89.jpg,boxer,dog,16
/kaggle/input/datasets/tanlikesmath/the-oxfordiiit-pet-dataset/images/keeshond_194.jpg,keeshond,dog,24
/kaggle/input/datasets/tanlikesmath/the-oxfordiiit-pet-dataset/images/great_pyrenees_48.jpg,great_pyrenees,dog,21
/kaggle/input/datasets/tanlikesmath/the-oxfordiiit-pet-dataset/images/saint_bernard_184.jpg,saint_bernard,dog,30
/kaggle/input/datasets/tanlikesmath/the-oxfordiiit-pet-dataset/images/chihuahua_16.jpg,chihuahua,dog,17
/kaggle/input/datasets/tanlikesmath/the-oxfordiiit-pet-dataset/images/english_setter_34.jpg,english_setter,dog,19
/kaggle/input/datasets/tanlikesmath/the-oxfordiiit-pet-dataset/images/Birman_171.jpg,Birman,cat,2
/kaggle/input/datasets/tanlikesmath/the-oxfordiiit-pet-dataset/images/havanese_192.jpg,havanese,dog,22
/kaggle/input/datasets/tanlikesmath/the-oxfordiiit-pet-dataset/images/Ragdoll_184.jpg,Ragdoll,cat,8
/kaggle/input/datasets/tanlikesmath/the-oxfordiiit-pet-dataset/images/newfoundland_159.jpg,newfoundland,dog,27
/kaggle/input/datasets/tanlikesmath/the-oxfordiiit-pet-dataset/images/Egyptian_Mau_52.jpg,Egyptian_Mau,cat,5
/kaggle/input/datasets/tanlikesmath/the-oxfordiiit-pet-dataset/images/scottish_terrier_4.jpg,scottish_terrier,dog,32
/kaggle/input/datasets/tanlikesmath/the-oxfordiiit-pet-dataset/images/pug_79.jpg,pug,dog,29
/kaggle/input/datasets/tanlikesmath/the-oxfordiiit-pet-dataset/images/basset_hound_155.jpg,basset_hound,dog,14
/kaggle/input/datasets/tanlikesmath/the-oxfordiiit-pet-dataset/images/english_cocker_spaniel_35.jpg,english_cocker_spaniel,dog,18
/kaggle/input/datasets/tanlikesmath/the-oxfordiiit-pet-dataset/images/pug_68.jpg,pug,dog,29
/kaggle/input/datasets/tanlikesmath/the-oxfordiiit-pet-dataset/images/Bengal_70.jpg,Bengal,cat,1
/kaggle/input/datasets/tanlikesmath/the-oxfordiiit-pet-dataset/images/american_bulldog_187.jpg,american_bulldog,dog,12
/kaggle/input/datasets/tanlikesmath/the-oxfordiiit-pet-dataset/images/leonberger_116.jpg,leonberger,dog,25
/kaggle/input/datasets/tanlikesmath/the-oxfordiiit-pet-dataset/images/beagle_5.jpg,beagle,dog,15
/kaggle/input/datasets/tanlikesmath/the-oxfordiiit-pet-dataset/images/beagle_184.jpg,beagle,dog,15
/kaggle/input/datasets/tanlikesmath/the-oxfordiiit-pet-dataset/images/english_setter_64.jpg,english_setter,dog,19
/kaggle/input/datasets/tanlikesmath/the-oxfordiiit-pet-dataset/images/basset_hound_96.jpg,basset_hound,dog,14
/kaggle/input/datasets/tanlikesmath/the-oxfordiiit-pet-dataset/images/Egyptian_Mau_87.jpg,Egyptian_Mau,cat,5
/kaggle/input/datasets/tanlikesmath/the-oxfordiiit-pet-dataset/images/yorkshire_terrier_68.jpg,yorkshire_terrier,dog,36
/kaggle/input/datasets/tanlikesmath/the-oxfordiiit-pet-dataset/images/Ragdoll_166.jpg,Ragdoll,cat,8
/kaggle/input/datasets/tanlikesmath/the-oxfordiiit-pet-dataset/images/great_pyrenees_59.jpg,great_pyrenees,dog,21
/kaggle/input/datasets/tanlikesmath/the-oxfordiiit-pet-dataset/images/japanese_chin_88.jpg,japanese_chin,dog,23
/kaggle/input/datasets/tanlikesmath/the-oxfordiiit-pet-dataset/images/pug_106.jpg,pug,dog,29
/kaggle/input/datasets/tanlikesmath/the-oxfordiiit-pet-dataset/images/chihuahua_2.jpg,chihuahua,dog,17
/kaggle/input/datasets/tanlikesmath/the-oxfordiiit-pet-dataset/images/Russian_Blue_17.jpg,Russian_Blue,cat,9
/kaggle/input/datasets/tanlikesmath/the-oxfordiiit-pet-dataset/images/newfoundland_157.jpg,newfoundland,dog,27
/kaggle/input/datasets/tanlikesmath/the-oxfordiiit-pet-dataset/images/British_Shorthair_163.jpg,British_Shorthair,cat,4
/kaggle/input/datasets/tanlikesmath/the-oxfordiiit-pet-dataset/images/Ragdoll_64.jpg,Ragdoll,cat,8
/kaggle/input/datasets/tanlikesmath/the-oxfordiiit-pet-dataset/images/staffordshire_bull_terrier_51.jpg,staffordshire_bull_terrier,dog,34
/kaggle/input/datasets/tanlikesmath/the-oxfordiiit-pet-dataset/images/Birman_54.jpg,Birman,cat,2
/kaggle/input/datasets/tanlikesmath/the-oxfordiiit-pet-dataset/images/Persian_190.jpg,Persian,cat,7
/kaggle/input/datasets/tanlikesmath/the-oxfordiiit-pet-dataset/images/shiba_inu_58.jpg,shiba_inu,dog,33
/kaggle/input/datasets/tanlikesmath/the-oxfordiiit-pet-dataset/images/Russian_Blue_8.jpg,Russian_Blue,cat,9
/kaggle/input/datasets/tanlikesmath/the-oxfordiiit-pet-dataset/images/beagle_85.jpg,beagle,dog,15
/kaggle/input/datasets/tanlikesmath/the-oxfordiiit-pet-dataset/images/scottish_terrier_114.jpg,scottish_terrier,dog,32
/kaggle/input/datasets/tanlikesmath/the-oxfordiiit-pet-dataset/images/pug_61.jpg,pug,dog,29
/kaggle/input/datasets/tanlikesmath/the-oxfordiiit-pet-dataset/images/wheaten_terrier_108.jpg,wheaten_terrier,dog,35
/kaggle/input/datasets/tanlikesmath/the-oxfordiiit-pet-dataset/images/pug_200.jpg,pug,dog,29
/kaggle/input/datasets/tanlikesmath/the-oxfordiiit-pet-dataset/images/boxer_175.jpg,boxer,dog,16
/kaggle/input/datasets/tanlikesmath/the-oxfordiiit-pet-dataset/images/Ragdoll_82.jpg,Ragdoll,cat,8
/kaggle/input/datasets/tanlikesmath/the-oxfordiiit-pet-dataset/images/keeshond_191.jpg,keeshond,dog,24
/kaggle/input/datasets/tanlikesmath/the-oxfordiiit-pet-dataset/images/Birman_129.jpg,Birman,cat,2
/kaggle/input/datasets/tanlikesmath/the-oxfordiiit-pet-dataset/images/Egyptian_Mau_6.jpg,Egyptian_Mau,cat,5
/kaggle/input/datasets/tanlikesmath/the-oxfordiiit-pet-dataset/images/staffordshire_bull_terrier_58.jpg,staffordshire_bull_terrier,dog,34
/kaggle/input/datasets/tanlikesmath/the-oxfordiiit-pet-dataset/images/german_shorthaired_173.jpg,german_shorthaired,dog,20
/kaggle/input/datasets/tanlikesmath/the-oxfordiiit-pet-dataset/images/american_bulldog_127.jpg,american_bulldog,dog,12
/kaggle/input/datasets/tanlikesmath/the-oxfordiiit-pet-dataset/images/Russian_Blue_71.jpg,Russian_Blue,cat,9
/kaggle/input/datasets/tanlikesmath/the-oxfordiiit-pet-dataset/images/boxer_145.jpg,boxer,dog,16
/kaggle/input/datasets/tanlikesmath/the-oxfordiiit-pet-dataset/images/Sphynx_83.jpg,Sphynx,cat,11
/kaggle/input/datasets/tanlikesmath/the-oxfordiiit-pet-dataset/images/Birman_57.jpg,Birman,cat,2
/kaggle/input/datasets/tanlikesmath/the-oxfordiiit-pet-dataset/images/wheaten_terrier_188.jpg,wheaten_terrier,dog,35
/kaggle/input/datasets/tanlikesmath/the-oxfordiiit-pet-dataset/images/american_pit_bull_terrier_168.jpg,american_pit_bull_terrier,dog,13
/kaggle/input/datasets/tanlikesmath/the-oxfordiiit-pet-dataset/images/american_pit_bull_terrier_81.jpg,american_pit_bull_terrier,dog,13
/kaggle/input/datasets/tanlikesmath/the-oxfordiiit-pet-dataset/images/wheaten_terrier_93.jpg,wheaten_terrier,dog,35
/kaggle/input/datasets/tanlikesmath/the-oxfordiiit-pet-dataset/images/havanese_6.jpg,havanese,dog,22
/kaggle/input/datasets/tanlikesmath/the-oxfordiiit-pet-dataset/images/english_setter_162.jpg,english_setter,dog,19
/kaggle/input/datasets/tanlikesmath/the-oxfordiiit-pet-dataset/images/Siamese_32.jpg,Siamese,cat,10
/kaggle/input/datasets/tanlikesmath/the-oxfordiiit-pet-dataset/images/miniature_pinscher_151.jpg,miniature_pinscher,dog,26
/kaggle/input/datasets/tanlikesmath/the-oxfordiiit-pet-dataset/images/english_cocker_spaniel_45.jpg,english_cocker_spaniel,dog,18
/kaggle/input/datasets/tanlikesmath/the-oxfordiiit-pet-dataset/images/pug_44.jpg,pug,dog,29
/kaggle/input/datasets/tanlikesmath/the-oxfordiiit-pet-dataset/images/Sphynx_139.jpg,Sphynx,cat,11
/kaggle/input/datasets/tanlikesmath/the-oxfordiiit-pet-dataset/images/Sphynx_174.jpg,Sphynx,cat,11
/kaggle/input/datasets/tanlikesmath/the-oxfordiiit-pet-dataset/images/leonberger_57.jpg,leonberger,dog,25
/kaggle/input/datasets/tanlikesmath/the-oxfordiiit-pet-dataset/images/keeshond_88.jpg,keeshond,dog,24
/kaggle/input/datasets/tanlikesmath/the-oxfordiiit-pet-dataset/images/scottish_terrier_106.jpg,scottish_terrier,dog,32
/kaggle/input/datasets/tanlikesmath/the-oxfordiiit-pet-dataset/images/saint_bernard_30.jpg,saint_bernard,dog,30
/kaggle/input/datasets/tanlikesmath/the-oxfordiiit-pet-dataset/images/miniature_pinscher_19.jpg,miniature_pinscher,dog,26
/kaggle/input/datasets/tanlikesmath/the-oxfordiiit-pet-dataset/images/german_shorthaired_42.jpg,german_shorthaired,dog,20
/kaggle/input/datasets/tanlikesmath/the-oxfordiiit-pet-dataset/images/Siamese_33.jpg,Siamese,cat,10
/kaggle/input/datasets/tanlikesmath/the-oxfordiiit-pet-dataset/images/boxer_23.jpg,boxer,dog,16
/kaggle/input/datasets/tanlikesmath/the-oxfordiiit-pet-dataset/images/Persian_161.jpg,Persian,cat,7
/kaggle/input/datasets/tanlikesmath/the-oxfordiiit-pet-dataset/images/basset_hound_125.jpg,basset_hound,dog,14
/kaggle/input/datasets/tanlikesmath/the-oxfordiiit-pet-dataset/images/leonberger_32.jpg,leonberger,dog,25
/kaggle/input/datasets/tanlikesmath/the-oxfordiiit-pet-dataset/images/Birman_61.jpg,Birman,cat,2
/kaggle/input/datasets/tanlikesmath/the-oxfordiiit-pet-dataset/images/Maine_Coon_26.jpg,Maine_Coon,cat,6
/kaggle/input/datasets/tanlikesmath/the-oxfordiiit-pet-dataset/images/yorkshire_terrier_178.jpg,yorkshire_terrier,dog,36
/kaggle/input/datasets/tanlikesmath/the-oxfordiiit-pet-dataset/images/american_pit_bull_terrier_22.jpg,american_pit_bull_terrier,dog,13
/kaggle/input/datasets/tanlikesmath/the-oxfordiiit-pet-dataset/images/Bengal_180.jpg,Bengal,cat,1
/kaggle/input/datasets/tanlikesmath/the-oxfordiiit-pet-dataset/images/Bombay_192.jpg,Bombay,cat,3
/kaggle/input/datasets/tanlikesmath/the-oxfordiiit-pet-dataset/images/pug_94.jpg,pug,dog,29
/kaggle/input/datasets/tanlikesmath/the-oxfordiiit-pet-dataset/images/yorkshire_terrier_188.jpg,yorkshire_terrier,dog,36
/kaggle/input/datasets/tanlikesmath/the-oxfordiiit-pet-dataset/images/Russian_Blue_131.jpg,Russian_Blue,cat,9
/kaggle/input/datasets/tanlikesmath/the-oxfordiiit-pet-dataset/images/Bengal_164.jpg,Bengal,cat,1
/kaggle/input/datasets/tanlikesmath/the-oxfordiiit-pet-dataset/images/Ragdoll_69.jpg,Ragdoll,cat,8
/kaggle/input/datasets/tanlikesmath/the-oxfordiiit-pet-dataset/images/havanese_98.jpg,havanese,dog,22
/kaggle/input/datasets/tanlikesmath/the-oxfordiiit-pet-dataset/images/Ragdoll_182.jpg,Ragdoll,cat,8
/kaggle/input/datasets/tanlikesmath/the-oxfordiiit-pet-dataset/images/scottish_terrier_25.jpg,scottish_terrier,dog,32
/kaggle/input/datasets/tanlikesmath/the-oxfordiiit-pet-dataset/images/Maine_Coon_111.jpg,Maine_Coon,cat,6
/kaggle/input/datasets/tanlikesmath/the-oxfordiiit-pet-dataset/images/Siamese_148.jpg,Siamese,cat,10
/kaggle/input/datasets/tanlikesmath/the-oxfordiiit-pet-dataset/images/Russian_Blue_108.jpg,Russian_Blue,cat,9
/kaggle/input/datasets/tanlikesmath/the-oxfordiiit-pet-dataset/images/Egyptian_Mau_103.jpg,Egyptian_Mau,cat,5
/kaggle/input/datasets/tanlikesmath/the-oxfordiiit-pet-dataset/images/wheaten_terrier_91.jpg,wheaten_terrier,dog,35
/kaggle/input/datasets/tanlikesmath/the-oxfordiiit-pet-dataset/images/Russian_Blue_102.jpg,Russian_Blue,cat,9
/kaggle/input/datasets/tanlikesmath/the-oxfordiiit-pet-dataset/images/Siamese_106.jpg,Siamese,cat,10
/kaggle/input/datasets/tanlikesmath/the-oxfordiiit-pet-dataset/images/american_bulldog_105.jpg,american_bulldog,dog,12
/kaggle/input/datasets/tanlikesmath/the-oxfordiiit-pet-dataset/images/British_Shorthair_60.jpg,British_Shorthair,cat,4
/kaggle/input/datasets/tanlikesmath/the-oxfordiiit-pet-dataset/images/american_bulldog_176.jpg,american_bulldog,dog,12
/kaggle/input/datasets/tanlikesmath/the-oxfordiiit-pet-dataset/images/newfoundland_174.jpg,newfoundland,dog,27
/kaggle/input/datasets/tanlikesmath/the-oxfordiiit-pet-dataset/images/Birman_52.jpg,Birman,cat,2
/kaggle/input/datasets/tanlikesmath/the-oxfordiiit-pet-dataset/images/pomeranian_95.jpg,pomeranian,dog,28
/kaggle/input/datasets/tanlikesmath/the-oxfordiiit-pet-dataset/images/english_setter_13.jpg,english_setter,dog,19
/kaggle/input/datasets/tanlikesmath/the-oxfordiiit-pet-dataset/images/german_shorthaired_29.jpg,german_shorthaired,dog,20
/kaggle/input/datasets/tanlikesmath/the-oxfordiiit-pet-dataset/images/beagle_38.jpg,beagle,dog,15
/kaggle/input/datasets/tanlikesmath/the-oxfordiiit-pet-dataset/images/miniature_pinscher_148.jpg,miniature_pinscher,dog,26
/kaggle/input/datasets/tanlikesmath/the-oxfordiiit-pet-dataset/images/Bengal_141.jpg,Bengal,cat,1
/kaggle/input/datasets/tanlikesmath/the-oxfordiiit-pet-dataset/images/japanese_chin_153.jpg,japanese_chin,dog,23
/kaggle/input/datasets/tanlikesmath/the-oxfordiiit-pet-dataset/images/great_pyrenees_114.jpg,great_pyrenees,dog,21
/kaggle/input/datasets/tanlikesmath/the-oxfordiiit-pet-dataset/images/havanese_181.jpg,havanese,dog,22
/kaggle/input/datasets/tanlikesmath/the-oxfordiiit-pet-dataset/images/Maine_Coon_137.jpg,Maine_Coon,cat,6
/kaggle/input/datasets/tanlikesmath/the-oxfordiiit-pet-dataset/images/boxer_147.jpg,boxer,dog,16
/kaggle/input/datasets/tanlikesmath/the-oxfordiiit-pet-dataset/images/shiba_inu_14.jpg,shiba_inu,dog,33
/kaggle/input/datasets/tanlikesmath/the-oxfordiiit-pet-dataset/images/newfoundland_156.jpg,newfoundland,dog,27
/kaggle/input/datasets/tanlikesmath/the-oxfordiiit-pet-dataset/images/wheaten_terrier_1.jpg,wheaten_terrier,dog,35
/kaggle/input/datasets/tanlikesmath/the-oxfordiiit-pet-dataset/images/pomeranian_89.jpg,pomeranian,dog,28
/kaggle/input/datasets/tanlikesmath/the-oxfordiiit-pet-dataset/images/Sphynx_173.jpg,Sphynx,cat,11
/kaggle/input/datasets/tanlikesmath/the-oxfordiiit-pet-dataset/images/samoyed_23.jpg,samoyed,dog,31
/kaggle/input/datasets/tanlikesmath/the-oxfordiiit-pet-dataset/images/shiba_inu_91.jpg,shiba_inu,dog,33
/kaggle/input/datasets/tanlikesmath/the-oxfordiiit-pet-dataset/images/havanese_49.jpg,havanese,dog,22
/kaggle/input/datasets/tanlikesmath/the-oxfordiiit-pet-dataset/images/samoyed_102.jpg,samoyed,dog,31
/kaggle/input/datasets/tanlikesmath/the-oxfordiiit-pet-dataset/images/saint_bernard_177.jpg,saint_bernard,dog,30
/kaggle/input/datasets/tanlikesmath/the-oxfordiiit-pet-dataset/images/english_cocker_spaniel_70.jpg,english_cocker_spaniel,dog,18
/kaggle/input/datasets/tanlikesmath/the-oxfordiiit-pet-dataset/images/pomeranian_185.jpg,pomeranian,dog,28
/kaggle/input/datasets/tanlikesmath/the-oxfordiiit-pet-dataset/images/Birman_186.jpg,Birman,cat,2
/kaggle/input/datasets/tanlikesmath/the-oxfordiiit-pet-dataset/images/chihuahua_170.jpg,chihuahua,dog,17
/kaggle/input/datasets/tanlikesmath/the-oxfordiiit-pet-dataset/images/basset_hound_6.jpg,basset_hound,dog,14
/kaggle/input/datasets/tanlikesmath/the-oxfordiiit-pet-dataset/images/scottish_terrier_94.jpg,scottish_terrier,dog,32
/kaggle/input/datasets/tanlikesmath/the-oxfordiiit-pet-dataset/images/american_bulldog_49.jpg,american_bulldog,dog,12
/kaggle/input/datasets/tanlikesmath/the-oxfordiiit-pet-dataset/images/staffordshire_bull_terrier_46.jpg,staffordshire_bull_terrier,dog,34
/kaggle/input/datasets/tanlikesmath/the-oxfordiiit-pet-dataset/images/english_cocker_spaniel_118.jpg,english_cocker_spaniel,dog,18
/kaggle/input/datasets/tanlikesmath/the-oxfordiiit-pet-dataset/images/keeshond_59.jpg,keeshond,dog,24
/kaggle/input/datasets/tanlikesmath/the-oxfordiiit-pet-dataset/images/Abyssinian_73.jpg,Abyssinian,cat,0
/kaggle/input/datasets/tanlikesmath/the-oxfordiiit-pet-dataset/images/keeshond_110.jpg,keeshond,dog,24
/kaggle/input/datasets/tanlikesmath/the-oxfordiiit-pet-dataset/images/miniature_pinscher_80.jpg,miniature_pinscher,dog,26
/kaggle/input/datasets/tanlikesmath/the-oxfordiiit-pet-dataset/images/chihuahua_89.jpg,chihuahua,dog,17
/kaggle/input/datasets/tanlikesmath/the-oxfordiiit-pet-dataset/images/Siamese_254.jpg,Siamese,cat,10
/kaggle/input/datasets/tanlikesmath/the-oxfordiiit-pet-dataset/images/Persian_32.jpg,Persian,cat,7
/kaggle/input/datasets/tanlikesmath/the-oxfordiiit-pet-dataset/images/german_shorthaired_17.jpg,german_shorthaired,dog,20
/kaggle/input/datasets/tanlikesmath/the-oxfordiiit-pet-dataset/images/scottish_terrier_146.jpg,scottish_terrier,dog,32
/kaggle/input/datasets/tanlikesmath/the-oxfordiiit-pet-dataset/images/yorkshire_terrier_54.jpg,yorkshire_terrier,dog,36
/kaggle/input/datasets/tanlikesmath/the-oxfordiiit-pet-dataset/images/shiba_inu_88.jpg,shiba_inu,dog,33
/kaggle/input/datasets/tanlikesmath/the-oxfordiiit-pet-dataset/images/german_shorthaired_127.jpg,german_shorthaired,dog,20
/kaggle/input/datasets/tanlikesmath/the-oxfordiiit-pet-dataset/images/japanese_chin_1.jpg,japanese_chin,dog,23
/kaggle/input/datasets/tanlikesmath/the-oxfordiiit-pet-dataset/images/Maine_Coon_154.jpg,Maine_Coon,cat,6
/kaggle/input/datasets/tanlikesmath/the-oxfordiiit-pet-dataset/images/chihuahua_142.jpg,chihuahua,dog,17
/kaggle/input/datasets/tanlikesmath/the-oxfordiiit-pet-dataset/images/Bombay_23.jpg,Bombay,cat,3
/kaggle/input/datasets/tanlikesmath/the-oxfordiiit-pet-dataset/images/boxer_5.jpg,boxer,dog,16
/kaggle/input/datasets/tanlikesmath/the-oxfordiiit-pet-dataset/images/miniature_pinscher_40.jpg,miniature_pinscher,dog,26
/kaggle/input/datasets/tanlikesmath/the-oxfordiiit-pet-dataset/images/wheaten_terrier_58.jpg,wheaten_terrier,dog,35
/kaggle/input/datasets/tanlikesmath/the-oxfordiiit-pet-dataset/images/samoyed_136.jpg,samoyed,dog,31
/kaggle/input/datasets/tanlikesmath/the-oxfordiiit-pet-dataset/images/great_pyrenees_11.jpg,great_pyrenees,dog,21
/kaggle/input/datasets/tanlikesmath/the-oxfordiiit-pet-dataset/images/pug_147.jpg,pug,dog,29
/kaggle/input/datasets/tanlikesmath/the-oxfordiiit-pet-dataset/images/shiba_inu_192.jpg,shiba_inu,dog,33
/kaggle/input/datasets/tanlikesmath/the-oxfordiiit-pet-dataset/images/keeshond_39.jpg,keeshond,dog,24
/kaggle/input/datasets/tanlikesmath/the-oxfordiiit-pet-dataset/images/shiba_inu_129.jpg,shiba_inu,dog,33
/kaggle/input/datasets/tanlikesmath/the-oxfordiiit-pet-dataset/images/Sphynx_15.jpg,Sphynx,cat,11
/kaggle/input/datasets/tanlikesmath/the-oxfordiiit-pet-dataset/images/boxer_177.jpg,boxer,dog,16
/kaggle/input/datasets/tanlikesmath/the-oxfordiiit-pet-dataset/images/havanese_142.jpg,havanese,dog,22
/kaggle/input/datasets/tanlikesmath/the-oxfordiiit-pet-dataset/images/Bombay_176.jpg,Bombay,cat,3
/kaggle/input/datasets/tanlikesmath/the-oxfordiiit-pet-dataset/images/leonberger_169.jpg,leonberger,dog,25
/kaggle/input/datasets/tanlikesmath/the-oxfordiiit-pet-dataset/images/Maine_Coon_72.jpg,Maine_Coon,cat,6
/kaggle/input/datasets/tanlikesmath/the-oxfordiiit-pet-dataset/images/Ragdoll_188.jpg,Ragdoll,cat,8
/kaggle/input/datasets/tanlikesmath/the-oxfordiiit-pet-dataset/images/Ragdoll_71.jpg,Ragdoll,cat,8
/kaggle/input/datasets/tanlikesmath/the-oxfordiiit-pet-dataset/images/miniature_pinscher_103.jpg,miniature_pinscher,dog,26
/kaggle/input/datasets/tanlikesmath/the-oxfordiiit-pet-dataset/images/Siamese_233.jpg,Siamese,cat,10
/kaggle/input/datasets/tanlikesmath/the-oxfordiiit-pet-dataset/images/english_cocker_spaniel_98.jpg,english_cocker_spaniel,dog,18
/kaggle/input/datasets/tanlikesmath/the-oxfordiiit-pet-dataset/images/Bengal_155.jpg,Bengal,cat,1
/kaggle/input/datasets/tanlikesmath/the-oxfordiiit-pet-dataset/images/beagle_191.jpg,beagle,dog,15
/kaggle/input/datasets/tanlikesmath/the-oxfordiiit-pet-dataset/images/Ragdoll_163.jpg,Ragdoll,cat,8
/kaggle/input/datasets/tanlikesmath/the-oxfordiiit-pet-dataset/images/basset_hound_108.jpg,basset_hound,dog,14
/kaggle/input/datasets/tanlikesmath/the-oxfordiiit-pet-dataset/images/miniature_pinscher_73.jpg,miniature_pinscher,dog,26
/kaggle/input/datasets/tanlikesmath/the-oxfordiiit-pet-dataset/images/Persian_191.jpg,Persian,cat,7
/kaggle/input/datasets/tanlikesmath/the-oxfordiiit-pet-dataset/images/keeshond_40.jpg,keeshond,dog,24
/kaggle/input/datasets/tanlikesmath/the-oxfordiiit-pet-dataset/images/newfoundland_27.jpg,newfoundland,dog,27
/kaggle/input/datasets/tanlikesmath/the-oxfordiiit-pet-dataset/images/chihuahua_177.jpg,chihuahua,dog,17
/kaggle/input/datasets/tanlikesmath/the-oxfordiiit-pet-dataset/images/Ragdoll_265.jpg,Ragdoll,cat,8
/kaggle/input/datasets/tanlikesmath/the-oxfordiiit-pet-dataset/images/american_pit_bull_terrier_72.jpg,american_pit_bull_terrier,dog,13
/kaggle/input/datasets/tanlikesmath/the-oxfordiiit-pet-dataset/images/great_pyrenees_122.jpg,great_pyrenees,dog,21
/kaggle/input/datasets/tanlikesmath/the-oxfordiiit-pet-dataset/images/english_setter_65.jpg,english_setter,dog,19
/kaggle/input/datasets/tanlikesmath/the-oxfordiiit-pet-dataset/images/german_shorthaired_200.jpg,german_shorthaired,dog,20
/kaggle/input/datasets/tanlikesmath/the-oxfordiiit-pet-dataset/images/pomeranian_197.jpg,pomeranian,dog,28
/kaggle/input/datasets/tanlikesmath/the-oxfordiiit-pet-dataset/images/great_pyrenees_37.jpg,great_pyrenees,dog,21
/kaggle/input/datasets/tanlikesmath/the-oxfordiiit-pet-dataset/images/Egyptian_Mau_156.jpg,Egyptian_Mau,cat,5
/kaggle/input/datasets/tanlikesmath/the-oxfordiiit-pet-dataset/images/Sphynx_129.jpg,Sphynx,cat,11
/kaggle/input/datasets/tanlikesmath/the-oxfordiiit-pet-dataset/images/american_pit_bull_terrier_78.jpg,american_pit_bull_terrier,dog,13
/kaggle/input/datasets/tanlikesmath/the-oxfordiiit-pet-dataset/images/keeshond_57.jpg,keeshond,dog,24
/kaggle/input/datasets/tanlikesmath/the-oxfordiiit-pet-dataset/images/great_pyrenees_30.jpg,great_pyrenees,dog,21
/kaggle/input/datasets/tanlikesmath/the-oxfordiiit-pet-dataset/images/Persian_120.jpg,Persian,cat,7
/kaggle/input/datasets/tanlikesmath/the-oxfordiiit-pet-dataset/images/english_setter_4.jpg,english_setter,dog,19
/kaggle/input/datasets/tanlikesmath/the-oxfordiiit-pet-dataset/images/english_setter_49.jpg,english_setter,dog,19
/kaggle/input/datasets/tanlikesmath/the-oxfordiiit-pet-dataset/images/german_shorthaired_45.jpg,german_shorthaired,dog,20
/kaggle/input/datasets/tanlikesmath/the-oxfordiiit-pet-dataset/images/english_cocker_spaniel_91.jpg,english_cocker_spaniel,dog,18
/kaggle/input/datasets/tanlikesmath/the-oxfordiiit-pet-dataset/images/chihuahua_9.jpg,chihuahua,dog,17
/kaggle/input/datasets/tanlikesmath/the-oxfordiiit-pet-dataset/images/english_cocker_spaniel_160.jpg,english_cocker_spaniel,dog,18
/kaggle/input/datasets/tanlikesmath/the-oxfordiiit-pet-dataset/images/pug_173.jpg,pug,dog,29
/kaggle/input/datasets/tanlikesmath/the-oxfordiiit-pet-dataset/images/Bombay_36.jpg,Bombay,cat,3
/kaggle/input/datasets/tanlikesmath/the-oxfordiiit-pet-dataset/images/english_cocker_spaniel_73.jpg,english_cocker_spaniel,dog,18
/kaggle/input/datasets/tanlikesmath/the-oxfordiiit-pet-dataset/images/newfoundland_28.jpg,newfoundland,dog,27
/kaggle/input/datasets/tanlikesmath/the-oxfordiiit-pet-dataset/images/chihuahua_55.jpg,chihuahua,dog,17
/kaggle/input/datasets/tanlikesmath/the-oxfordiiit-pet-dataset/images/american_pit_bull_terrier_92.jpg,american_pit_bull_terrier,dog,13
/kaggle/input/datasets/tanlikesmath/the-oxfordiiit-pet-dataset/images/Russian_Blue_117.jpg,Russian_Blue,cat,9
/kaggle/input/datasets/tanlikesmath/the-oxfordiiit-pet-dataset/images/leonberger_27.jpg,leonberger,dog,25
/kaggle/input/datasets/tanlikesmath/the-oxfordiiit-pet-dataset/images/american_bulldog_120.jpg,american_bulldog,dog,12
/kaggle/input/datasets/tanlikesmath/the-oxfordiiit-pet-dataset/images/British_Shorthair_43.jpg,British_Shorthair,cat,4
/kaggle/input/datasets/tanlikesmath/the-oxfordiiit-pet-dataset/images/boxer_155.jpg,boxer,dog,16
/kaggle/input/datasets/tanlikesmath/the-oxfordiiit-pet-dataset/images/boxer_80.jpg,boxer,dog,16
/kaggle/input/datasets/tanlikesmath/the-oxfordiiit-pet-dataset/images/pomeranian_50.jpg,pomeranian,dog,28
/kaggle/input/datasets/tanlikesmath/the-oxfordiiit-pet-dataset/images/chihuahua_121.jpg,chihuahua,dog,17
/kaggle/input/datasets/tanlikesmath/the-oxfordiiit-pet-dataset/images/pug_10.jpg,pug,dog,29
/kaggle/input/datasets/tanlikesmath/the-oxfordiiit-pet-dataset/images/chihuahua_104.jpg,chihuahua,dog,17
/kaggle/input/datasets/tanlikesmath/the-oxfordiiit-pet-dataset/images/shiba_inu_43.jpg,shiba_inu,dog,33
/kaggle/input/datasets/tanlikesmath/the-oxfordiiit-pet-dataset/images/japanese_chin_151.jpg,japanese_chin,dog,23
/kaggle/input/datasets/tanlikesmath/the-oxfordiiit-pet-dataset/images/great_pyrenees_177.jpg,great_pyrenees,dog,21
/kaggle/input/datasets/tanlikesmath/the-oxfordiiit-pet-dataset/images/leonberger_10.jpg,leonberger,dog,25
/kaggle/input/datasets/tanlikesmath/the-oxfordiiit-pet-dataset/images/samoyed_90.jpg,samoyed,dog,31
/kaggle/input/datasets/tanlikesmath/the-oxfordiiit-pet-dataset/images/miniature_pinscher_104.jpg,miniature_pinscher,dog,26
/kaggle/input/datasets/tanlikesmath/the-oxfordiiit-pet-dataset/images/keeshond_114.jpg,keeshond,dog,24
/kaggle/input/datasets/tanlikesmath/the-oxfordiiit-pet-dataset/images/chihuahua_57.jpg,chihuahua,dog,17
/kaggle/input/datasets/tanlikesmath/the-oxfordiiit-pet-dataset/images/miniature_pinscher_135.jpg,miniature_pinscher,dog,26
/kaggle/input/datasets/tanlikesmath/the-oxfordiiit-pet-dataset/images/Egyptian_Mau_106.jpg,Egyptian_Mau,cat,5
/kaggle/input/datasets/tanlikesmath/the-oxfordiiit-pet-dataset/images/Russian_Blue_74.jpg,Russian_Blue,cat,9
/kaggle/input/datasets/tanlikesmath/the-oxfordiiit-pet-dataset/images/keeshond_73.jpg,keeshond,dog,24
/kaggle/input/datasets/tanlikesmath/the-oxfordiiit-pet-dataset/images/staffordshire_bull_terrier_191.jpg,staffordshire_bull_terrier,dog,34
/kaggle/input/datasets/tanlikesmath/the-oxfordiiit-pet-dataset/images/leonberger_104.jpg,leonberger,dog,25
/kaggle/input/datasets/tanlikesmath/the-oxfordiiit-pet-dataset/images/Ragdoll_260.jpg,Ragdoll,cat,8
/kaggle/input/datasets/tanlikesmath/the-oxfordiiit-pet-dataset/images/Maine_Coon_168.jpg,Maine_Coon,cat,6
/kaggle/input/datasets/tanlikesmath/the-oxfordiiit-pet-dataset/images/shiba_inu_193.jpg,shiba_inu,dog,33
/kaggle/input/datasets/tanlikesmath/the-oxfordiiit-pet-dataset/images/beagle_186.jpg,beagle,dog,15
/kaggle/input/datasets/tanlikesmath/the-oxfordiiit-pet-dataset/images/Russian_Blue_205.jpg,Russian_Blue,cat,9
/kaggle/input/datasets/tanlikesmath/the-oxfordiiit-pet-dataset/images/Russian_Blue_198.jpg,Russian_Blue,cat,9
/kaggle/input/datasets/tanlikesmath/the-oxfordiiit-pet-dataset/images/japanese_chin_120.jpg,japanese_chin,dog,23
/kaggle/input/datasets/tanlikesmath/the-oxfordiiit-pet-dataset/images/Egyptian_Mau_102.jpg,Egyptian_Mau,cat,5
/kaggle/input/datasets/tanlikesmath/the-oxfordiiit-pet-dataset/images/Maine_Coon_99.jpg,Maine_Coon,cat,6
/kaggle/input/datasets/tanlikesmath/the-oxfordiiit-pet-dataset/images/german_shorthaired_169.jpg,german_shorthaired,dog,20
/kaggle/input/datasets/tanlikesmath/the-oxfordiiit-pet-dataset/images/Ragdoll_180.jpg,Ragdoll,cat,8
/kaggle/input/datasets/tanlikesmath/the-oxfordiiit-pet-dataset/images/Bengal_132.jpg,Bengal,cat,1
/kaggle/input/datasets/tanlikesmath/the-oxfordiiit-pet-dataset/images/scottish_terrier_46.jpg,scottish_terrier,dog,32
/kaggle/input/datasets/tanlikesmath/the-oxfordiiit-pet-dataset/images/Sphynx_105.jpg,Sphynx,cat,11
/kaggle/input/datasets/tanlikesmath/the-oxfordiiit-pet-dataset/images/Siamese_131.jpg,Siamese,cat,10
/kaggle/input/datasets/tanlikesmath/the-oxfordiiit-pet-dataset/images/chihuahua_109.jpg,chihuahua,dog,17
/kaggle/input/datasets/tanlikesmath/the-oxfordiiit-pet-dataset/images/Bengal_148.jpg,Bengal,cat,1
/kaggle/input/datasets/tanlikesmath/the-oxfordiiit-pet-dataset/images/great_pyrenees_146.jpg,great_pyrenees,dog,21
/kaggle/input/datasets/tanlikesmath/the-oxfordiiit-pet-dataset/images/great_pyrenees_95.jpg,great_pyrenees,dog,21
/kaggle/input/datasets/tanlikesmath/the-oxfordiiit-pet-dataset/images/Birman_31.jpg,Birman,cat,2
/kaggle/input/datasets/tanlikesmath/the-oxfordiiit-pet-dataset/images/boxer_150.jpg,boxer,dog,16
/kaggle/input/datasets/tanlikesmath/the-oxfordiiit-pet-dataset/images/wheaten_terrier_84.jpg,wheaten_terrier,dog,35
/kaggle/input/datasets/tanlikesmath/the-oxfordiiit-pet-dataset/images/British_Shorthair_177.jpg,British_Shorthair,cat,4
/kaggle/input/datasets/tanlikesmath/the-oxfordiiit-pet-dataset/images/Persian_42.jpg,Persian,cat,7
/kaggle/input/datasets/tanlikesmath/the-oxfordiiit-pet-dataset/images/miniature_pinscher_191.jpg,miniature_pinscher,dog,26
/kaggle/input/datasets/tanlikesmath/the-oxfordiiit-pet-dataset/images/german_shorthaired_195.jpg,german_shorthaired,dog,20
/kaggle/input/datasets/tanlikesmath/the-oxfordiiit-pet-dataset/images/Russian_Blue_28.jpg,Russian_Blue,cat,9
/kaggle/input/datasets/tanlikesmath/the-oxfordiiit-pet-dataset/images/american_bulldog_174.jpg,american_bulldog,dog,12
/kaggle/input/datasets/tanlikesmath/the-oxfordiiit-pet-dataset/images/Ragdoll_26.jpg,Ragdoll,cat,8
/kaggle/input/datasets/tanlikesmath/the-oxfordiiit-pet-dataset/images/Abyssinian_143.jpg,Abyssinian,cat,0
/kaggle/input/datasets/tanlikesmath/the-oxfordiiit-pet-dataset/images/shiba_inu_65.jpg,shiba_inu,dog,33
/kaggle/input/datasets/tanlikesmath/the-oxfordiiit-pet-dataset/images/wheaten_terrier_113.jpg,wheaten_terrier,dog,35
/kaggle/input/datasets/tanlikesmath/the-oxfordiiit-pet-dataset/images/Abyssinian_47.jpg,Abyssinian,cat,0
/kaggle/input/datasets/tanlikesmath/the-oxfordiiit-pet-dataset/images/pomeranian_126.jpg,pomeranian,dog,28
/kaggle/input/datasets/tanlikesmath/the-oxfordiiit-pet-dataset/images/newfoundland_130.jpg,newfoundland,dog,27
/kaggle/input/datasets/tanlikesmath/the-oxfordiiit-pet-dataset/images/pomeranian_54.jpg,pomeranian,dog,28
/kaggle/input/datasets/tanlikesmath/the-oxfordiiit-pet-dataset/images/newfoundland_127.jpg,newfoundland,dog,27
/kaggle/input/datasets/tanlikesmath/the-oxfordiiit-pet-dataset/images/keeshond_10.jpg,keeshond,dog,24
/kaggle/input/datasets/tanlikesmath/the-oxfordiiit-pet-dataset/images/Siamese_58.jpg,Siamese,cat,10
/kaggle/input/datasets/tanlikesmath/the-oxfordiiit-pet-dataset/images/Egyptian_Mau_192.jpg,Egyptian_Mau,cat,5
/kaggle/input/datasets/tanlikesmath/the-oxfordiiit-pet-dataset/images/Bengal_179.jpg,Bengal,cat,1
/kaggle/input/datasets/tanlikesmath/the-oxfordiiit-pet-dataset/images/Bombay_210.jpg,Bombay,cat,3
/kaggle/input/datasets/tanlikesmath/the-oxfordiiit-pet-dataset/images/german_shorthaired_160.jpg,german_shorthaired,dog,20
/kaggle/input/datasets/tanlikesmath/the-oxfordiiit-pet-dataset/images/Abyssinian_149.jpg,Abyssinian,cat,0
/kaggle/input/datasets/tanlikesmath/the-oxfordiiit-pet-dataset/images/Persian_5.jpg,Persian,cat,7
/kaggle/input/datasets/tanlikesmath/the-oxfordiiit-pet-dataset/images/leonberger_51.jpg,leonberger,dog,25
/kaggle/input/datasets/tanlikesmath/the-oxfordiiit-pet-dataset/images/havanese_173.jpg,havanese,dog,22
/kaggle/input/datasets/tanlikesmath/the-oxfordiiit-pet-dataset/images/boxer_3.jpg,boxer,dog,16
/kaggle/input/datasets/tanlikesmath/the-oxfordiiit-pet-dataset/images/basset_hound_42.jpg,basset_hound,dog,14
/kaggle/input/datasets/tanlikesmath/the-oxfordiiit-pet-dataset/images/basset_hound_67.jpg,basset_hound,dog,14
/kaggle/input/datasets/tanlikesmath/the-oxfordiiit-pet-dataset/images/yorkshire_terrier_95.jpg,yorkshire_terrier,dog,36
/kaggle/input/datasets/tanlikesmath/the-oxfordiiit-pet-dataset/images/german_shorthaired_71.jpg,german_shorthaired,dog,20
/kaggle/input/datasets/tanlikesmath/the-oxfordiiit-pet-dataset/images/keeshond_12.jpg,keeshond,dog,24
/kaggle/input/datasets/tanlikesmath/the-oxfordiiit-pet-dataset/images/keeshond_27.jpg,keeshond,dog,24
/kaggle/input/datasets/tanlikesmath/the-oxfordiiit-pet-dataset/images/keeshond_131.jpg,keeshond,dog,24
/kaggle/input/datasets/tanlikesmath/the-oxfordiiit-pet-dataset/images/havanese_93.jpg,havanese,dog,22
/kaggle/input/datasets/tanlikesmath/the-oxfordiiit-pet-dataset/images/japanese_chin_38.jpg,japanese_chin,dog,23
/kaggle/input/datasets/tanlikesmath/the-oxfordiiit-pet-dataset/images/american_pit_bull_terrier_15.jpg,american_pit_bull_terrier,dog,13
/kaggle/input/datasets/tanlikesmath/the-oxfordiiit-pet-dataset/images/Abyssinian_79.jpg,Abyssinian,cat,0
/kaggle/input/datasets/tanlikesmath/the-oxfordiiit-pet-dataset/images/havanese_5.jpg,havanese,dog,22
/kaggle/input/datasets/tanlikesmath/the-oxfordiiit-pet-dataset/images/pug_99.jpg,pug,dog,29
/kaggle/input/datasets/tanlikesmath/the-oxfordiiit-pet-dataset/images/pomeranian_8.jpg,pomeranian,dog,28
/kaggle/input/datasets/tanlikesmath/the-oxfordiiit-pet-dataset/images/shiba_inu_180.jpg,shiba_inu,dog,33
/kaggle/input/datasets/tanlikesmath/the-oxfordiiit-pet-dataset/images/japanese_chin_143.jpg,japanese_chin,dog,23
/kaggle/input/datasets/tanlikesmath/the-oxfordiiit-pet-dataset/images/Birman_104.jpg,Birman,cat,2
/kaggle/input/datasets/tanlikesmath/the-oxfordiiit-pet-dataset/images/japanese_chin_61.jpg,japanese_chin,dog,23
/kaggle/input/datasets/tanlikesmath/the-oxfordiiit-pet-dataset/images/staffordshire_bull_terrier_47.jpg,staffordshire_bull_terrier,dog,34
/kaggle/input/datasets/tanlikesmath/the-oxfordiiit-pet-dataset/images/Abyssinian_191.jpg,Abyssinian,cat,0
/kaggle/input/datasets/tanlikesmath/the-oxfordiiit-pet-dataset/images/havanese_44.jpg,havanese,dog,22
/kaggle/input/datasets/tanlikesmath/the-oxfordiiit-pet-dataset/images/Persian_262.jpg,Persian,cat,7
/kaggle/input/datasets/tanlikesmath/the-oxfordiiit-pet-dataset/images/Ragdoll_72.jpg,Ragdoll,cat,8
/kaggle/input/datasets/tanlikesmath/the-oxfordiiit-pet-dataset/images/havanese_149.jpg,havanese,dog,22
/kaggle/input/datasets/tanlikesmath/the-oxfordiiit-pet-dataset/images/american_pit_bull_terrier_127.jpg,american_pit_bull_terrier,dog,13
/kaggle/input/datasets/tanlikesmath/the-oxfordiiit-pet-dataset/images/great_pyrenees_171.jpg,great_pyrenees,dog,21
/kaggle/input/datasets/tanlikesmath/the-oxfordiiit-pet-dataset/images/Egyptian_Mau_118.jpg,Egyptian_Mau,cat,5
/kaggle/input/datasets/tanlikesmath/the-oxfordiiit-pet-dataset/images/english_cocker_spaniel_126.jpg,english_cocker_spaniel,dog,18
/kaggle/input/datasets/tanlikesmath/the-oxfordiiit-pet-dataset/images/japanese_chin_81.jpg,japanese_chin,dog,23
/kaggle/input/datasets/tanlikesmath/the-oxfordiiit-pet-dataset/images/Russian_Blue_80.jpg,Russian_Blue,cat,9
/kaggle/input/datasets/tanlikesmath/the-oxfordiiit-pet-dataset/images/beagle_121.jpg,beagle,dog,15
/kaggle/input/datasets/tanlikesmath/the-oxfordiiit-pet-dataset/images/samoyed_10.jpg,samoyed,dog,31
/kaggle/input/datasets/tanlikesmath/the-oxfordiiit-pet-dataset/images/scottish_terrier_192.jpg,scottish_terrier,dog,32
/kaggle/input/datasets/tanlikesmath/the-oxfordiiit-pet-dataset/images/boxer_62.jpg,boxer,dog,16
/kaggle/input/datasets/tanlikesmath/the-oxfordiiit-pet-dataset/images/Siamese_26.jpg,Siamese,cat,10
/kaggle/input/datasets/tanlikesmath/the-oxfordiiit-pet-dataset/images/saint_bernard_173.jpg,saint_bernard,dog,30
/kaggle/input/datasets/tanlikesmath/the-oxfordiiit-pet-dataset/images/american_bulldog_57.jpg,american_bulldog,dog,12
/kaggle/input/datasets/tanlikesmath/the-oxfordiiit-pet-dataset/images/german_shorthaired_130.jpg,german_shorthaired,dog,20
/kaggle/input/datasets/tanlikesmath/the-oxfordiiit-pet-dataset/images/beagle_59.jpg,beagle,dog,15
/kaggle/input/datasets/tanlikesmath/the-oxfordiiit-pet-dataset/images/Russian_Blue_33.jpg,Russian_Blue,cat,9
/kaggle/input/datasets/tanlikesmath/the-oxfordiiit-pet-dataset/images/wheaten_terrier_106.jpg,wheaten_terrier,dog,35
/kaggle/input/datasets/tanlikesmath/the-oxfordiiit-pet-dataset/images/pomeranian_52.jpg,pomeranian,dog,28
/kaggle/input/datasets/tanlikesmath/the-oxfordiiit-pet-dataset/images/Bombay_107.jpg,Bombay,cat,3
/kaggle/input/datasets/tanlikesmath/the-oxfordiiit-pet-dataset/images/american_bulldog_50.jpg,american_bulldog,dog,12
/kaggle/input/datasets/tanlikesmath/the-oxfordiiit-pet-dataset/images/wheaten_terrier_147.jpg,wheaten_terrier,dog,35
/kaggle/input/datasets/tanlikesmath/the-oxfordiiit-pet-dataset/images/american_pit_bull_terrier_136.jpg,american_pit_bull_terrier,dog,13
/kaggle/input/datasets/tanlikesmath/the-oxfordiiit-pet-dataset/images/boxer_8.jpg,boxer,dog,16
/kaggle/input/datasets/tanlikesmath/the-oxfordiiit-pet-dataset/images/Maine_Coon_8.jpg,Maine_Coon,cat,6
/kaggle/input/datasets/tanlikesmath/the-oxfordiiit-pet-dataset/images/wheaten_terrier_7.jpg,wheaten_terrier,dog,35
/kaggle/input/datasets/tanlikesmath/the-oxfordiiit-pet-dataset/images/Russian_Blue_196.jpg,Russian_Blue,cat,9
/kaggle/input/datasets/tanlikesmath/the-oxfordiiit-pet-dataset/images/boxer_49.jpg,boxer,dog,16
/kaggle/input/datasets/tanlikesmath/the-oxfordiiit-pet-dataset/images/Egyptian_Mau_165.jpg,Egyptian_Mau,cat,5
/kaggle/input/datasets/tanlikesmath/the-oxfordiiit-pet-dataset/images/scottish_terrier_166.jpg,scottish_terrier,dog,32
/kaggle/input/datasets/tanlikesmath/the-oxfordiiit-pet-dataset/images/great_pyrenees_66.jpg,great_pyrenees,dog,21
/kaggle/input/datasets/tanlikesmath/the-oxfordiiit-pet-dataset/images/Abyssinian_220.jpg,Abyssinian,cat,0
/kaggle/input/datasets/tanlikesmath/the-oxfordiiit-pet-dataset/images/saint_bernard_200.jpg,saint_bernard,dog,30
/kaggle/input/datasets/tanlikesmath/the-oxfordiiit-pet-dataset/images/german_shorthaired_32.jpg,german_shorthaired,dog,20
/kaggle/input/datasets/tanlikesmath/the-oxfordiiit-pet-dataset/images/basset_hound_54.jpg,basset_hound,dog,14
/kaggle/input/datasets/tanlikesmath/the-oxfordiiit-pet-dataset/images/samoyed_25.jpg,samoyed,dog,31
/kaggle/input/datasets/tanlikesmath/the-oxfordiiit-pet-dataset/images/Bombay_40.jpg,Bombay,cat,3
/kaggle/input/datasets/tanlikesmath/the-oxfordiiit-pet-dataset/images/havanese_55.jpg,havanese,dog,22
/kaggle/input/datasets/tanlikesmath/the-oxfordiiit-pet-dataset/images/Birman_151.jpg,Birman,cat,2
/kaggle/input/datasets/tanlikesmath/the-oxfordiiit-pet-dataset/images/Maine_Coon_124.jpg,Maine_Coon,cat,6
/kaggle/input/datasets/tanlikesmath/the-oxfordiiit-pet-dataset/images/german_shorthaired_196.jpg,german_shorthaired,dog,20
/kaggle/input/datasets/tanlikesmath/the-oxfordiiit-pet-dataset/images/chihuahua_7.jpg,chihuahua,dog,17
/kaggle/input/datasets/tanlikesmath/the-oxfordiiit-pet-dataset/images/Siamese_216.jpg,Siamese,cat,10
/kaggle/input/datasets/tanlikesmath/the-oxfordiiit-pet-dataset/images/miniature_pinscher_47.jpg,miniature_pinscher,dog,26
/kaggle/input/datasets/tanlikesmath/the-oxfordiiit-pet-dataset/images/Maine_Coon_10.jpg,Maine_Coon,cat,6
/kaggle/input/datasets/tanlikesmath/the-oxfordiiit-pet-dataset/images/Sphynx_168.jpg,Sphynx,cat,11
/kaggle/input/datasets/tanlikesmath/the-oxfordiiit-pet-dataset/images/Ragdoll_127.jpg,Ragdoll,cat,8
/kaggle/input/datasets/tanlikesmath/the-oxfordiiit-pet-dataset/images/keeshond_127.jpg,keeshond,dog,24
/kaggle/input/datasets/tanlikesmath/the-oxfordiiit-pet-dataset/images/Maine_Coon_158.jpg,Maine_Coon,cat,6
/kaggle/input/datasets/tanlikesmath/the-oxfordiiit-pet-dataset/images/great_pyrenees_180.jpg,great_pyrenees,dog,21
/kaggle/input/datasets/tanlikesmath/the-oxfordiiit-pet-dataset/images/pug_48.jpg,pug,dog,29
/kaggle/input/datasets/tanlikesmath/the-oxfordiiit-pet-dataset/images/keeshond_79.jpg,keeshond,dog,24
/kaggle/input/datasets/tanlikesmath/the-oxfordiiit-pet-dataset/images/pomeranian_149.jpg,pomeranian,dog,28
/kaggle/input/datasets/tanlikesmath/the-oxfordiiit-pet-dataset/images/pug_62.jpg,pug,dog,29
/kaggle/input/datasets/tanlikesmath/the-oxfordiiit-pet-dataset/images/staffordshire_bull_terrier_7.jpg,staffordshire_bull_terrier,dog,34
/kaggle/input/datasets/tanlikesmath/the-oxfordiiit-pet-dataset/images/english_cocker_spaniel_143.jpg,english_cocker_spaniel,dog,18
/kaggle/input/datasets/tanlikesmath/the-oxfordiiit-pet-dataset/images/pug_145.jpg,pug,dog,29
/kaggle/input/datasets/tanlikesmath/the-oxfordiiit-pet-dataset/images/Siamese_110.jpg,Siamese,cat,10
/kaggle/input/datasets/tanlikesmath/the-oxfordiiit-pet-dataset/images/Birman_88.jpg,Birman,cat,2
/kaggle/input/datasets/tanlikesmath/the-oxfordiiit-pet-dataset/images/basset_hound_61.jpg,basset_hound,dog,14
/kaggle/input/datasets/tanlikesmath/the-oxfordiiit-pet-dataset/images/english_cocker_spaniel_161.jpg,english_cocker_spaniel,dog,18
/kaggle/input/datasets/tanlikesmath/the-oxfordiiit-pet-dataset/images/havanese_9.jpg,havanese,dog,22
/kaggle/input/datasets/tanlikesmath/the-oxfordiiit-pet-dataset/images/pug_176.jpg,pug,dog,29
/kaggle/input/datasets/tanlikesmath/the-oxfordiiit-pet-dataset/images/pug_197.jpg,pug,dog,29
/kaggle/input/datasets/tanlikesmath/the-oxfordiiit-pet-dataset/images/american_pit_bull_terrier_172.jpg,american_pit_bull_terrier,dog,13
/kaggle/input/datasets/tanlikesmath/the-oxfordiiit-pet-dataset/images/Bombay_194.jpg,Bombay,cat,3
/kaggle/input/datasets/tanlikesmath/the-oxfordiiit-pet-dataset/images/wheaten_terrier_161.jpg,wheaten_terrier,dog,35
/kaggle/input/datasets/tanlikesmath/the-oxfordiiit-pet-dataset/images/english_cocker_spaniel_135.jpg,english_cocker_spaniel,dog,18
/kaggle/input/datasets/tanlikesmath/the-oxfordiiit-pet-dataset/images/great_pyrenees_4.jpg,great_pyrenees,dog,21
/kaggle/input/datasets/tanlikesmath/the-oxfordiiit-pet-dataset/images/pug_45.jpg,pug,dog,29
/kaggle/input/datasets/tanlikesmath/the-oxfordiiit-pet-dataset/images/chihuahua_61.jpg,chihuahua,dog,17
/kaggle/input/datasets/tanlikesmath/the-oxfordiiit-pet-dataset/images/yorkshire_terrier_114.jpg,yorkshire_terrier,dog,36
/kaggle/input/datasets/tanlikesmath/the-oxfordiiit-pet-dataset/images/pomeranian_167.jpg,pomeranian,dog,28
/kaggle/input/datasets/tanlikesmath/the-oxfordiiit-pet-dataset/images/german_shorthaired_46.jpg,german_shorthaired,dog,20
/kaggle/input/datasets/tanlikesmath/the-oxfordiiit-pet-dataset/images/pug_21.jpg,pug,dog,29
/kaggle/input/datasets/tanlikesmath/the-oxfordiiit-pet-dataset/images/Bombay_78.jpg,Bombay,cat,3
/kaggle/input/datasets/tanlikesmath/the-oxfordiiit-pet-dataset/images/chihuahua_173.jpg,chihuahua,dog,17
/kaggle/input/datasets/tanlikesmath/the-oxfordiiit-pet-dataset/images/chihuahua_131.jpg,chihuahua,dog,17
/kaggle/input/datasets/tanlikesmath/the-oxfordiiit-pet-dataset/images/Siamese_36.jpg,Siamese,cat,10
/kaggle/input/datasets/tanlikesmath/the-oxfordiiit-pet-dataset/images/wheaten_terrier_119.jpg,wheaten_terrier,dog,35
/kaggle/input/datasets/tanlikesmath/the-oxfordiiit-pet-dataset/images/Ragdoll_126.jpg,Ragdoll,cat,8
/kaggle/input/datasets/tanlikesmath/the-oxfordiiit-pet-dataset/images/Bengal_187.jpg,Bengal,cat,1
/kaggle/input/datasets/tanlikesmath/the-oxfordiiit-pet-dataset/images/Birman_106.jpg,Birman,cat,2
/kaggle/input/datasets/tanlikesmath/the-oxfordiiit-pet-dataset/images/newfoundland_191.jpg,newfoundland,dog,27
/kaggle/input/datasets/tanlikesmath/the-oxfordiiit-pet-dataset/images/Birman_147.jpg,Birman,cat,2
/kaggle/input/datasets/tanlikesmath/the-oxfordiiit-pet-dataset/images/Abyssinian_154.jpg,Abyssinian,cat,0
/kaggle/input/datasets/tanlikesmath/the-oxfordiiit-pet-dataset/images/saint_bernard_23.jpg,saint_bernard,dog,30
/kaggle/input/datasets/tanlikesmath/the-oxfordiiit-pet-dataset/images/basset_hound_82.jpg,basset_hound,dog,14
/kaggle/input/datasets/tanlikesmath/the-oxfordiiit-pet-dataset/images/saint_bernard_32.jpg,saint_bernard,dog,30
/kaggle/input/datasets/tanlikesmath/the-oxfordiiit-pet-dataset/images/Russian_Blue_236.jpg,Russian_Blue,cat,9
/kaggle/input/datasets/tanlikesmath/the-oxfordiiit-pet-dataset/images/pug_139.jpg,pug,dog,29
/kaggle/input/datasets/tanlikesmath/the-oxfordiiit-pet-dataset/images/keeshond_69.jpg,keeshond,dog,24
/kaggle/input/datasets/tanlikesmath/the-oxfordiiit-pet-dataset/images/newfoundland_176.jpg,newfoundland,dog,27
/kaggle/input/datasets/tanlikesmath/the-oxfordiiit-pet-dataset/images/Abyssinian_197.jpg,Abyssinian,cat,0
/kaggle/input/datasets/tanlikesmath/the-oxfordiiit-pet-dataset/images/Abyssinian_185.jpg,Abyssinian,cat,0
/kaggle/input/datasets/tanlikesmath/the-oxfordiiit-pet-dataset/images/english_cocker_spaniel_117.jpg,english_cocker_spaniel,dog,18
/kaggle/input/datasets/tanlikesmath/the-oxfordiiit-pet-dataset/images/miniature_pinscher_146.jpg,miniature_pinscher,dog,26
/kaggle/input/datasets/tanlikesmath/the-oxfordiiit-pet-dataset/images/Maine_Coon_36.jpg,Maine_Coon,cat,6
/kaggle/input/datasets/tanlikesmath/the-oxfordiiit-pet-dataset/images/pug_170.jpg,pug,dog,29
/kaggle/input/datasets/tanlikesmath/the-oxfordiiit-pet-dataset/images/Maine_Coon_174.jpg,Maine_Coon,cat,6
/kaggle/input/datasets/tanlikesmath/the-oxfordiiit-pet-dataset/images/american_bulldog_99.jpg,american_bulldog,dog,12
/kaggle/input/datasets/tanlikesmath/the-oxfordiiit-pet-dataset/images/staffordshire_bull_terrier_111.jpg,staffordshire_bull_terrier,dog,34
/kaggle/input/datasets/tanlikesmath/the-oxfordiiit-pet-dataset/images/havanese_195.jpg,havanese,dog,22
/kaggle/input/datasets/tanlikesmath/the-oxfordiiit-pet-dataset/images/shiba_inu_190.jpg,shiba_inu,dog,33
/kaggle/input/datasets/tanlikesmath/the-oxfordiiit-pet-dataset/images/Russian_Blue_147.jpg,Russian_Blue,cat,9
/kaggle/input/datasets/tanlikesmath/the-oxfordiiit-pet-dataset/images/staffordshire_bull_terrier_196.jpg,staffordshire_bull_terrier,dog,34
/kaggle/input/datasets/tanlikesmath/the-oxfordiiit-pet-dataset/images/newfoundland_117.jpg,newfoundland,dog,27
/kaggle/input/datasets/tanlikesmath/the-oxfordiiit-pet-dataset/images/english_cocker_spaniel_166.jpg,english_cocker_spaniel,dog,18
/kaggle/input/datasets/tanlikesmath/the-oxfordiiit-pet-dataset/images/British_Shorthair_197.jpg,British_Shorthair,cat,4
/kaggle/input/datasets/tanlikesmath/the-oxfordiiit-pet-dataset/images/english_setter_171.jpg,english_setter,dog,19
/kaggle/input/datasets/tanlikesmath/the-oxfordiiit-pet-dataset/images/Russian_Blue_104.jpg,Russian_Blue,cat,9
/kaggle/input/datasets/tanlikesmath/the-oxfordiiit-pet-dataset/images/boxer_2.jpg,boxer,dog,16
/kaggle/input/datasets/tanlikesmath/the-oxfordiiit-pet-dataset/images/Bombay_170.jpg,Bombay,cat,3
/kaggle/input/datasets/tanlikesmath/the-oxfordiiit-pet-dataset/images/Birman_102.jpg,Birman,cat,2
/kaggle/input/datasets/tanlikesmath/the-oxfordiiit-pet-dataset/images/beagle_28.jpg,beagle,dog,15
/kaggle/input/datasets/tanlikesmath/the-oxfordiiit-pet-dataset/images/chihuahua_42.jpg,chihuahua,dog,17
/kaggle/input/datasets/tanlikesmath/the-oxfordiiit-pet-dataset/images/Abyssinian_132.jpg,Abyssinian,cat,0
/kaggle/input/datasets/tanlikesmath/the-oxfordiiit-pet-dataset/images/Siamese_82.jpg,Siamese,cat,10
/kaggle/input/datasets/tanlikesmath/the-oxfordiiit-pet-dataset/images/english_setter_170.jpg,english_setter,dog,19
/kaggle/input/datasets/tanlikesmath/the-oxfordiiit-pet-dataset/images/Birman_14.jpg,Birman,cat,2
/kaggle/input/datasets/tanlikesmath/the-oxfordiiit-pet-dataset/images/Persian_98.jpg,Persian,cat,7
/kaggle/input/datasets/tanlikesmath/the-oxfordiiit-pet-dataset/images/Egyptian_Mau_12.jpg,Egyptian_Mau,cat,5
/kaggle/input/datasets/tanlikesmath/the-oxfordiiit-pet-dataset/images/english_cocker_spaniel_8.jpg,english_cocker_spaniel,dog,18
/kaggle/input/datasets/tanlikesmath/the-oxfordiiit-pet-dataset/images/great_pyrenees_64.jpg,great_pyrenees,dog,21
/kaggle/input/datasets/tanlikesmath/the-oxfordiiit-pet-dataset/images/leonberger_43.jpg,leonberger,dog,25
/kaggle/input/datasets/tanlikesmath/the-oxfordiiit-pet-dataset/images/german_shorthaired_116.jpg,german_shorthaired,dog,20
/kaggle/input/datasets/tanlikesmath/the-oxfordiiit-pet-dataset/images/newfoundland_8.jpg,newfoundland,dog,27
/kaggle/input/datasets/tanlikesmath/the-oxfordiiit-pet-dataset/images/leonberger_66.jpg,leonberger,dog,25
/kaggle/input/datasets/tanlikesmath/the-oxfordiiit-pet-dataset/images/english_cocker_spaniel_148.jpg,english_cocker_spaniel,dog,18
/kaggle/input/datasets/tanlikesmath/the-oxfordiiit-pet-dataset/images/english_setter_72.jpg,english_setter,dog,19
/kaggle/input/datasets/tanlikesmath/the-oxfordiiit-pet-dataset/images/Sphynx_31.jpg,Sphynx,cat,11
/kaggle/input/datasets/tanlikesmath/the-oxfordiiit-pet-dataset/images/Abyssinian_6.jpg,Abyssinian,cat,0
/kaggle/input/datasets/tanlikesmath/the-oxfordiiit-pet-dataset/images/scottish_terrier_158.jpg,scottish_terrier,dog,32
/kaggle/input/datasets/tanlikesmath/the-oxfordiiit-pet-dataset/images/miniature_pinscher_200.jpg,miniature_pinscher,dog,26
/kaggle/input/datasets/tanlikesmath/the-oxfordiiit-pet-dataset/images/boxer_199.jpg,boxer,dog,16
/kaggle/input/datasets/tanlikesmath/the-oxfordiiit-pet-dataset/images/saint_bernard_81.jpg,saint_bernard,dog,30
/kaggle/input/datasets/tanlikesmath/the-oxfordiiit-pet-dataset/images/Sphynx_223.jpg,Sphynx,cat,11
/kaggle/input/datasets/tanlikesmath/the-oxfordiiit-pet-dataset/images/yorkshire_terrier_121.jpg,yorkshire_terrier,dog,36
/kaggle/input/datasets/tanlikesmath/the-oxfordiiit-pet-dataset/images/yorkshire_terrier_196.jpg,yorkshire_terrier,dog,36
/kaggle/input/datasets/tanlikesmath/the-oxfordiiit-pet-dataset/images/pug_5.jpg,pug,dog,29
/kaggle/input/datasets/tanlikesmath/the-oxfordiiit-pet-dataset/images/pomeranian_27.jpg,pomeranian,dog,28
/kaggle/input/datasets/tanlikesmath/the-oxfordiiit-pet-dataset/images/american_pit_bull_terrier_94.jpg,american_pit_bull_terrier,dog,13
/kaggle/input/datasets/tanlikesmath/the-oxfordiiit-pet-dataset/images/Abyssinian_26.jpg,Abyssinian,cat,0
/kaggle/input/datasets/tanlikesmath/the-oxfordiiit-pet-dataset/images/Bengal_60.jpg,Bengal,cat,1
/kaggle/input/datasets/tanlikesmath/the-oxfordiiit-pet-dataset/images/Birman_83.jpg,Birman,cat,2
/kaggle/input/datasets/tanlikesmath/the-oxfordiiit-pet-dataset/images/newfoundland_34.jpg,newfoundland,dog,27
/kaggle/input/datasets/tanlikesmath/the-oxfordiiit-pet-dataset/images/newfoundland_199.jpg,newfoundland,dog,27
/kaggle/input/datasets/tanlikesmath/the-oxfordiiit-pet-dataset/images/Abyssinian_112.jpg,Abyssinian,cat,0
/kaggle/input/datasets/tanlikesmath/the-oxfordiiit-pet-dataset/images/pug_163.jpg,pug,dog,29
/kaggle/input/datasets/tanlikesmath/the-oxfordiiit-pet-dataset/images/basset_hound_62.jpg,basset_hound,dog,14
/kaggle/input/datasets/tanlikesmath/the-oxfordiiit-pet-dataset/images/great_pyrenees_142.jpg,great_pyrenees,dog,21
/kaggle/input/datasets/tanlikesmath/the-oxfordiiit-pet-dataset/images/wheaten_terrier_183.jpg,wheaten_terrier,dog,35
/kaggle/input/datasets/tanlikesmath/the-oxfordiiit-pet-dataset/images/great_pyrenees_34.jpg,great_pyrenees,dog,21
/kaggle/input/datasets/tanlikesmath/the-oxfordiiit-pet-dataset/images/shiba_inu_62.jpg,shiba_inu,dog,33
/kaggle/input/datasets/tanlikesmath/the-oxfordiiit-pet-dataset/images/newfoundland_76.jpg,newfoundland,dog,27
/kaggle/input/datasets/tanlikesmath/the-oxfordiiit-pet-dataset/images/pug_84.jpg,pug,dog,29
/kaggle/input/datasets/tanlikesmath/the-oxfordiiit-pet-dataset/images/wheaten_terrier_68.jpg,wheaten_terrier,dog,35
/kaggle/input/datasets/tanlikesmath/the-oxfordiiit-pet-dataset/images/keeshond_152.jpg,keeshond,dog,24
/kaggle/input/datasets/tanlikesmath/the-oxfordiiit-pet-dataset/images/shiba_inu_89.jpg,shiba_inu,dog,33
/kaggle/input/datasets/tanlikesmath/the-oxfordiiit-pet-dataset/images/beagle_73.jpg,beagle,dog,15
/kaggle/input/datasets/tanlikesmath/the-oxfordiiit-pet-dataset/images/newfoundland_88.jpg,newfoundland,dog,27
/kaggle/input/datasets/tanlikesmath/the-oxfordiiit-pet-dataset/images/pug_76.jpg,pug,dog,29
/kaggle/input/datasets/tanlikesmath/the-oxfordiiit-pet-dataset/images/pomeranian_161.jpg,pomeranian,dog,28
/kaggle/input/datasets/tanlikesmath/the-oxfordiiit-pet-dataset/images/Bengal_6.jpg,Bengal,cat,1
/kaggle/input/datasets/tanlikesmath/the-oxfordiiit-pet-dataset/images/shiba_inu_19.jpg,shiba_inu,dog,33
/kaggle/input/datasets/tanlikesmath/the-oxfordiiit-pet-dataset/images/British_Shorthair_209.jpg,British_Shorthair,cat,4
/kaggle/input/datasets/tanlikesmath/the-oxfordiiit-pet-dataset/images/havanese_117.jpg,havanese,dog,22
/kaggle/input/datasets/tanlikesmath/the-oxfordiiit-pet-dataset/images/chihuahua_168.jpg,chihuahua,dog,17
/kaggle/input/datasets/tanlikesmath/the-oxfordiiit-pet-dataset/images/Ragdoll_204.jpg,Ragdoll,cat,8
/kaggle/input/datasets/tanlikesmath/the-oxfordiiit-pet-dataset/images/pug_166.jpg,pug,dog,29
/kaggle/input/datasets/tanlikesmath/the-oxfordiiit-pet-dataset/images/samoyed_7.jpg,samoyed,dog,31
/kaggle/input/datasets/tanlikesmath/the-oxfordiiit-pet-dataset/images/pug_7.jpg,pug,dog,29
/kaggle/input/datasets/tanlikesmath/the-oxfordiiit-pet-dataset/images/Bengal_64.jpg,Bengal,cat,1
/kaggle/input/datasets/tanlikesmath/the-oxfordiiit-pet-dataset/images/chihuahua_87.jpg,chihuahua,dog,17
/kaggle/input/datasets/tanlikesmath/the-oxfordiiit-pet-dataset/images/german_shorthaired_51.jpg,german_shorthaired,dog,20
/kaggle/input/datasets/tanlikesmath/the-oxfordiiit-pet-dataset/images/Persian_49.jpg,Persian,cat,7
/kaggle/input/datasets/tanlikesmath/the-oxfordiiit-pet-dataset/images/japanese_chin_6.jpg,japanese_chin,dog,23
/kaggle/input/datasets/tanlikesmath/the-oxfordiiit-pet-dataset/images/Maine_Coon_203.jpg,Maine_Coon,cat,6
/kaggle/input/datasets/tanlikesmath/the-oxfordiiit-pet-dataset/images/saint_bernard_134.jpg,saint_bernard,dog,30
/kaggle/input/datasets/tanlikesmath/the-oxfordiiit-pet-dataset/images/german_shorthaired_119.jpg,german_shorthaired,dog,20
/kaggle/input/datasets/tanlikesmath/the-oxfordiiit-pet-dataset/images/Sphynx_39.jpg,Sphynx,cat,11
/kaggle/input/datasets/tanlikesmath/the-oxfordiiit-pet-dataset/images/staffordshire_bull_terrier_69.jpg,staffordshire_bull_terrier,dog,34
/kaggle/input/datasets/tanlikesmath/the-oxfordiiit-pet-dataset/images/miniature_pinscher_65.jpg,miniature_pinscher,dog,26
/kaggle/input/datasets/tanlikesmath/the-oxfordiiit-pet-dataset/images/Bombay_175.jpg,Bombay,cat,3
/kaggle/input/datasets/tanlikesmath/the-oxfordiiit-pet-dataset/images/Russian_Blue_89.jpg,Russian_Blue,cat,9
/kaggle/input/datasets/tanlikesmath/the-oxfordiiit-pet-dataset/images/yorkshire_terrier_140.jpg,yorkshire_terrier,dog,36
/kaggle/input/datasets/tanlikesmath/the-oxfordiiit-pet-dataset/images/newfoundland_173.jpg,newfoundland,dog,27
/kaggle/input/datasets/tanlikesmath/the-oxfordiiit-pet-dataset/images/Birman_112.jpg,Birman,cat,2
/kaggle/input/datasets/tanlikesmath/the-oxfordiiit-pet-dataset/images/pug_77.jpg,pug,dog,29
/kaggle/input/datasets/tanlikesmath/the-oxfordiiit-pet-dataset/images/staffordshire_bull_terrier_168.jpg,staffordshire_bull_terrier,dog,34
/kaggle/input/datasets/tanlikesmath/the-oxfordiiit-pet-dataset/images/boxer_194.jpg,boxer,dog,16
/kaggle/input/datasets/tanlikesmath/the-oxfordiiit-pet-dataset/images/havanese_67.jpg,havanese,dog,22
/kaggle/input/datasets/tanlikesmath/the-oxfordiiit-pet-dataset/images/Maine_Coon_21.jpg,Maine_Coon,cat,6
/kaggle/input/datasets/tanlikesmath/the-oxfordiiit-pet-dataset/images/Abyssinian_118.jpg,Abyssinian,cat,0
/kaggle/input/datasets/tanlikesmath/the-oxfordiiit-pet-dataset/images/boxer_137.jpg,boxer,dog,16
/kaggle/input/datasets/tanlikesmath/the-oxfordiiit-pet-dataset/images/Siamese_88.jpg,Siamese,cat,10
/kaggle/input/datasets/tanlikesmath/the-oxfordiiit-pet-dataset/images/Russian_Blue_174.jpg,Russian_Blue,cat,9
/kaggle/input/datasets/tanlikesmath/the-oxfordiiit-pet-dataset/images/beagle_9.jpg,beagle,dog,15
/kaggle/input/datasets/tanlikesmath/the-oxfordiiit-pet-dataset/images/samoyed_71.jpg,samoyed,dog,31
/kaggle/input/datasets/tanlikesmath/the-oxfordiiit-pet-dataset/images/yorkshire_terrier_108.jpg,yorkshire_terrier,dog,36
/kaggle/input/datasets/tanlikesmath/the-oxfordiiit-pet-dataset/images/Siamese_189.jpg,Siamese,cat,10
/kaggle/input/datasets/tanlikesmath/the-oxfordiiit-pet-dataset/images/scottish_terrier_20.jpg,scottish_terrier,dog,32
/kaggle/input/datasets/tanlikesmath/the-oxfordiiit-pet-dataset/images/yorkshire_terrier_41.jpg,yorkshire_terrier,dog,36
/kaggle/input/datasets/tanlikesmath/the-oxfordiiit-pet-dataset/images/american_pit_bull_terrier_164.jpg,american_pit_bull_terrier,dog,13
/kaggle/input/datasets/tanlikesmath/the-oxfordiiit-pet-dataset/images/boxer_64.jpg,boxer,dog,16
/kaggle/input/datasets/tanlikesmath/the-oxfordiiit-pet-dataset/images/Ragdoll_208.jpg,Ragdoll,cat,8
/kaggle/input/datasets/tanlikesmath/the-oxfordiiit-pet-dataset/images/american_bulldog_37.jpg,american_bulldog,dog,12
/kaggle/input/datasets/tanlikesmath/the-oxfordiiit-pet-dataset/images/english_cocker_spaniel_153.jpg,english_cocker_spaniel,dog,18
/kaggle/input/datasets/tanlikesmath/the-oxfordiiit-pet-dataset/images/Abyssinian_43.jpg,Abyssinian,cat,0
/kaggle/input/datasets/tanlikesmath/the-oxfordiiit-pet-dataset/images/wheaten_terrier_96.jpg,wheaten_terrier,dog,35
/kaggle/input/datasets/tanlikesmath/the-oxfordiiit-pet-dataset/images/havanese_161.jpg,havanese,dog,22
/kaggle/input/datasets/tanlikesmath/the-oxfordiiit-pet-dataset/images/staffordshire_bull_terrier_125.jpg,staffordshire_bull_terrier,dog,34
/kaggle/input/datasets/tanlikesmath/the-oxfordiiit-pet-dataset/images/British_Shorthair_87.jpg,British_Shorthair,cat,4
/kaggle/input/datasets/tanlikesmath/the-oxfordiiit-pet-dataset/images/chihuahua_21.jpg,chihuahua,dog,17
/kaggle/input/datasets/tanlikesmath/the-oxfordiiit-pet-dataset/images/keeshond_159.jpg,keeshond,dog,24
/kaggle/input/datasets/tanlikesmath/the-oxfordiiit-pet-dataset/images/Bombay_84.jpg,Bombay,cat,3
/kaggle/input/datasets/tanlikesmath/the-oxfordiiit-pet-dataset/images/Russian_Blue_207.jpg,Russian_Blue,cat,9
/kaggle/input/datasets/tanlikesmath/the-oxfordiiit-pet-dataset/images/Birman_188.jpg,Birman,cat,2
/kaggle/input/datasets/tanlikesmath/the-oxfordiiit-pet-dataset/images/Siamese_74.jpg,Siamese,cat,10
/kaggle/input/datasets/tanlikesmath/the-oxfordiiit-pet-dataset/images/miniature_pinscher_35.jpg,miniature_pinscher,dog,26
/kaggle/input/datasets/tanlikesmath/the-oxfordiiit-pet-dataset/images/British_Shorthair_113.jpg,British_Shorthair,cat,4
/kaggle/input/datasets/tanlikesmath/the-oxfordiiit-pet-dataset/images/keeshond_14.jpg,keeshond,dog,24
/kaggle/input/datasets/tanlikesmath/the-oxfordiiit-pet-dataset/images/saint_bernard_133.jpg,saint_bernard,dog,30
/kaggle/input/datasets/tanlikesmath/the-oxfordiiit-pet-dataset/images/german_shorthaired_172.jpg,german_shorthaired,dog,20
/kaggle/input/datasets/tanlikesmath/the-oxfordiiit-pet-dataset/images/Egyptian_Mau_117.jpg,Egyptian_Mau,cat,5
/kaggle/input/datasets/tanlikesmath/the-oxfordiiit-pet-dataset/images/keeshond_197.jpg,keeshond,dog,24
/kaggle/input/datasets/tanlikesmath/the-oxfordiiit-pet-dataset/images/Maine_Coon_213.jpg,Maine_Coon,cat,6
/kaggle/input/datasets/tanlikesmath/the-oxfordiiit-pet-dataset/images/american_bulldog_2.jpg,american_bulldog,dog,12
/kaggle/input/datasets/tanlikesmath/the-oxfordiiit-pet-dataset/images/Maine_Coon_100.jpg,Maine_Coon,cat,6
/kaggle/input/datasets/tanlikesmath/the-oxfordiiit-pet-dataset/images/Ragdoll_165.jpg,Ragdoll,cat,8
/kaggle/input/datasets/tanlikesmath/the-oxfordiiit-pet-dataset/images/pug_4.jpg,pug,dog,29
/kaggle/input/datasets/tanlikesmath/the-oxfordiiit-pet-dataset/images/leonberger_192.jpg,leonberger,dog,25
/kaggle/input/datasets/tanlikesmath/the-oxfordiiit-pet-dataset/images/Persian_94.jpg,Persian,cat,7
/kaggle/input/datasets/tanlikesmath/the-oxfordiiit-pet-dataset/images/staffordshire_bull_terrier_159.jpg,staffordshire_bull_terrier,dog,34
/kaggle/input/datasets/tanlikesmath/the-oxfordiiit-pet-dataset/images/american_pit_bull_terrier_154.jpg,american_pit_bull_terrier,dog,13
/kaggle/input/datasets/tanlikesmath/the-oxfordiiit-pet-dataset/images/Abyssinian_96.jpg,Abyssinian,cat,0
/kaggle/input/datasets/tanlikesmath/the-oxfordiiit-pet-dataset/images/shiba_inu_199.jpg,shiba_inu,dog,33
/kaggle/input/datasets/tanlikesmath/the-oxfordiiit-pet-dataset/images/Maine_Coon_48.jpg,Maine_Coon,cat,6
/kaggle/input/datasets/tanlikesmath/the-oxfordiiit-pet-dataset/images/german_shorthaired_34.jpg,german_shorthaired,dog,20
/kaggle/input/datasets/tanlikesmath/the-oxfordiiit-pet-dataset/images/newfoundland_155.jpg,newfoundland,dog,27
/kaggle/input/datasets/tanlikesmath/the-oxfordiiit-pet-dataset/images/British_Shorthair_32.jpg,British_Shorthair,cat,4
/kaggle/input/datasets/tanlikesmath/the-oxfordiiit-pet-dataset/images/american_pit_bull_terrier_126.jpg,american_pit_bull_terrier,dog,13
/kaggle/input/datasets/tanlikesmath/the-oxfordiiit-pet-dataset/images/pug_93.jpg,pug,dog,29
/kaggle/input/datasets/tanlikesmath/the-oxfordiiit-pet-dataset/images/Siamese_34.jpg,Siamese,cat,10
/kaggle/input/datasets/tanlikesmath/the-oxfordiiit-pet-dataset/images/Sphynx_177.jpg,Sphynx,cat,11
/kaggle/input/datasets/tanlikesmath/the-oxfordiiit-pet-dataset/images/Abyssinian_195.jpg,Abyssinian,cat,0
/kaggle/input/datasets/tanlikesmath/the-oxfordiiit-pet-dataset/images/miniature_pinscher_76.jpg,miniature_pinscher,dog,26
/kaggle/input/datasets/tanlikesmath/the-oxfordiiit-pet-dataset/images/english_cocker_spaniel_122.jpg,english_cocker_spaniel,dog,18
/kaggle/input/datasets/tanlikesmath/the-oxfordiiit-pet-dataset/images/Maine_Coon_77.jpg,Maine_Coon,cat,6
/kaggle/input/datasets/tanlikesmath/the-oxfordiiit-pet-dataset/images/american_bulldog_142.jpg,american_bulldog,dog,12
/kaggle/input/datasets/tanlikesmath/the-oxfordiiit-pet-dataset/images/miniature_pinscher_158.jpg,miniature_pinscher,dog,26
/kaggle/input/datasets/tanlikesmath/the-oxfordiiit-pet-dataset/images/boxer_132.jpg,boxer,dog,16
/kaggle/input/datasets/tanlikesmath/the-oxfordiiit-pet-dataset/images/Bombay_188.jpg,Bombay,cat,3
/kaggle/input/datasets/tanlikesmath/the-oxfordiiit-pet-dataset/images/British_Shorthair_160.jpg,British_Shorthair,cat,4
/kaggle/input/datasets/tanlikesmath/the-oxfordiiit-pet-dataset/images/scottish_terrier_43.jpg,scottish_terrier,dog,32
/kaggle/input/datasets/tanlikesmath/the-oxfordiiit-pet-dataset/images/Abyssinian_167.jpg,Abyssinian,cat,0
/kaggle/input/datasets/tanlikesmath/the-oxfordiiit-pet-dataset/images/Birman_110.jpg,Birman,cat,2
/kaggle/input/datasets/tanlikesmath/the-oxfordiiit-pet-dataset/images/Persian_62.jpg,Persian,cat,7
/kaggle/input/datasets/tanlikesmath/the-oxfordiiit-pet-dataset/images/Egyptian_Mau_89.jpg,Egyptian_Mau,cat,5
/kaggle/input/datasets/tanlikesmath/the-oxfordiiit-pet-dataset/images/British_Shorthair_265.jpg,British_Shorthair,cat,4
/kaggle/input/datasets/tanlikesmath/the-oxfordiiit-pet-dataset/images/Siamese_181.jpg,Siamese,cat,10
/kaggle/input/datasets/tanlikesmath/the-oxfordiiit-pet-dataset/images/Abyssinian_106.jpg,Abyssinian,cat,0
/kaggle/input/datasets/tanlikesmath/the-oxfordiiit-pet-dataset/images/saint_bernard_165.jpg,saint_bernard,dog,30
/kaggle/input/datasets/tanlikesmath/the-oxfordiiit-pet-dataset/images/english_cocker_spaniel_37.jpg,english_cocker_spaniel,dog,18
/kaggle/input/datasets/tanlikesmath/the-oxfordiiit-pet-dataset/images/yorkshire_terrier_47.jpg,yorkshire_terrier,dog,36
/kaggle/input/datasets/tanlikesmath/the-oxfordiiit-pet-dataset/images/leonberger_98.jpg,leonberger,dog,25
/kaggle/input/datasets/tanlikesmath/the-oxfordiiit-pet-dataset/images/japanese_chin_44.jpg,japanese_chin,dog,23
/kaggle/input/datasets/tanlikesmath/the-oxfordiiit-pet-dataset/images/Sphynx_160.jpg,Sphynx,cat,11
/kaggle/input/datasets/tanlikesmath/the-oxfordiiit-pet-dataset/images/english_cocker_spaniel_95.jpg,english_cocker_spaniel,dog,18
/kaggle/input/datasets/tanlikesmath/the-oxfordiiit-pet-dataset/images/basset_hound_57.jpg,basset_hound,dog,14
/kaggle/input/datasets/tanlikesmath/the-oxfordiiit-pet-dataset/images/Birman_124.jpg,Birman,cat,2
/kaggle/input/datasets/tanlikesmath/the-oxfordiiit-pet-dataset/images/basset_hound_131.jpg,basset_hound,dog,14
/kaggle/input/datasets/tanlikesmath/the-oxfordiiit-pet-dataset/images/newfoundland_192.jpg,newfoundland,dog,27
/kaggle/input/datasets/tanlikesmath/the-oxfordiiit-pet-dataset/images/german_shorthaired_153.jpg,german_shorthaired,dog,20
/kaggle/input/datasets/tanlikesmath/the-oxfordiiit-pet-dataset/images/havanese_71.jpg,havanese,dog,22
/kaggle/input/datasets/tanlikesmath/the-oxfordiiit-pet-dataset/images/shiba_inu_200.jpg,shiba_inu,dog,33
/kaggle/input/datasets/tanlikesmath/the-oxfordiiit-pet-dataset/images/scottish_terrier_5.jpg,scottish_terrier,dog,32
/kaggle/input/datasets/tanlikesmath/the-oxfordiiit-pet-dataset/images/British_Shorthair_103.jpg,British_Shorthair,cat,4
/kaggle/input/datasets/tanlikesmath/the-oxfordiiit-pet-dataset/images/chihuahua_193.jpg,chihuahua,dog,17
/kaggle/input/datasets/tanlikesmath/the-oxfordiiit-pet-dataset/images/basset_hound_65.jpg,basset_hound,dog,14
/kaggle/input/datasets/tanlikesmath/the-oxfordiiit-pet-dataset/images/Bombay_18.jpg,Bombay,cat,3
/kaggle/input/datasets/tanlikesmath/the-oxfordiiit-pet-dataset/images/german_shorthaired_113.jpg,german_shorthaired,dog,20
/kaggle/input/datasets/tanlikesmath/the-oxfordiiit-pet-dataset/images/Sphynx_1.jpg,Sphynx,cat,11
/kaggle/input/datasets/tanlikesmath/the-oxfordiiit-pet-dataset/images/havanese_79.jpg,havanese,dog,22
/kaggle/input/datasets/tanlikesmath/the-oxfordiiit-pet-dataset/images/Bengal_25.jpg,Bengal,cat,1
/kaggle/input/datasets/tanlikesmath/the-oxfordiiit-pet-dataset/images/Russian_Blue_70.jpg,Russian_Blue,cat,9
/kaggle/input/datasets/tanlikesmath/the-oxfordiiit-pet-dataset/images/staffordshire_bull_terrier_192.jpg,staffordshire_bull_terrier,dog,34
/kaggle/input/datasets/tanlikesmath/the-oxfordiiit-pet-dataset/images/newfoundland_14.jpg,newfoundland,dog,27
/kaggle/input/datasets/tanlikesmath/the-oxfordiiit-pet-dataset/images/american_pit_bull_terrier_121.jpg,american_pit_bull_terrier,dog,13
/kaggle/input/datasets/tanlikesmath/the-oxfordiiit-pet-dataset/images/leonberger_40.jpg,leonberger,dog,25
/kaggle/input/datasets/tanlikesmath/the-oxfordiiit-pet-dataset/images/english_setter_76.jpg,english_setter,dog,19
/kaggle/input/datasets/tanlikesmath/the-oxfordiiit-pet-dataset/images/Bombay_99.jpg,Bombay,cat,3
/kaggle/input/datasets/tanlikesmath/the-oxfordiiit-pet-dataset/images/keeshond_7.jpg,keeshond,dog,24
/kaggle/input/datasets/tanlikesmath/the-oxfordiiit-pet-dataset/images/shiba_inu_87.jpg,shiba_inu,dog,33
/kaggle/input/datasets/tanlikesmath/the-oxfordiiit-pet-dataset/images/British_Shorthair_48.jpg,British_Shorthair,cat,4
/kaggle/input/datasets/tanlikesmath/the-oxfordiiit-pet-dataset/images/leonberger_107.jpg,leonberger,dog,25
/kaggle/input/datasets/tanlikesmath/the-oxfordiiit-pet-dataset/images/newfoundland_58.jpg,newfoundland,dog,27
/kaggle/input/datasets/tanlikesmath/the-oxfordiiit-pet-dataset/images/Abyssinian_51.jpg,Abyssinian,cat,0
/kaggle/input/datasets/tanlikesmath/the-oxfordiiit-pet-dataset/images/newfoundland_121.jpg,newfoundland,dog,27
/kaggle/input/datasets/tanlikesmath/the-oxfordiiit-pet-dataset/images/Maine_Coon_78.jpg,Maine_Coon,cat,6
/kaggle/input/datasets/tanlikesmath/the-oxfordiiit-pet-dataset/images/beagle_68.jpg,beagle,dog,15
/kaggle/input/datasets/tanlikesmath/the-oxfordiiit-pet-dataset/images/beagle_120.jpg,beagle,dog,15
/kaggle/input/datasets/tanlikesmath/the-oxfordiiit-pet-dataset/images/Bengal_113.jpg,Bengal,cat,1
/kaggle/input/datasets/tanlikesmath/the-oxfordiiit-pet-dataset/images/saint_bernard_70.jpg,saint_bernard,dog,30
/kaggle/input/datasets/tanlikesmath/the-oxfordiiit-pet-dataset/images/Siamese_163.jpg,Siamese,cat,10
/kaggle/input/datasets/tanlikesmath/the-oxfordiiit-pet-dataset/images/Ragdoll_78.jpg,Ragdoll,cat,8
/kaggle/input/datasets/tanlikesmath/the-oxfordiiit-pet-dataset/images/pomeranian_46.jpg,pomeranian,dog,28
/kaggle/input/datasets/tanlikesmath/the-oxfordiiit-pet-dataset/images/Abyssinian_13.jpg,Abyssinian,cat,0
/kaggle/input/datasets/tanlikesmath/the-oxfordiiit-pet-dataset/images/pug_13.jpg,pug,dog,29
/kaggle/input/datasets/tanlikesmath/the-oxfordiiit-pet-dataset/images/beagle_95.jpg,beagle,dog,15
/kaggle/input/datasets/tanlikesmath/the-oxfordiiit-pet-dataset/images/german_shorthaired_21.jpg,german_shorthaired,dog,20
/kaggle/input/datasets/tanlikesmath/the-oxfordiiit-pet-dataset/images/great_pyrenees_187.jpg,great_pyrenees,dog,21
/kaggle/input/datasets/tanlikesmath/the-oxfordiiit-pet-dataset/images/american_bulldog_212.jpg,american_bulldog,dog,12
/kaggle/input/datasets/tanlikesmath/the-oxfordiiit-pet-dataset/images/saint_bernard_6.jpg,saint_bernard,dog,30
/kaggle/input/datasets/tanlikesmath/the-oxfordiiit-pet-dataset/images/Sphynx_91.jpg,Sphynx,cat,11
/kaggle/input/datasets/tanlikesmath/the-oxfordiiit-pet-dataset/images/saint_bernard_116.jpg,saint_bernard,dog,30
/kaggle/input/datasets/tanlikesmath/the-oxfordiiit-pet-dataset/images/havanese_26.jpg,havanese,dog,22
/kaggle/input/datasets/tanlikesmath/the-oxfordiiit-pet-dataset/images/chihuahua_130.jpg,chihuahua,dog,17
/kaggle/input/datasets/tanlikesmath/the-oxfordiiit-pet-dataset/images/chihuahua_14.jpg,chihuahua,dog,17
/kaggle/input/datasets/tanlikesmath/the-oxfordiiit-pet-dataset/images/japanese_chin_160.jpg,japanese_chin,dog,23
/kaggle/input/datasets/tanlikesmath/the-oxfordiiit-pet-dataset/images/wheaten_terrier_11.jpg,wheaten_terrier,dog,35
/kaggle/input/datasets/tanlikesmath/the-oxfordiiit-pet-dataset/images/american_bulldog_125.jpg,american_bulldog,dog,12
/kaggle/input/datasets/tanlikesmath/the-oxfordiiit-pet-dataset/images/german_shorthaired_136.jpg,german_shorthaired,dog,20
/kaggle/input/datasets/tanlikesmath/the-oxfordiiit-pet-dataset/images/yorkshire_terrier_174.jpg,yorkshire_terrier,dog,36
/kaggle/input/datasets/tanlikesmath/the-oxfordiiit-pet-dataset/images/great_pyrenees_55.jpg,great_pyrenees,dog,21
/kaggle/input/datasets/tanlikesmath/the-oxfordiiit-pet-dataset/images/Sphynx_59.jpg,Sphynx,cat,11
/kaggle/input/datasets/tanlikesmath/the-oxfordiiit-pet-dataset/images/Siamese_155.jpg,Siamese,cat,10
/kaggle/input/datasets/tanlikesmath/the-oxfordiiit-pet-dataset/images/basset_hound_150.jpg,basset_hound,dog,14
/kaggle/input/datasets/tanlikesmath/the-oxfordiiit-pet-dataset/images/Maine_Coon_182.jpg,Maine_Coon,cat,6
/kaggle/input/datasets/tanlikesmath/the-oxfordiiit-pet-dataset/images/Abyssinian_103.jpg,Abyssinian,cat,0
/kaggle/input/datasets/tanlikesmath/the-oxfordiiit-pet-dataset/images/wheaten_terrier_32.jpg,wheaten_terrier,dog,35
/kaggle/input/datasets/tanlikesmath/the-oxfordiiit-pet-dataset/images/japanese_chin_93.jpg,japanese_chin,dog,23
/kaggle/input/datasets/tanlikesmath/the-oxfordiiit-pet-dataset/images/leonberger_180.jpg,leonberger,dog,25
/kaggle/input/datasets/tanlikesmath/the-oxfordiiit-pet-dataset/images/saint_bernard_40.jpg,saint_bernard,dog,30
/kaggle/input/datasets/tanlikesmath/the-oxfordiiit-pet-dataset/images/Abyssinian_221.jpg,Abyssinian,cat,0
/kaggle/input/datasets/tanlikesmath/the-oxfordiiit-pet-dataset/images/basset_hound_166.jpg,basset_hound,dog,14
/kaggle/input/datasets/tanlikesmath/the-oxfordiiit-pet-dataset/images/shiba_inu_154.jpg,shiba_inu,dog,33
/kaggle/input/datasets/tanlikesmath/the-oxfordiiit-pet-dataset/images/boxer_172.jpg,boxer,dog,16
/kaggle/input/datasets/tanlikesmath/the-oxfordiiit-pet-dataset/images/havanese_197.jpg,havanese,dog,22
/kaggle/input/datasets/tanlikesmath/the-oxfordiiit-pet-dataset/images/Bengal_136.jpg,Bengal,cat,1
/kaggle/input/datasets/tanlikesmath/the-oxfordiiit-pet-dataset/images/basset_hound_185.jpg,basset_hound,dog,14
/kaggle/input/datasets/tanlikesmath/the-oxfordiiit-pet-dataset/images/Abyssinian_204.jpg,Abyssinian,cat,0
/kaggle/input/datasets/tanlikesmath/the-oxfordiiit-pet-dataset/images/Persian_123.jpg,Persian,cat,7
/kaggle/input/datasets/tanlikesmath/the-oxfordiiit-pet-dataset/images/Russian_Blue_48.jpg,Russian_Blue,cat,9
/kaggle/input/datasets/tanlikesmath/the-oxfordiiit-pet-dataset/images/boxer_117.jpg,boxer,dog,16
/kaggle/input/datasets/tanlikesmath/the-oxfordiiit-pet-dataset/images/american_bulldog_185.jpg,american_bulldog,dog,12
/kaggle/input/datasets/tanlikesmath/the-oxfordiiit-pet-dataset/images/samoyed_191.jpg,samoyed,dog,31
/kaggle/input/datasets/tanlikesmath/the-oxfordiiit-pet-dataset/images/Egyptian_Mau_86.jpg,Egyptian_Mau,cat,5
/kaggle/input/datasets/tanlikesmath/the-oxfordiiit-pet-dataset/images/chihuahua_128.jpg,chihuahua,dog,17
/kaggle/input/datasets/tanlikesmath/the-oxfordiiit-pet-dataset/images/basset_hound_190.jpg,basset_hound,dog,14
/kaggle/input/datasets/tanlikesmath/the-oxfordiiit-pet-dataset/images/Egyptian_Mau_82.jpg,Egyptian_Mau,cat,5
/kaggle/input/datasets/tanlikesmath/the-oxfordiiit-pet-dataset/images/Persian_131.jpg,Persian,cat,7
/kaggle/input/datasets/tanlikesmath/the-oxfordiiit-pet-dataset/images/basset_hound_20.jpg,basset_hound,dog,14
/kaggle/input/datasets/tanlikesmath/the-oxfordiiit-pet-dataset/images/shiba_inu_166.jpg,shiba_inu,dog,33
/kaggle/input/datasets/tanlikesmath/the-oxfordiiit-pet-dataset/images/pomeranian_150.jpg,pomeranian,dog,28
/kaggle/input/datasets/tanlikesmath/the-oxfordiiit-pet-dataset/images/Russian_Blue_98.jpg,Russian_Blue,cat,9
/kaggle/input/datasets/tanlikesmath/the-oxfordiiit-pet-dataset/images/yorkshire_terrier_15.jpg,yorkshire_terrier,dog,36
/kaggle/input/datasets/tanlikesmath/the-oxfordiiit-pet-dataset/images/yorkshire_terrier_124.jpg,yorkshire_terrier,dog,36
/kaggle/input/datasets/tanlikesmath/the-oxfordiiit-pet-dataset/images/Ragdoll_8.jpg,Ragdoll,cat,8
/kaggle/input/datasets/tanlikesmath/the-oxfordiiit-pet-dataset/images/staffordshire_bull_terrier_110.jpg,staffordshire_bull_terrier,dog,34
/kaggle/input/datasets/tanlikesmath/the-oxfordiiit-pet-dataset/images/great_pyrenees_168.jpg,great_pyrenees,dog,21
/kaggle/input/datasets/tanlikesmath/the-oxfordiiit-pet-dataset/images/pug_9.jpg,pug,dog,29
/kaggle/input/datasets/tanlikesmath/the-oxfordiiit-pet-dataset/images/havanese_121.jpg,havanese,dog,22
/kaggle/input/datasets/tanlikesmath/the-oxfordiiit-pet-dataset/images/japanese_chin_26.jpg,japanese_chin,dog,23
/kaggle/input/datasets/tanlikesmath/the-oxfordiiit-pet-dataset/images/Ragdoll_42.jpg,Ragdoll,cat,8
/kaggle/input/datasets/tanlikesmath/the-oxfordiiit-pet-dataset/images/Persian_68.jpg,Persian,cat,7
/kaggle/input/datasets/tanlikesmath/the-oxfordiiit-pet-dataset/images/Birman_169.jpg,Birman,cat,2
/kaggle/input/datasets/tanlikesmath/the-oxfordiiit-pet-dataset/images/yorkshire_terrier_70.jpg,yorkshire_terrier,dog,36
/kaggle/input/datasets/tanlikesmath/the-oxfordiiit-pet-dataset/images/english_setter_23.jpg,english_setter,dog,19
/kaggle/input/datasets/tanlikesmath/the-oxfordiiit-pet-dataset/images/newfoundland_64.jpg,newfoundland,dog,27
/kaggle/input/datasets/tanlikesmath/the-oxfordiiit-pet-dataset/images/newfoundland_23.jpg,newfoundland,dog,27
/kaggle/input/datasets/tanlikesmath/the-oxfordiiit-pet-dataset/images/Maine_Coon_139.jpg,Maine_Coon,cat,6
/kaggle/input/datasets/tanlikesmath/the-oxfordiiit-pet-dataset/images/wheaten_terrier_104.jpg,wheaten_terrier,dog,35
/kaggle/input/datasets/tanlikesmath/the-oxfordiiit-pet-dataset/images/Birman_17.jpg,Birman,cat,2
/kaggle/input/datasets/tanlikesmath/the-oxfordiiit-pet-dataset/images/shiba_inu_140.jpg,shiba_inu,dog,33
/kaggle/input/datasets/tanlikesmath/the-oxfordiiit-pet-dataset/images/beagle_24.jpg,beagle,dog,15
/kaggle/input/datasets/tanlikesmath/the-oxfordiiit-pet-dataset/images/leonberger_101.jpg,leonberger,dog,25
/kaggle/input/datasets/tanlikesmath/the-oxfordiiit-pet-dataset/images/pug_101.jpg,pug,dog,29
/kaggle/input/datasets/tanlikesmath/the-oxfordiiit-pet-dataset/images/basset_hound_12.jpg,basset_hound,dog,14
/kaggle/input/datasets/tanlikesmath/the-oxfordiiit-pet-dataset/images/Abyssinian_160.jpg,Abyssinian,cat,0
/kaggle/input/datasets/tanlikesmath/the-oxfordiiit-pet-dataset/images/British_Shorthair_33.jpg,British_Shorthair,cat,4
/kaggle/input/datasets/tanlikesmath/the-oxfordiiit-pet-dataset/images/samoyed_142.jpg,samoyed,dog,31
/kaggle/input/datasets/tanlikesmath/the-oxfordiiit-pet-dataset/images/British_Shorthair_62.jpg,British_Shorthair,cat,4
/kaggle/input/datasets/tanlikesmath/the-oxfordiiit-pet-dataset/images/havanese_127.jpg,havanese,dog,22
/kaggle/input/datasets/tanlikesmath/the-oxfordiiit-pet-dataset/images/great_pyrenees_156.jpg,great_pyrenees,dog,21
/kaggle/input/datasets/tanlikesmath/the-oxfordiiit-pet-dataset/images/english_setter_36.jpg,english_setter,dog,19
/kaggle/input/datasets/tanlikesmath/the-oxfordiiit-pet-dataset/images/basset_hound_58.jpg,basset_hound,dog,14
/kaggle/input/datasets/tanlikesmath/the-oxfordiiit-pet-dataset/images/english_cocker_spaniel_119.jpg,english_cocker_spaniel,dog,18
/kaggle/input/datasets/tanlikesmath/the-oxfordiiit-pet-dataset/images/Egyptian_Mau_202.jpg,Egyptian_Mau,cat,5
/kaggle/input/datasets/tanlikesmath/the-oxfordiiit-pet-dataset/images/samoyed_15.jpg,samoyed,dog,31
/kaggle/input/datasets/tanlikesmath/the-oxfordiiit-pet-dataset/images/pug_199.jpg,pug,dog,29
/kaggle/input/datasets/tanlikesmath/the-oxfordiiit-pet-dataset/images/english_setter_127.jpg,english_setter,dog,19
/kaggle/input/datasets/tanlikesmath/the-oxfordiiit-pet-dataset/images/Abyssinian_177.jpg,Abyssinian,cat,0
/kaggle/input/datasets/tanlikesmath/the-oxfordiiit-pet-dataset/images/newfoundland_78.jpg,newfoundland,dog,27
/kaggle/input/datasets/tanlikesmath/the-oxfordiiit-pet-dataset/images/boxer_96.jpg,boxer,dog,16
/kaggle/input/datasets/tanlikesmath/the-oxfordiiit-pet-dataset/images/keeshond_161.jpg,keeshond,dog,24
/kaggle/input/datasets/tanlikesmath/the-oxfordiiit-pet-dataset/images/British_Shorthair_25.jpg,British_Shorthair,cat,4
/kaggle/input/datasets/tanlikesmath/the-oxfordiiit-pet-dataset/images/leonberger_152.jpg,leonberger,dog,25
/kaggle/input/datasets/tanlikesmath/the-oxfordiiit-pet-dataset/images/Persian_186.jpg,Persian,cat,7
/kaggle/input/datasets/tanlikesmath/the-oxfordiiit-pet-dataset/images/japanese_chin_132.jpg,japanese_chin,dog,23
/kaggle/input/datasets/tanlikesmath/the-oxfordiiit-pet-dataset/images/keeshond_33.jpg,keeshond,dog,24
/kaggle/input/datasets/tanlikesmath/the-oxfordiiit-pet-dataset/images/american_bulldog_18.jpg,american_bulldog,dog,12
/kaggle/input/datasets/tanlikesmath/the-oxfordiiit-pet-dataset/images/chihuahua_189.jpg,chihuahua,dog,17
/kaggle/input/datasets/tanlikesmath/the-oxfordiiit-pet-dataset/images/Siamese_17.jpg,Siamese,cat,10
/kaggle/input/datasets/tanlikesmath/the-oxfordiiit-pet-dataset/images/Russian_Blue_240.jpg,Russian_Blue,cat,9
/kaggle/input/datasets/tanlikesmath/the-oxfordiiit-pet-dataset/images/Bombay_158.jpg,Bombay,cat,3
/kaggle/input/datasets/tanlikesmath/the-oxfordiiit-pet-dataset/images/Ragdoll_95.jpg,Ragdoll,cat,8
/kaggle/input/datasets/tanlikesmath/the-oxfordiiit-pet-dataset/images/saint_bernard_150.jpg,saint_bernard,dog,30
/kaggle/input/datasets/tanlikesmath/the-oxfordiiit-pet-dataset/images/basset_hound_148.jpg,basset_hound,dog,14
/kaggle/input/datasets/tanlikesmath/the-oxfordiiit-pet-dataset/images/samoyed_113.jpg,samoyed,dog,31
/kaggle/input/datasets/tanlikesmath/the-oxfordiiit-pet-dataset/images/Bengal_173.jpg,Bengal,cat,1
/kaggle/input/datasets/tanlikesmath/the-oxfordiiit-pet-dataset/images/Ragdoll_81.jpg,Ragdoll,cat,8
/kaggle/input/datasets/tanlikesmath/the-oxfordiiit-pet-dataset/images/staffordshire_bull_terrier_80.jpg,staffordshire_bull_terrier,dog,34
/kaggle/input/datasets/tanlikesmath/the-oxfordiiit-pet-dataset/images/boxer_61.jpg,boxer,dog,16
/kaggle/input/datasets/tanlikesmath/the-oxfordiiit-pet-dataset/images/japanese_chin_97.jpg,japanese_chin,dog,23
/kaggle/input/datasets/tanlikesmath/the-oxfordiiit-pet-dataset/images/havanese_76.jpg,havanese,dog,22
/kaggle/input/datasets/tanlikesmath/the-oxfordiiit-pet-dataset/images/miniature_pinscher_129.jpg,miniature_pinscher,dog,26
/kaggle/input/datasets/tanlikesmath/the-oxfordiiit-pet-dataset/images/great_pyrenees_133.jpg,great_pyrenees,dog,21
/kaggle/input/datasets/tanlikesmath/the-oxfordiiit-pet-dataset/images/staffordshire_bull_terrier_50.jpg,staffordshire_bull_terrier,dog,34
/kaggle/input/datasets/tanlikesmath/the-oxfordiiit-pet-dataset/images/British_Shorthair_66.jpg,British_Shorthair,cat,4
/kaggle/input/datasets/tanlikesmath/the-oxfordiiit-pet-dataset/images/beagle_102.jpg,beagle,dog,15
/kaggle/input/datasets/tanlikesmath/the-oxfordiiit-pet-dataset/images/american_pit_bull_terrier_60.jpg,american_pit_bull_terrier,dog,13
/kaggle/input/datasets/tanlikesmath/the-oxfordiiit-pet-dataset/images/newfoundland_131.jpg,newfoundland,dog,27
/kaggle/input/datasets/tanlikesmath/the-oxfordiiit-pet-dataset/images/german_shorthaired_98.jpg,german_shorthaired,dog,20
/kaggle/input/datasets/tanlikesmath/the-oxfordiiit-pet-dataset/images/Abyssinian_230.jpg,Abyssinian,cat,0
/kaggle/input/datasets/tanlikesmath/the-oxfordiiit-pet-dataset/images/chihuahua_116.jpg,chihuahua,dog,17
/kaggle/input/datasets/tanlikesmath/the-oxfordiiit-pet-dataset/images/miniature_pinscher_24.jpg,miniature_pinscher,dog,26
/kaggle/input/datasets/tanlikesmath/the-oxfordiiit-pet-dataset/images/american_bulldog_171.jpg,american_bulldog,dog,12
/kaggle/input/datasets/tanlikesmath/the-oxfordiiit-pet-dataset/images/pomeranian_7.jpg,pomeranian,dog,28
/kaggle/input/datasets/tanlikesmath/the-oxfordiiit-pet-dataset/images/miniature_pinscher_100.jpg,miniature_pinscher,dog,26
/kaggle/input/datasets/tanlikesmath/the-oxfordiiit-pet-dataset/images/samoyed_78.jpg,samoyed,dog,31
/kaggle/input/datasets/tanlikesmath/the-oxfordiiit-pet-dataset/images/Russian_Blue_157.jpg,Russian_Blue,cat,9
/kaggle/input/datasets/tanlikesmath/the-oxfordiiit-pet-dataset/images/japanese_chin_17.jpg,japanese_chin,dog,23
/kaggle/input/datasets/tanlikesmath/the-oxfordiiit-pet-dataset/images/Abyssinian_139.jpg,Abyssinian,cat,0
/kaggle/input/datasets/tanlikesmath/the-oxfordiiit-pet-dataset/images/keeshond_164.jpg,keeshond,dog,24
/kaggle/input/datasets/tanlikesmath/the-oxfordiiit-pet-dataset/images/Ragdoll_196.jpg,Ragdoll,cat,8
/kaggle/input/datasets/tanlikesmath/the-oxfordiiit-pet-dataset/images/wheaten_terrier_140.jpg,wheaten_terrier,dog,35
/kaggle/input/datasets/tanlikesmath/the-oxfordiiit-pet-dataset/images/Egyptian_Mau_76.jpg,Egyptian_Mau,cat,5
/kaggle/input/datasets/tanlikesmath/the-oxfordiiit-pet-dataset/images/Russian_Blue_140.jpg,Russian_Blue,cat,9
/kaggle/input/datasets/tanlikesmath/the-oxfordiiit-pet-dataset/images/english_cocker_spaniel_12.jpg,english_cocker_spaniel,dog,18
/kaggle/input/datasets/tanlikesmath/the-oxfordiiit-pet-dataset/images/boxer_114.jpg,boxer,dog,16
/kaggle/input/datasets/tanlikesmath/the-oxfordiiit-pet-dataset/images/wheaten_terrier_90.jpg,wheaten_terrier,dog,35
/kaggle/input/datasets/tanlikesmath/the-oxfordiiit-pet-dataset/images/pug_92.jpg,pug,dog,29
/kaggle/input/datasets/tanlikesmath/the-oxfordiiit-pet-dataset/images/yorkshire_terrier_89.jpg,yorkshire_terrier,dog,36
/kaggle/input/datasets/tanlikesmath/the-oxfordiiit-pet-dataset/images/scottish_terrier_175.jpg,scottish_terrier,dog,32
/kaggle/input/datasets/tanlikesmath/the-oxfordiiit-pet-dataset/images/newfoundland_144.jpg,newfoundland,dog,27
/kaggle/input/datasets/tanlikesmath/the-oxfordiiit-pet-dataset/images/newfoundland_169.jpg,newfoundland,dog,27
/kaggle/input/datasets/tanlikesmath/the-oxfordiiit-pet-dataset/images/shiba_inu_98.jpg,shiba_inu,dog,33
/kaggle/input/datasets/tanlikesmath/the-oxfordiiit-pet-dataset/images/american_bulldog_147.jpg,american_bulldog,dog,12
/kaggle/input/datasets/tanlikesmath/the-oxfordiiit-pet-dataset/images/Persian_102.jpg,Persian,cat,7
/kaggle/input/datasets/tanlikesmath/the-oxfordiiit-pet-dataset/images/havanese_33.jpg,havanese,dog,22
/kaggle/input/datasets/tanlikesmath/the-oxfordiiit-pet-dataset/images/staffordshire_bull_terrier_64.jpg,staffordshire_bull_terrier,dog,34
/kaggle/input/datasets/tanlikesmath/the-oxfordiiit-pet-dataset/images/boxer_159.jpg,boxer,dog,16
/kaggle/input/datasets/tanlikesmath/the-oxfordiiit-pet-dataset/images/Russian_Blue_101.jpg,Russian_Blue,cat,9
/kaggle/input/datasets/tanlikesmath/the-oxfordiiit-pet-dataset/images/boxer_94.jpg,boxer,dog,16
/kaggle/input/datasets/tanlikesmath/the-oxfordiiit-pet-dataset/images/shiba_inu_135.jpg,shiba_inu,dog,33
/kaggle/input/datasets/tanlikesmath/the-oxfordiiit-pet-dataset/images/miniature_pinscher_165.jpg,miniature_pinscher,dog,26
/kaggle/input/datasets/tanlikesmath/the-oxfordiiit-pet-dataset/images/japanese_chin_55.jpg,japanese_chin,dog,23
/kaggle/input/datasets/tanlikesmath/the-oxfordiiit-pet-dataset/images/Russian_Blue_162.jpg,Russian_Blue,cat,9
/kaggle/input/datasets/tanlikesmath/the-oxfordiiit-pet-dataset/images/Persian_133.jpg,Persian,cat,7
/kaggle/input/datasets/tanlikesmath/the-oxfordiiit-pet-dataset/images/german_shorthaired_22.jpg,german_shorthaired,dog,20
/kaggle/input/datasets/tanlikesmath/the-oxfordiiit-pet-dataset/images/Ragdoll_257.jpg,Ragdoll,cat,8
/kaggle/input/datasets/tanlikesmath/the-oxfordiiit-pet-dataset/images/saint_bernard_120.jpg,saint_bernard,dog,30
/kaggle/input/datasets/tanlikesmath/the-oxfordiiit-pet-dataset/images/staffordshire_bull_terrier_189.jpg,staffordshire_bull_terrier,dog,34
/kaggle/input/datasets/tanlikesmath/the-oxfordiiit-pet-dataset/images/Russian_Blue_239.jpg,Russian_Blue,cat,9
/kaggle/input/datasets/tanlikesmath/the-oxfordiiit-pet-dataset/images/chihuahua_108.jpg,chihuahua,dog,17
/kaggle/input/datasets/tanlikesmath/the-oxfordiiit-pet-dataset/images/american_bulldog_109.jpg,american_bulldog,dog,12
/kaggle/input/datasets/tanlikesmath/the-oxfordiiit-pet-dataset/images/yorkshire_terrier_97.jpg,yorkshire_terrier,dog,36
/kaggle/input/datasets/tanlikesmath/the-oxfordiiit-pet-dataset/images/english_setter_77.jpg,english_setter,dog,19
/kaggle/input/datasets/tanlikesmath/the-oxfordiiit-pet-dataset/images/boxer_9.jpg,boxer,dog,16
/kaggle/input/datasets/tanlikesmath/the-oxfordiiit-pet-dataset/images/Bengal_112.jpg,Bengal,cat,1
/kaggle/input/datasets/tanlikesmath/the-oxfordiiit-pet-dataset/images/wheaten_terrier_101.jpg,wheaten_terrier,dog,35
/kaggle/input/datasets/tanlikesmath/the-oxfordiiit-pet-dataset/images/Bombay_215.jpg,Bombay,cat,3
/kaggle/input/datasets/tanlikesmath/the-oxfordiiit-pet-dataset/images/Bombay_105.jpg,Bombay,cat,3
/kaggle/input/datasets/tanlikesmath/the-oxfordiiit-pet-dataset/images/basset_hound_177.jpg,basset_hound,dog,14
/kaggle/input/datasets/tanlikesmath/the-oxfordiiit-pet-dataset/images/British_Shorthair_28.jpg,British_Shorthair,cat,4
/kaggle/input/datasets/tanlikesmath/the-oxfordiiit-pet-dataset/images/american_bulldog_148.jpg,american_bulldog,dog,12
/kaggle/input/datasets/tanlikesmath/the-oxfordiiit-pet-dataset/images/Bombay_138.jpg,Bombay,cat,3
/kaggle/input/datasets/tanlikesmath/the-oxfordiiit-pet-dataset/images/basset_hound_106.jpg,basset_hound,dog,14
/kaggle/input/datasets/tanlikesmath/the-oxfordiiit-pet-dataset/images/samoyed_135.jpg,samoyed,dog,31
/kaggle/input/datasets/tanlikesmath/the-oxfordiiit-pet-dataset/images/Siamese_109.jpg,Siamese,cat,10
/kaggle/input/datasets/tanlikesmath/the-oxfordiiit-pet-dataset/images/samoyed_6.jpg,samoyed,dog,31
/kaggle/input/datasets/tanlikesmath/the-oxfordiiit-pet-dataset/images/english_setter_46.jpg,english_setter,dog,19
/kaggle/input/datasets/tanlikesmath/the-oxfordiiit-pet-dataset/images/miniature_pinscher_29.jpg,miniature_pinscher,dog,26
/kaggle/input/datasets/tanlikesmath/the-oxfordiiit-pet-dataset/images/staffordshire_bull_terrier_28.jpg,staffordshire_bull_terrier,dog,34
/kaggle/input/datasets/tanlikesmath/the-oxfordiiit-pet-dataset/images/Persian_173.jpg,Persian,cat,7
/kaggle/input/datasets/tanlikesmath/the-oxfordiiit-pet-dataset/images/Persian_15.jpg,Persian,cat,7
/kaggle/input/datasets/tanlikesmath/the-oxfordiiit-pet-dataset/images/Bombay_128.jpg,Bombay,cat,3
/kaggle/input/datasets/tanlikesmath/the-oxfordiiit-pet-dataset/images/wheaten_terrier_134.jpg,wheaten_terrier,dog,35
/kaggle/input/datasets/tanlikesmath/the-oxfordiiit-pet-dataset/images/boxer_138.jpg,boxer,dog,16
/kaggle/input/datasets/tanlikesmath/the-oxfordiiit-pet-dataset/images/Persian_53.jpg,Persian,cat,7
/kaggle/input/datasets/tanlikesmath/the-oxfordiiit-pet-dataset/images/yorkshire_terrier_171.jpg,yorkshire_terrier,dog,36
/kaggle/input/datasets/tanlikesmath/the-oxfordiiit-pet-dataset/images/japanese_chin_111.jpg,japanese_chin,dog,23
/kaggle/input/datasets/tanlikesmath/the-oxfordiiit-pet-dataset/images/pomeranian_90.jpg,pomeranian,dog,28
/kaggle/input/datasets/tanlikesmath/the-oxfordiiit-pet-dataset/images/american_bulldog_144.jpg,american_bulldog,dog,12
/kaggle/input/datasets/tanlikesmath/the-oxfordiiit-pet-dataset/images/Sphynx_20.jpg,Sphynx,cat,11
/kaggle/input/datasets/tanlikesmath/the-oxfordiiit-pet-dataset/images/english_setter_56.jpg,english_setter,dog,19
/kaggle/input/datasets/tanlikesmath/the-oxfordiiit-pet-dataset/images/newfoundland_180.jpg,newfoundland,dog,27
/kaggle/input/datasets/tanlikesmath/the-oxfordiiit-pet-dataset/images/beagle_13.jpg,beagle,dog,15
/kaggle/input/datasets/tanlikesmath/the-oxfordiiit-pet-dataset/images/pomeranian_74.jpg,pomeranian,dog,28
/kaggle/input/datasets/tanlikesmath/the-oxfordiiit-pet-dataset/images/Abyssinian_93.jpg,Abyssinian,cat,0
/kaggle/input/datasets/tanlikesmath/the-oxfordiiit-pet-dataset/images/pug_105.jpg,pug,dog,29
/kaggle/input/datasets/tanlikesmath/the-oxfordiiit-pet-dataset/images/Russian_Blue_237.jpg,Russian_Blue,cat,9
/kaggle/input/datasets/tanlikesmath/the-oxfordiiit-pet-dataset/images/great_pyrenees_36.jpg,great_pyrenees,dog,21
/kaggle/input/datasets/tanlikesmath/the-oxfordiiit-pet-dataset/images/Bengal_68.jpg,Bengal,cat,1
/kaggle/input/datasets/tanlikesmath/the-oxfordiiit-pet-dataset/images/Russian_Blue_76.jpg,Russian_Blue,cat,9
/kaggle/input/datasets/tanlikesmath/the-oxfordiiit-pet-dataset/images/american_bulldog_201.jpg,american_bulldog,dog,12
/kaggle/input/datasets/tanlikesmath/the-oxfordiiit-pet-dataset/images/Birman_3.jpg,Birman,cat,2
/kaggle/input/datasets/tanlikesmath/the-oxfordiiit-pet-dataset/images/wheaten_terrier_173.jpg,wheaten_terrier,dog,35
/kaggle/input/datasets/tanlikesmath/the-oxfordiiit-pet-dataset/images/beagle_47.jpg,beagle,dog,15
/kaggle/input/datasets/tanlikesmath/the-oxfordiiit-pet-dataset/images/Birman_161.jpg,Birman,cat,2
/kaggle/input/datasets/tanlikesmath/the-oxfordiiit-pet-dataset/images/British_Shorthair_111.jpg,British_Shorthair,cat,4
/kaggle/input/datasets/tanlikesmath/the-oxfordiiit-pet-dataset/images/keeshond_111.jpg,keeshond,dog,24
/kaggle/input/datasets/tanlikesmath/the-oxfordiiit-pet-dataset/images/yorkshire_terrier_130.jpg,yorkshire_terrier,dog,36
/kaggle/input/datasets/tanlikesmath/the-oxfordiiit-pet-dataset/images/miniature_pinscher_89.jpg,miniature_pinscher,dog,26
/kaggle/input/datasets/tanlikesmath/the-oxfordiiit-pet-dataset/images/wheaten_terrier_62.jpg,wheaten_terrier,dog,35
/kaggle/input/datasets/tanlikesmath/the-oxfordiiit-pet-dataset/images/havanese_102.jpg,havanese,dog,22
/kaggle/input/datasets/tanlikesmath/the-oxfordiiit-pet-dataset/images/Egyptian_Mau_152.jpg,Egyptian_Mau,cat,5
/kaggle/input/datasets/tanlikesmath/the-oxfordiiit-pet-dataset/images/Bengal_104.jpg,Bengal,cat,1
/kaggle/input/datasets/tanlikesmath/the-oxfordiiit-pet-dataset/images/saint_bernard_67.jpg,saint_bernard,dog,30
/kaggle/input/datasets/tanlikesmath/the-oxfordiiit-pet-dataset/images/basset_hound_105.jpg,basset_hound,dog,14
/kaggle/input/datasets/tanlikesmath/the-oxfordiiit-pet-dataset/images/shiba_inu_202.jpg,shiba_inu,dog,33
/kaggle/input/datasets/tanlikesmath/the-oxfordiiit-pet-dataset/images/Sphynx_166.jpg,Sphynx,cat,11
/kaggle/input/datasets/tanlikesmath/the-oxfordiiit-pet-dataset/images/Maine_Coon_27.jpg,Maine_Coon,cat,6
/kaggle/input/datasets/tanlikesmath/the-oxfordiiit-pet-dataset/images/Persian_129.jpg,Persian,cat,7
/kaggle/input/datasets/tanlikesmath/the-oxfordiiit-pet-dataset/images/havanese_166.jpg,havanese,dog,22
/kaggle/input/datasets/tanlikesmath/the-oxfordiiit-pet-dataset/images/havanese_120.jpg,havanese,dog,22
/kaggle/input/datasets/tanlikesmath/the-oxfordiiit-pet-dataset/images/american_pit_bull_terrier_161.jpg,american_pit_bull_terrier,dog,13
/kaggle/input/datasets/tanlikesmath/the-oxfordiiit-pet-dataset/images/Abyssinian_74.jpg,Abyssinian,cat,0
/kaggle/input/datasets/tanlikesmath/the-oxfordiiit-pet-dataset/images/British_Shorthair_16.jpg,British_Shorthair,cat,4
/kaggle/input/datasets/tanlikesmath/the-oxfordiiit-pet-dataset/images/pug_180.jpg,pug,dog,29
/kaggle/input/datasets/tanlikesmath/the-oxfordiiit-pet-dataset/images/Maine_Coon_152.jpg,Maine_Coon,cat,6
/kaggle/input/datasets/tanlikesmath/the-oxfordiiit-pet-dataset/images/Maine_Coon_14.jpg,Maine_Coon,cat,6
/kaggle/input/datasets/tanlikesmath/the-oxfordiiit-pet-dataset/images/Persian_164.jpg,Persian,cat,7
/kaggle/input/datasets/tanlikesmath/the-oxfordiiit-pet-dataset/images/Maine_Coon_69.jpg,Maine_Coon,cat,6
/kaggle/input/datasets/tanlikesmath/the-oxfordiiit-pet-dataset/images/great_pyrenees_28.jpg,great_pyrenees,dog,21
/kaggle/input/datasets/tanlikesmath/the-oxfordiiit-pet-dataset/images/Bombay_27.jpg,Bombay,cat,3
/kaggle/input/datasets/tanlikesmath/the-oxfordiiit-pet-dataset/images/leonberger_48.jpg,leonberger,dog,25
/kaggle/input/datasets/tanlikesmath/the-oxfordiiit-pet-dataset/images/pug_141.jpg,pug,dog,29
/kaggle/input/datasets/tanlikesmath/the-oxfordiiit-pet-dataset/images/pomeranian_109.jpg,pomeranian,dog,28
/kaggle/input/datasets/tanlikesmath/the-oxfordiiit-pet-dataset/images/British_Shorthair_102.jpg,British_Shorthair,cat,4
/kaggle/input/datasets/tanlikesmath/the-oxfordiiit-pet-dataset/images/Birman_200.jpg,Birman,cat,2
/kaggle/input/datasets/tanlikesmath/the-oxfordiiit-pet-dataset/images/Bombay_200.jpg,Bombay,cat,3
/kaggle/input/datasets/tanlikesmath/the-oxfordiiit-pet-dataset/images/chihuahua_62.jpg,chihuahua,dog,17
/kaggle/input/datasets/tanlikesmath/the-oxfordiiit-pet-dataset/images/wheaten_terrier_56.jpg,wheaten_terrier,dog,35
/kaggle/input/datasets/tanlikesmath/the-oxfordiiit-pet-dataset/images/Ragdoll_162.jpg,Ragdoll,cat,8
/kaggle/input/datasets/tanlikesmath/the-oxfordiiit-pet-dataset/images/english_cocker_spaniel_137.jpg,english_cocker_spaniel,dog,18
/kaggle/input/datasets/tanlikesmath/the-oxfordiiit-pet-dataset/images/english_setter_26.jpg,english_setter,dog,19
/kaggle/input/datasets/tanlikesmath/the-oxfordiiit-pet-dataset/images/Sphynx_237.jpg,Sphynx,cat,11
/kaggle/input/datasets/tanlikesmath/the-oxfordiiit-pet-dataset/images/staffordshire_bull_terrier_9.jpg,staffordshire_bull_terrier,dog,34
/kaggle/input/datasets/tanlikesmath/the-oxfordiiit-pet-dataset/images/staffordshire_bull_terrier_121.jpg,staffordshire_bull_terrier,dog,34
/kaggle/input/datasets/tanlikesmath/the-oxfordiiit-pet-dataset/images/Abyssinian_152.jpg,Abyssinian,cat,0
/kaggle/input/datasets/tanlikesmath/the-oxfordiiit-pet-dataset/images/havanese_70.jpg,havanese,dog,22
/kaggle/input/datasets/tanlikesmath/the-oxfordiiit-pet-dataset/images/american_pit_bull_terrier_198.jpg,american_pit_bull_terrier,dog,13
/kaggle/input/datasets/tanlikesmath/the-oxfordiiit-pet-dataset/images/great_pyrenees_194.jpg,great_pyrenees,dog,21
/kaggle/input/datasets/tanlikesmath/the-oxfordiiit-pet-dataset/images/havanese_167.jpg,havanese,dog,22
/kaggle/input/datasets/tanlikesmath/the-oxfordiiit-pet-dataset/images/japanese_chin_154.jpg,japanese_chin,dog,23
/kaggle/input/datasets/tanlikesmath/the-oxfordiiit-pet-dataset/images/samoyed_151.jpg,samoyed,dog,31
/kaggle/input/datasets/tanlikesmath/the-oxfordiiit-pet-dataset/images/Sphynx_94.jpg,Sphynx,cat,11
/kaggle/input/datasets/tanlikesmath/the-oxfordiiit-pet-dataset/images/english_setter_53.jpg,english_setter,dog,19
/kaggle/input/datasets/tanlikesmath/the-oxfordiiit-pet-dataset/images/japanese_chin_47.jpg,japanese_chin,dog,23
/kaggle/input/datasets/tanlikesmath/the-oxfordiiit-pet-dataset/images/wheaten_terrier_14.jpg,wheaten_terrier,dog,35
/kaggle/input/datasets/tanlikesmath/the-oxfordiiit-pet-dataset/images/great_pyrenees_145.jpg,great_pyrenees,dog,21
/kaggle/input/datasets/tanlikesmath/the-oxfordiiit-pet-dataset/images/Bengal_84.jpg,Bengal,cat,1
/kaggle/input/datasets/tanlikesmath/the-oxfordiiit-pet-dataset/images/staffordshire_bull_terrier_40.jpg,staffordshire_bull_terrier,dog,34
/kaggle/input/datasets/tanlikesmath/the-oxfordiiit-pet-dataset/images/Egyptian_Mau_212.jpg,Egyptian_Mau,cat,5
/kaggle/input/datasets/tanlikesmath/the-oxfordiiit-pet-dataset/images/yorkshire_terrier_82.jpg,yorkshire_terrier,dog,36
/kaggle/input/datasets/tanlikesmath/the-oxfordiiit-pet-dataset/images/Siamese_117.jpg,Siamese,cat,10
/kaggle/input/datasets/tanlikesmath/the-oxfordiiit-pet-dataset/images/english_setter_164.jpg,english_setter,dog,19
/kaggle/input/datasets/tanlikesmath/the-oxfordiiit-pet-dataset/images/english_cocker_spaniel_39.jpg,english_cocker_spaniel,dog,18
/kaggle/input/datasets/tanlikesmath/the-oxfordiiit-pet-dataset/images/miniature_pinscher_143.jpg,miniature_pinscher,dog,26
/kaggle/input/datasets/tanlikesmath/the-oxfordiiit-pet-dataset/images/havanese_83.jpg,havanese,dog,22
/kaggle/input/datasets/tanlikesmath/the-oxfordiiit-pet-dataset/images/keeshond_183.jpg,keeshond,dog,24
/kaggle/input/datasets/tanlikesmath/the-oxfordiiit-pet-dataset/images/pomeranian_14.jpg,pomeranian,dog,28
/kaggle/input/datasets/tanlikesmath/the-oxfordiiit-pet-dataset/images/yorkshire_terrier_163.jpg,yorkshire_terrier,dog,36
/kaggle/input/datasets/tanlikesmath/the-oxfordiiit-pet-dataset/images/boxer_16.jpg,boxer,dog,16
/kaggle/input/datasets/tanlikesmath/the-oxfordiiit-pet-dataset/images/saint_bernard_164.jpg,saint_bernard,dog,30
/kaggle/input/datasets/tanlikesmath/the-oxfordiiit-pet-dataset/images/scottish_terrier_84.jpg,scottish_terrier,dog,32
/kaggle/input/datasets/tanlikesmath/the-oxfordiiit-pet-dataset/images/newfoundland_104.jpg,newfoundland,dog,27
/kaggle/input/datasets/tanlikesmath/the-oxfordiiit-pet-dataset/images/Birman_60.jpg,Birman,cat,2
/kaggle/input/datasets/tanlikesmath/the-oxfordiiit-pet-dataset/images/japanese_chin_48.jpg,japanese_chin,dog,23
/kaggle/input/datasets/tanlikesmath/the-oxfordiiit-pet-dataset/images/havanese_28.jpg,havanese,dog,22
/kaggle/input/datasets/tanlikesmath/the-oxfordiiit-pet-dataset/images/german_shorthaired_140.jpg,german_shorthaired,dog,20
/kaggle/input/datasets/tanlikesmath/the-oxfordiiit-pet-dataset/images/basset_hound_175.jpg,basset_hound,dog,14
/kaggle/input/datasets/tanlikesmath/the-oxfordiiit-pet-dataset/images/Sphynx_128.jpg,Sphynx,cat,11
/kaggle/input/datasets/tanlikesmath/the-oxfordiiit-pet-dataset/images/yorkshire_terrier_3.jpg,yorkshire_terrier,dog,36
/kaggle/input/datasets/tanlikesmath/the-oxfordiiit-pet-dataset/images/german_shorthaired_114.jpg,german_shorthaired,dog,20
/kaggle/input/datasets/tanlikesmath/the-oxfordiiit-pet-dataset/images/basset_hound_78.jpg,basset_hound,dog,14
/kaggle/input/datasets/tanlikesmath/the-oxfordiiit-pet-dataset/images/staffordshire_bull_terrier_144.jpg,staffordshire_bull_terrier,dog,34
/kaggle/input/datasets/tanlikesmath/the-oxfordiiit-pet-dataset/images/leonberger_139.jpg,leonberger,dog,25
/kaggle/input/datasets/tanlikesmath/the-oxfordiiit-pet-dataset/images/Bengal_89.jpg,Bengal,cat,1
/kaggle/input/datasets/tanlikesmath/the-oxfordiiit-pet-dataset/images/samoyed_33.jpg,samoyed,dog,31
/kaggle/input/datasets/tanlikesmath/the-oxfordiiit-pet-dataset/images/basset_hound_18.jpg,basset_hound,dog,14
/kaggle/input/datasets/tanlikesmath/the-oxfordiiit-pet-dataset/images/german_shorthaired_118.jpg,german_shorthaired,dog,20
/kaggle/input/datasets/tanlikesmath/the-oxfordiiit-pet-dataset/images/german_shorthaired_76.jpg,german_shorthaired,dog,20
/kaggle/input/datasets/tanlikesmath/the-oxfordiiit-pet-dataset/images/havanese_59.jpg,havanese,dog,22
/kaggle/input/datasets/tanlikesmath/the-oxfordiiit-pet-dataset/images/yorkshire_terrier_57.jpg,yorkshire_terrier,dog,36
/kaggle/input/datasets/tanlikesmath/the-oxfordiiit-pet-dataset/images/boxer_54.jpg,boxer,dog,16
/kaggle/input/datasets/tanlikesmath/the-oxfordiiit-pet-dataset/images/english_cocker_spaniel_28.jpg,english_cocker_spaniel,dog,18
/kaggle/input/datasets/tanlikesmath/the-oxfordiiit-pet-dataset/images/great_pyrenees_129.jpg,great_pyrenees,dog,21
/kaggle/input/datasets/tanlikesmath/the-oxfordiiit-pet-dataset/images/chihuahua_35.jpg,chihuahua,dog,17
/kaggle/input/datasets/tanlikesmath/the-oxfordiiit-pet-dataset/images/havanese_48.jpg,havanese,dog,22
/kaggle/input/datasets/tanlikesmath/the-oxfordiiit-pet-dataset/images/saint_bernard_16.jpg,saint_bernard,dog,30
/kaggle/input/datasets/tanlikesmath/the-oxfordiiit-pet-dataset/images/staffordshire_bull_terrier_139.jpg,staffordshire_bull_terrier,dog,34
/kaggle/input/datasets/tanlikesmath/the-oxfordiiit-pet-dataset/images/newfoundland_11.jpg,newfoundland,dog,27
/kaggle/input/datasets/tanlikesmath/the-oxfordiiit-pet-dataset/images/american_pit_bull_terrier_183.jpg,american_pit_bull_terrier,dog,13
/kaggle/input/datasets/tanlikesmath/the-oxfordiiit-pet-dataset/images/leonberger_114.jpg,leonberger,dog,25
/kaggle/input/datasets/tanlikesmath/the-oxfordiiit-pet-dataset/images/saint_bernard_147.jpg,saint_bernard,dog,30
/kaggle/input/datasets/tanlikesmath/the-oxfordiiit-pet-dataset/images/beagle_37.jpg,beagle,dog,15
/kaggle/input/datasets/tanlikesmath/the-oxfordiiit-pet-dataset/images/havanese_78.jpg,havanese,dog,22
/kaggle/input/datasets/tanlikesmath/the-oxfordiiit-pet-dataset/images/american_bulldog_86.jpg,american_bulldog,dog,12
/kaggle/input/datasets/tanlikesmath/the-oxfordiiit-pet-dataset/images/Siamese_165.jpg,Siamese,cat,10
/kaggle/input/datasets/tanlikesmath/the-oxfordiiit-pet-dataset/images/Persian_9.jpg,Persian,cat,7
/kaggle/input/datasets/tanlikesmath/the-oxfordiiit-pet-dataset/images/saint_bernard_154.jpg,saint_bernard,dog,30
/kaggle/input/datasets/tanlikesmath/the-oxfordiiit-pet-dataset/images/japanese_chin_187.jpg,japanese_chin,dog,23
/kaggle/input/datasets/tanlikesmath/the-oxfordiiit-pet-dataset/images/leonberger_96.jpg,leonberger,dog,25
/kaggle/input/datasets/tanlikesmath/the-oxfordiiit-pet-dataset/images/British_Shorthair_179.jpg,British_Shorthair,cat,4
/kaggle/input/datasets/tanlikesmath/the-oxfordiiit-pet-dataset/images/keeshond_86.jpg,keeshond,dog,24
/kaggle/input/datasets/tanlikesmath/the-oxfordiiit-pet-dataset/images/Egyptian_Mau_34.jpg,Egyptian_Mau,cat,5
/kaggle/input/datasets/tanlikesmath/the-oxfordiiit-pet-dataset/images/japanese_chin_90.jpg,japanese_chin,dog,23
/kaggle/input/datasets/tanlikesmath/the-oxfordiiit-pet-dataset/images/german_shorthaired_109.jpg,german_shorthaired,dog,20
/kaggle/input/datasets/tanlikesmath/the-oxfordiiit-pet-dataset/images/german_shorthaired_20.jpg,german_shorthaired,dog,20
/kaggle/input/datasets/tanlikesmath/the-oxfordiiit-pet-dataset/images/american_pit_bull_terrier_31.jpg,american_pit_bull_terrier,dog,13
/kaggle/input/datasets/tanlikesmath/the-oxfordiiit-pet-dataset/images/Persian_27.jpg,Persian,cat,7
/kaggle/input/datasets/tanlikesmath/the-oxfordiiit-pet-dataset/images/english_setter_6.jpg,english_setter,dog,19
/kaggle/input/datasets/tanlikesmath/the-oxfordiiit-pet-dataset/images/Persian_125.jpg,Persian,cat,7
/kaggle/input/datasets/tanlikesmath/the-oxfordiiit-pet-dataset/images/miniature_pinscher_85.jpg,miniature_pinscher,dog,26
/kaggle/input/datasets/tanlikesmath/the-oxfordiiit-pet-dataset/images/english_cocker_spaniel_196.jpg,english_cocker_spaniel,dog,18
/kaggle/input/datasets/tanlikesmath/the-oxfordiiit-pet-dataset/images/american_bulldog_158.jpg,american_bulldog,dog,12
/kaggle/input/datasets/tanlikesmath/the-oxfordiiit-pet-dataset/images/english_cocker_spaniel_79.jpg,english_cocker_spaniel,dog,18
/kaggle/input/datasets/tanlikesmath/the-oxfordiiit-pet-dataset/images/yorkshire_terrier_45.jpg,yorkshire_terrier,dog,36
/kaggle/input/datasets/tanlikesmath/the-oxfordiiit-pet-dataset/images/leonberger_155.jpg,leonberger,dog,25
/kaggle/input/datasets/tanlikesmath/the-oxfordiiit-pet-dataset/images/Sphynx_245.jpg,Sphynx,cat,11
/kaggle/input/datasets/tanlikesmath/the-oxfordiiit-pet-dataset/images/wheaten_terrier_41.jpg,wheaten_terrier,dog,35
/kaggle/input/datasets/tanlikesmath/the-oxfordiiit-pet-dataset/images/wheaten_terrier_178.jpg,wheaten_terrier,dog,35
/kaggle/input/datasets/tanlikesmath/the-oxfordiiit-pet-dataset/images/american_pit_bull_terrier_178.jpg,american_pit_bull_terrier,dog,13
/kaggle/input/datasets/tanlikesmath/the-oxfordiiit-pet-dataset/images/great_pyrenees_126.jpg,great_pyrenees,dog,21
/kaggle/input/datasets/tanlikesmath/the-oxfordiiit-pet-dataset/images/Egyptian_Mau_84.jpg,Egyptian_Mau,cat,5
/kaggle/input/datasets/tanlikesmath/the-oxfordiiit-pet-dataset/images/american_pit_bull_terrier_33.jpg,american_pit_bull_terrier,dog,13
/kaggle/input/datasets/tanlikesmath/the-oxfordiiit-pet-dataset/images/Abyssinian_136.jpg,Abyssinian,cat,0
/kaggle/input/datasets/tanlikesmath/the-oxfordiiit-pet-dataset/images/Maine_Coon_169.jpg,Maine_Coon,cat,6
/kaggle/input/datasets/tanlikesmath/the-oxfordiiit-pet-dataset/images/keeshond_140.jpg,keeshond,dog,24
/kaggle/input/datasets/tanlikesmath/the-oxfordiiit-pet-dataset/images/great_pyrenees_188.jpg,great_pyrenees,dog,21
/kaggle/input/datasets/tanlikesmath/the-oxfordiiit-pet-dataset/images/Maine_Coon_38.jpg,Maine_Coon,cat,6
/kaggle/input/datasets/tanlikesmath/the-oxfordiiit-pet-dataset/images/english_setter_147.jpg,english_setter,dog,19
/kaggle/input/datasets/tanlikesmath/the-oxfordiiit-pet-dataset/images/Russian_Blue_49.jpg,Russian_Blue,cat,9
/kaggle/input/datasets/tanlikesmath/the-oxfordiiit-pet-dataset/images/saint_bernard_49.jpg,saint_bernard,dog,30
/kaggle/input/datasets/tanlikesmath/the-oxfordiiit-pet-dataset/images/german_shorthaired_85.jpg,german_shorthaired,dog,20
/kaggle/input/datasets/tanlikesmath/the-oxfordiiit-pet-dataset/images/scottish_terrier_172.jpg,scottish_terrier,dog,32
/kaggle/input/datasets/tanlikesmath/the-oxfordiiit-pet-dataset/images/boxer_165.jpg,boxer,dog,16
/kaggle/input/datasets/tanlikesmath/the-oxfordiiit-pet-dataset/images/shiba_inu_147.jpg,shiba_inu,dog,33
/kaggle/input/datasets/tanlikesmath/the-oxfordiiit-pet-dataset/images/american_pit_bull_terrier_84.jpg,american_pit_bull_terrier,dog,13
/kaggle/input/datasets/tanlikesmath/the-oxfordiiit-pet-dataset/images/Abyssinian_31.jpg,Abyssinian,cat,0
/kaggle/input/datasets/tanlikesmath/the-oxfordiiit-pet-dataset/images/saint_bernard_48.jpg,saint_bernard,dog,30
/kaggle/input/datasets/tanlikesmath/the-oxfordiiit-pet-dataset/images/Abyssinian_138.jpg,Abyssinian,cat,0
/kaggle/input/datasets/tanlikesmath/the-oxfordiiit-pet-dataset/images/Ragdoll_250.jpg,Ragdoll,cat,8
/kaggle/input/datasets/tanlikesmath/the-oxfordiiit-pet-dataset/images/Bombay_135.jpg,Bombay,cat,3
/kaggle/input/datasets/tanlikesmath/the-oxfordiiit-pet-dataset/images/great_pyrenees_183.jpg,great_pyrenees,dog,21
/kaggle/input/datasets/tanlikesmath/the-oxfordiiit-pet-dataset/images/english_setter_197.jpg,english_setter,dog,19
/kaggle/input/datasets/tanlikesmath/the-oxfordiiit-pet-dataset/images/samoyed_155.jpg,samoyed,dog,31
/kaggle/input/datasets/tanlikesmath/the-oxfordiiit-pet-dataset/images/chihuahua_76.jpg,chihuahua,dog,17
/kaggle/input/datasets/tanlikesmath/the-oxfordiiit-pet-dataset/images/saint_bernard_7.jpg,saint_bernard,dog,30
/kaggle/input/datasets/tanlikesmath/the-oxfordiiit-pet-dataset/images/British_Shorthair_140.jpg,British_Shorthair,cat,4
/kaggle/input/datasets/tanlikesmath/the-oxfordiiit-pet-dataset/images/pomeranian_94.jpg,pomeranian,dog,28
/kaggle/input/datasets/tanlikesmath/the-oxfordiiit-pet-dataset/images/British_Shorthair_127.jpg,British_Shorthair,cat,4
/kaggle/input/datasets/tanlikesmath/the-oxfordiiit-pet-dataset/images/Maine_Coon_28.jpg,Maine_Coon,cat,6
/kaggle/input/datasets/tanlikesmath/the-oxfordiiit-pet-dataset/images/Sphynx_114.jpg,Sphynx,cat,11
/kaggle/input/datasets/tanlikesmath/the-oxfordiiit-pet-dataset/images/english_setter_198.jpg,english_setter,dog,19
/kaggle/input/datasets/tanlikesmath/the-oxfordiiit-pet-dataset/images/Abyssinian_40.jpg,Abyssinian,cat,0
/kaggle/input/datasets/tanlikesmath/the-oxfordiiit-pet-dataset/images/keeshond_92.jpg,keeshond,dog,24
/kaggle/input/datasets/tanlikesmath/the-oxfordiiit-pet-dataset/images/scottish_terrier_148.jpg,scottish_terrier,dog,32
/kaggle/input/datasets/tanlikesmath/the-oxfordiiit-pet-dataset/images/Maine_Coon_238.jpg,Maine_Coon,cat,6
/kaggle/input/datasets/tanlikesmath/the-oxfordiiit-pet-dataset/images/basset_hound_178.jpg,basset_hound,dog,14
/kaggle/input/datasets/tanlikesmath/the-oxfordiiit-pet-dataset/images/Siamese_146.jpg,Siamese,cat,10
/kaggle/input/datasets/tanlikesmath/the-oxfordiiit-pet-dataset/images/Bengal_178.jpg,Bengal,cat,1
/kaggle/input/datasets/tanlikesmath/the-oxfordiiit-pet-dataset/images/saint_bernard_195.jpg,saint_bernard,dog,30
/kaggle/input/datasets/tanlikesmath/the-oxfordiiit-pet-dataset/images/american_pit_bull_terrier_39.jpg,american_pit_bull_terrier,dog,13
/kaggle/input/datasets/tanlikesmath/the-oxfordiiit-pet-dataset/images/american_pit_bull_terrier_145.jpg,american_pit_bull_terrier,dog,13
/kaggle/input/datasets/tanlikesmath/the-oxfordiiit-pet-dataset/images/great_pyrenees_123.jpg,great_pyrenees,dog,21
/kaggle/input/datasets/tanlikesmath/the-oxfordiiit-pet-dataset/images/shiba_inu_81.jpg,shiba_inu,dog,33
/kaggle/input/datasets/tanlikesmath/the-oxfordiiit-pet-dataset/images/leonberger_144.jpg,leonberger,dog,25
/kaggle/input/datasets/tanlikesmath/the-oxfordiiit-pet-dataset/images/Egyptian_Mau_179.jpg,Egyptian_Mau,cat,5
/kaggle/input/datasets/tanlikesmath/the-oxfordiiit-pet-dataset/images/Birman_16.jpg,Birman,cat,2
/kaggle/input/datasets/tanlikesmath/the-oxfordiiit-pet-dataset/images/scottish_terrier_97.jpg,scottish_terrier,dog,32
/kaggle/input/datasets/tanlikesmath/the-oxfordiiit-pet-dataset/images/Bengal_172.jpg,Bengal,cat,1
/kaggle/input/datasets/tanlikesmath/the-oxfordiiit-pet-dataset/images/chihuahua_79.jpg,chihuahua,dog,17
/kaggle/input/datasets/tanlikesmath/the-oxfordiiit-pet-dataset/images/British_Shorthair_153.jpg,British_Shorthair,cat,4
/kaggle/input/datasets/tanlikesmath/the-oxfordiiit-pet-dataset/images/keeshond_64.jpg,keeshond,dog,24
/kaggle/input/datasets/tanlikesmath/the-oxfordiiit-pet-dataset/images/Siamese_70.jpg,Siamese,cat,10
/kaggle/input/datasets/tanlikesmath/the-oxfordiiit-pet-dataset/images/Sphynx_34.jpg,Sphynx,cat,11
/kaggle/input/datasets/tanlikesmath/the-oxfordiiit-pet-dataset/images/american_bulldog_20.jpg,american_bulldog,dog,12
/kaggle/input/datasets/tanlikesmath/the-oxfordiiit-pet-dataset/images/yorkshire_terrier_107.jpg,yorkshire_terrier,dog,36
/kaggle/input/datasets/tanlikesmath/the-oxfordiiit-pet-dataset/images/staffordshire_bull_terrier_102.jpg,staffordshire_bull_terrier,dog,34
/kaggle/input/datasets/tanlikesmath/the-oxfordiiit-pet-dataset/images/american_bulldog_48.jpg,american_bulldog,dog,12
/kaggle/input/datasets/tanlikesmath/the-oxfordiiit-pet-dataset/images/Ragdoll_74.jpg,Ragdoll,cat,8
/kaggle/input/datasets/tanlikesmath/the-oxfordiiit-pet-dataset/images/leonberger_85.jpg,leonberger,dog,25
/kaggle/input/datasets/tanlikesmath/the-oxfordiiit-pet-dataset/images/British_Shorthair_118.jpg,British_Shorthair,cat,4
/kaggle/input/datasets/tanlikesmath/the-oxfordiiit-pet-dataset/images/saint_bernard_53.jpg,saint_bernard,dog,30
/kaggle/input/datasets/tanlikesmath/the-oxfordiiit-pet-dataset/images/samoyed_116.jpg,samoyed,dog,31
/kaggle/input/datasets/tanlikesmath/the-oxfordiiit-pet-dataset/images/Russian_Blue_97.jpg,Russian_Blue,cat,9
/kaggle/input/datasets/tanlikesmath/the-oxfordiiit-pet-dataset/images/beagle_153.jpg,beagle,dog,15
/kaggle/input/datasets/tanlikesmath/the-oxfordiiit-pet-dataset/images/miniature_pinscher_137.jpg,miniature_pinscher,dog,26
/kaggle/input/datasets/tanlikesmath/the-oxfordiiit-pet-dataset/images/Birman_48.jpg,Birman,cat,2
/kaggle/input/datasets/tanlikesmath/the-oxfordiiit-pet-dataset/images/Persian_56.jpg,Persian,cat,7
/kaggle/input/datasets/tanlikesmath/the-oxfordiiit-pet-dataset/images/american_pit_bull_terrier_175.jpg,american_pit_bull_terrier,dog,13
/kaggle/input/datasets/tanlikesmath/the-oxfordiiit-pet-dataset/images/Bombay_160.jpg,Bombay,cat,3
/kaggle/input/datasets/tanlikesmath/the-oxfordiiit-pet-dataset/images/american_pit_bull_terrier_89.jpg,american_pit_bull_terrier,dog,13
/kaggle/input/datasets/tanlikesmath/the-oxfordiiit-pet-dataset/images/samoyed_63.jpg,samoyed,dog,31
/kaggle/input/datasets/tanlikesmath/the-oxfordiiit-pet-dataset/images/Birman_198.jpg,Birman,cat,2
/kaggle/input/datasets/tanlikesmath/the-oxfordiiit-pet-dataset/images/english_setter_179.jpg,english_setter,dog,19
/kaggle/input/datasets/tanlikesmath/the-oxfordiiit-pet-dataset/images/yorkshire_terrier_12.jpg,yorkshire_terrier,dog,36
/kaggle/input/datasets/tanlikesmath/the-oxfordiiit-pet-dataset/images/shiba_inu_35.jpg,shiba_inu,dog,33
/kaggle/input/datasets/tanlikesmath/the-oxfordiiit-pet-dataset/images/basset_hound_101.jpg,basset_hound,dog,14
/kaggle/input/datasets/tanlikesmath/the-oxfordiiit-pet-dataset/images/Persian_100.jpg,Persian,cat,7
/kaggle/input/datasets/tanlikesmath/the-oxfordiiit-pet-dataset/images/american_pit_bull_terrier_75.jpg,american_pit_bull_terrier,dog,13
/kaggle/input/datasets/tanlikesmath/the-oxfordiiit-pet-dataset/images/Bengal_30.jpg,Bengal,cat,1
/kaggle/input/datasets/tanlikesmath/the-oxfordiiit-pet-dataset/images/Ragdoll_128.jpg,Ragdoll,cat,8
/kaggle/input/datasets/tanlikesmath/the-oxfordiiit-pet-dataset/images/Maine_Coon_170.jpg,Maine_Coon,cat,6
/kaggle/input/datasets/tanlikesmath/the-oxfordiiit-pet-dataset/images/shiba_inu_82.jpg,shiba_inu,dog,33
/kaggle/input/datasets/tanlikesmath/the-oxfordiiit-pet-dataset/images/pomeranian_75.jpg,pomeranian,dog,28
/kaggle/input/datasets/tanlikesmath/the-oxfordiiit-pet-dataset/images/samoyed_128.jpg,samoyed,dog,31
/kaggle/input/datasets/tanlikesmath/the-oxfordiiit-pet-dataset/images/scottish_terrier_107.jpg,scottish_terrier,dog,32
/kaggle/input/datasets/tanlikesmath/the-oxfordiiit-pet-dataset/images/havanese_180.jpg,havanese,dog,22
/kaggle/input/datasets/tanlikesmath/the-oxfordiiit-pet-dataset/images/beagle_136.jpg,beagle,dog,15
/kaggle/input/datasets/tanlikesmath/the-oxfordiiit-pet-dataset/images/havanese_116.jpg,havanese,dog,22
/kaggle/input/datasets/tanlikesmath/the-oxfordiiit-pet-dataset/images/japanese_chin_191.jpg,japanese_chin,dog,23
/kaggle/input/datasets/tanlikesmath/the-oxfordiiit-pet-dataset/images/boxer_45.jpg,boxer,dog,16
/kaggle/input/datasets/tanlikesmath/the-oxfordiiit-pet-dataset/images/basset_hound_151.jpg,basset_hound,dog,14
/kaggle/input/datasets/tanlikesmath/the-oxfordiiit-pet-dataset/images/Bombay_96.jpg,Bombay,cat,3
/kaggle/input/datasets/tanlikesmath/the-oxfordiiit-pet-dataset/images/wheaten_terrier_171.jpg,wheaten_terrier,dog,35
/kaggle/input/datasets/tanlikesmath/the-oxfordiiit-pet-dataset/images/yorkshire_terrier_104.jpg,yorkshire_terrier,dog,36
/kaggle/input/datasets/tanlikesmath/the-oxfordiiit-pet-dataset/images/english_setter_12.jpg,english_setter,dog,19
/kaggle/input/datasets/tanlikesmath/the-oxfordiiit-pet-dataset/images/Bombay_98.jpg,Bombay,cat,3
/kaggle/input/datasets/tanlikesmath/the-oxfordiiit-pet-dataset/images/British_Shorthair_8.jpg,British_Shorthair,cat,4
/kaggle/input/datasets/tanlikesmath/the-oxfordiiit-pet-dataset/images/Sphynx_136.jpg,Sphynx,cat,11
/kaggle/input/datasets/tanlikesmath/the-oxfordiiit-pet-dataset/images/newfoundland_47.jpg,newfoundland,dog,27
/kaggle/input/datasets/tanlikesmath/the-oxfordiiit-pet-dataset/images/great_pyrenees_19.jpg,great_pyrenees,dog,21
/kaggle/input/datasets/tanlikesmath/the-oxfordiiit-pet-dataset/images/Ragdoll_77.jpg,Ragdoll,cat,8
/kaggle/input/datasets/tanlikesmath/the-oxfordiiit-pet-dataset/images/shiba_inu_185.jpg,shiba_inu,dog,33
/kaggle/input/datasets/tanlikesmath/the-oxfordiiit-pet-dataset/images/miniature_pinscher_41.jpg,miniature_pinscher,dog,26
/kaggle/input/datasets/tanlikesmath/the-oxfordiiit-pet-dataset/images/english_cocker_spaniel_188.jpg,english_cocker_spaniel,dog,18
/kaggle/input/datasets/tanlikesmath/the-oxfordiiit-pet-dataset/images/Egyptian_Mau_27.jpg,Egyptian_Mau,cat,5
/kaggle/input/datasets/tanlikesmath/the-oxfordiiit-pet-dataset/images/samoyed_29.jpg,samoyed,dog,31
/kaggle/input/datasets/tanlikesmath/the-oxfordiiit-pet-dataset/images/Birman_13.jpg,Birman,cat,2
/kaggle/input/datasets/tanlikesmath/the-oxfordiiit-pet-dataset/images/keeshond_21.jpg,keeshond,dog,24
/kaggle/input/datasets/tanlikesmath/the-oxfordiiit-pet-dataset/images/beagle_81.jpg,beagle,dog,15
/kaggle/input/datasets/tanlikesmath/the-oxfordiiit-pet-dataset/images/Maine_Coon_195.jpg,Maine_Coon,cat,6
/kaggle/input/datasets/tanlikesmath/the-oxfordiiit-pet-dataset/images/american_bulldog_72.jpg,american_bulldog,dog,12
/kaggle/input/datasets/tanlikesmath/the-oxfordiiit-pet-dataset/images/pomeranian_177.jpg,pomeranian,dog,28
/kaggle/input/datasets/tanlikesmath/the-oxfordiiit-pet-dataset/images/Siamese_95.jpg,Siamese,cat,10
/kaggle/input/datasets/tanlikesmath/the-oxfordiiit-pet-dataset/images/scottish_terrier_71.jpg,scottish_terrier,dog,32
/kaggle/input/datasets/tanlikesmath/the-oxfordiiit-pet-dataset/images/basset_hound_7.jpg,basset_hound,dog,14
/kaggle/input/datasets/tanlikesmath/the-oxfordiiit-pet-dataset/images/pomeranian_108.jpg,pomeranian,dog,28
/kaggle/input/datasets/tanlikesmath/the-oxfordiiit-pet-dataset/images/keeshond_158.jpg,keeshond,dog,24
/kaggle/input/datasets/tanlikesmath/the-oxfordiiit-pet-dataset/images/german_shorthaired_96.jpg,german_shorthaired,dog,20
/kaggle/input/datasets/tanlikesmath/the-oxfordiiit-pet-dataset/images/shiba_inu_64.jpg,shiba_inu,dog,33
/kaggle/input/datasets/tanlikesmath/the-oxfordiiit-pet-dataset/images/Persian_111.jpg,Persian,cat,7
/kaggle/input/datasets/tanlikesmath/the-oxfordiiit-pet-dataset/images/Maine_Coon_126.jpg,Maine_Coon,cat,6
/kaggle/input/datasets/tanlikesmath/the-oxfordiiit-pet-dataset/images/British_Shorthair_203.jpg,British_Shorthair,cat,4
/kaggle/input/datasets/tanlikesmath/the-oxfordiiit-pet-dataset/images/Bengal_120.jpg,Bengal,cat,1
/kaggle/input/datasets/tanlikesmath/the-oxfordiiit-pet-dataset/images/Russian_Blue_166.jpg,Russian_Blue,cat,9
/kaggle/input/datasets/tanlikesmath/the-oxfordiiit-pet-dataset/images/japanese_chin_13.jpg,japanese_chin,dog,23
/kaggle/input/datasets/tanlikesmath/the-oxfordiiit-pet-dataset/images/Russian_Blue_53.jpg,Russian_Blue,cat,9
/kaggle/input/datasets/tanlikesmath/the-oxfordiiit-pet-dataset/images/boxer_121.jpg,boxer,dog,16
/kaggle/input/datasets/tanlikesmath/the-oxfordiiit-pet-dataset/images/Russian_Blue_100.jpg,Russian_Blue,cat,9
/kaggle/input/datasets/tanlikesmath/the-oxfordiiit-pet-dataset/images/newfoundland_50.jpg,newfoundland,dog,27
/kaggle/input/datasets/tanlikesmath/the-oxfordiiit-pet-dataset/images/boxer_85.jpg,boxer,dog,16
/kaggle/input/datasets/tanlikesmath/the-oxfordiiit-pet-dataset/images/samoyed_167.jpg,samoyed,dog,31
/kaggle/input/datasets/tanlikesmath/the-oxfordiiit-pet-dataset/images/leonberger_102.jpg,leonberger,dog,25
/kaggle/input/datasets/tanlikesmath/the-oxfordiiit-pet-dataset/images/wheaten_terrier_175.jpg,wheaten_terrier,dog,35
/kaggle/input/datasets/tanlikesmath/the-oxfordiiit-pet-dataset/images/great_pyrenees_118.jpg,great_pyrenees,dog,21
/kaggle/input/datasets/tanlikesmath/the-oxfordiiit-pet-dataset/images/yorkshire_terrier_56.jpg,yorkshire_terrier,dog,36
/kaggle/input/datasets/tanlikesmath/the-oxfordiiit-pet-dataset/images/Abyssinian_72.jpg,Abyssinian,cat,0
/kaggle/input/datasets/tanlikesmath/the-oxfordiiit-pet-dataset/images/Bombay_190.jpg,Bombay,cat,3
/kaggle/input/datasets/tanlikesmath/the-oxfordiiit-pet-dataset/images/american_bulldog_8.jpg,american_bulldog,dog,12
/kaggle/input/datasets/tanlikesmath/the-oxfordiiit-pet-dataset/images/beagle_3.jpg,beagle,dog,15
/kaggle/input/datasets/tanlikesmath/the-oxfordiiit-pet-dataset/images/beagle_124.jpg,beagle,dog,15
/kaggle/input/datasets/tanlikesmath/the-oxfordiiit-pet-dataset/images/german_shorthaired_107.jpg,german_shorthaired,dog,20
/kaggle/input/datasets/tanlikesmath/the-oxfordiiit-pet-dataset/images/Siamese_180.jpg,Siamese,cat,10
/kaggle/input/datasets/tanlikesmath/the-oxfordiiit-pet-dataset/images/pomeranian_62.jpg,pomeranian,dog,28
/kaggle/input/datasets/tanlikesmath/the-oxfordiiit-pet-dataset/images/chihuahua_174.jpg,chihuahua,dog,17
/kaggle/input/datasets/tanlikesmath/the-oxfordiiit-pet-dataset/images/newfoundland_128.jpg,newfoundland,dog,27
/kaggle/input/datasets/tanlikesmath/the-oxfordiiit-pet-dataset/images/beagle_118.jpg,beagle,dog,15
/kaggle/input/datasets/tanlikesmath/the-oxfordiiit-pet-dataset/images/american_pit_bull_terrier_86.jpg,american_pit_bull_terrier,dog,13
/kaggle/input/datasets/tanlikesmath/the-oxfordiiit-pet-dataset/images/Bengal_151.jpg,Bengal,cat,1
/kaggle/input/datasets/tanlikesmath/the-oxfordiiit-pet-dataset/images/keeshond_187.jpg,keeshond,dog,24
/kaggle/input/datasets/tanlikesmath/the-oxfordiiit-pet-dataset/images/american_bulldog_207.jpg,american_bulldog,dog,12
/kaggle/input/datasets/tanlikesmath/the-oxfordiiit-pet-dataset/images/Russian_Blue_20.jpg,Russian_Blue,cat,9
/kaggle/input/datasets/tanlikesmath/the-oxfordiiit-pet-dataset/images/leonberger_113.jpg,leonberger,dog,25
/kaggle/input/datasets/tanlikesmath/the-oxfordiiit-pet-dataset/images/great_pyrenees_199.jpg,great_pyrenees,dog,21
/kaggle/input/datasets/tanlikesmath/the-oxfordiiit-pet-dataset/images/havanese_172.jpg,havanese,dog,22
/kaggle/input/datasets/tanlikesmath/the-oxfordiiit-pet-dataset/images/Bombay_73.jpg,Bombay,cat,3
/kaggle/input/datasets/tanlikesmath/the-oxfordiiit-pet-dataset/images/Egyptian_Mau_36.jpg,Egyptian_Mau,cat,5
/kaggle/input/datasets/tanlikesmath/the-oxfordiiit-pet-dataset/images/scottish_terrier_165.jpg,scottish_terrier,dog,32
/kaggle/input/datasets/tanlikesmath/the-oxfordiiit-pet-dataset/images/staffordshire_bull_terrier_126.jpg,staffordshire_bull_terrier,dog,34
/kaggle/input/datasets/tanlikesmath/the-oxfordiiit-pet-dataset/images/samoyed_56.jpg,samoyed,dog,31
/kaggle/input/datasets/tanlikesmath/the-oxfordiiit-pet-dataset/images/British_Shorthair_170.jpg,British_Shorthair,cat,4
/kaggle/input/datasets/tanlikesmath/the-oxfordiiit-pet-dataset/images/Abyssinian_3.jpg,Abyssinian,cat,0
/kaggle/input/datasets/tanlikesmath/the-oxfordiiit-pet-dataset/images/miniature_pinscher_171.jpg,miniature_pinscher,dog,26
/kaggle/input/datasets/tanlikesmath/the-oxfordiiit-pet-dataset/images/scottish_terrier_124.jpg,scottish_terrier,dog,32
/kaggle/input/datasets/tanlikesmath/the-oxfordiiit-pet-dataset/images/Maine_Coon_148.jpg,Maine_Coon,cat,6
/kaggle/input/datasets/tanlikesmath/the-oxfordiiit-pet-dataset/images/english_setter_52.jpg,english_setter,dog,19
/kaggle/input/datasets/tanlikesmath/the-oxfordiiit-pet-dataset/images/boxer_41.jpg,boxer,dog,16
/kaggle/input/datasets/tanlikesmath/the-oxfordiiit-pet-dataset/images/beagle_146.jpg,beagle,dog,15
/kaggle/input/datasets/tanlikesmath/the-oxfordiiit-pet-dataset/images/yorkshire_terrier_38.jpg,yorkshire_terrier,dog,36
/kaggle/input/datasets/tanlikesmath/the-oxfordiiit-pet-dataset/images/Birman_115.jpg,Birman,cat,2
/kaggle/input/datasets/tanlikesmath/the-oxfordiiit-pet-dataset/images/english_setter_5.jpg,english_setter,dog,19
/kaggle/input/datasets/tanlikesmath/the-oxfordiiit-pet-dataset/images/chihuahua_179.jpg,chihuahua,dog,17
/kaggle/input/datasets/tanlikesmath/the-oxfordiiit-pet-dataset/images/leonberger_185.jpg,leonberger,dog,25
/kaggle/input/datasets/tanlikesmath/the-oxfordiiit-pet-dataset/images/boxer_14.jpg,boxer,dog,16
/kaggle/input/datasets/tanlikesmath/the-oxfordiiit-pet-dataset/images/boxer_86.jpg,boxer,dog,16
/kaggle/input/datasets/tanlikesmath/the-oxfordiiit-pet-dataset/images/english_cocker_spaniel_63.jpg,english_cocker_spaniel,dog,18
/kaggle/input/datasets/tanlikesmath/the-oxfordiiit-pet-dataset/images/miniature_pinscher_68.jpg,miniature_pinscher,dog,26
/kaggle/input/datasets/tanlikesmath/the-oxfordiiit-pet-dataset/images/basset_hound_46.jpg,basset_hound,dog,14
/kaggle/input/datasets/tanlikesmath/the-oxfordiiit-pet-dataset/images/miniature_pinscher_27.jpg,miniature_pinscher,dog,26
/kaggle/input/datasets/tanlikesmath/the-oxfordiiit-pet-dataset/images/scottish_terrier_113.jpg,scottish_terrier,dog,32
/kaggle/input/datasets/tanlikesmath/the-oxfordiiit-pet-dataset/images/Birman_20.jpg,Birman,cat,2
/kaggle/input/datasets/tanlikesmath/the-oxfordiiit-pet-dataset/images/Egyptian_Mau_13.jpg,Egyptian_Mau,cat,5
/kaggle/input/datasets/tanlikesmath/the-oxfordiiit-pet-dataset/images/basset_hound_79.jpg,basset_hound,dog,14
/kaggle/input/datasets/tanlikesmath/the-oxfordiiit-pet-dataset/images/pomeranian_104.jpg,pomeranian,dog,28
/kaggle/input/datasets/tanlikesmath/the-oxfordiiit-pet-dataset/images/german_shorthaired_167.jpg,german_shorthaired,dog,20
/kaggle/input/datasets/tanlikesmath/the-oxfordiiit-pet-dataset/images/Maine_Coon_210.jpg,Maine_Coon,cat,6
/kaggle/input/datasets/tanlikesmath/the-oxfordiiit-pet-dataset/images/Persian_196.jpg,Persian,cat,7
/kaggle/input/datasets/tanlikesmath/the-oxfordiiit-pet-dataset/images/american_pit_bull_terrier_44.jpg,american_pit_bull_terrier,dog,13
/kaggle/input/datasets/tanlikesmath/the-oxfordiiit-pet-dataset/images/chihuahua_34.jpg,chihuahua,dog,17
/kaggle/input/datasets/tanlikesmath/the-oxfordiiit-pet-dataset/images/pomeranian_117.jpg,pomeranian,dog,28
/kaggle/input/datasets/tanlikesmath/the-oxfordiiit-pet-dataset/images/pug_111.jpg,pug,dog,29
/kaggle/input/datasets/tanlikesmath/the-oxfordiiit-pet-dataset/images/american_pit_bull_terrier_195.jpg,american_pit_bull_terrier,dog,13
/kaggle/input/datasets/tanlikesmath/the-oxfordiiit-pet-dataset/images/Abyssinian_131.jpg,Abyssinian,cat,0
/kaggle/input/datasets/tanlikesmath/the-oxfordiiit-pet-dataset/images/japanese_chin_177.jpg,japanese_chin,dog,23
/kaggle/input/datasets/tanlikesmath/the-oxfordiiit-pet-dataset/images/Ragdoll_47.jpg,Ragdoll,cat,8
/kaggle/input/datasets/tanlikesmath/the-oxfordiiit-pet-dataset/images/great_pyrenees_46.jpg,great_pyrenees,dog,21
/kaggle/input/datasets/tanlikesmath/the-oxfordiiit-pet-dataset/images/shiba_inu_41.jpg,shiba_inu,dog,33
/kaggle/input/datasets/tanlikesmath/the-oxfordiiit-pet-dataset/images/samoyed_81.jpg,samoyed,dog,31
/kaggle/input/datasets/tanlikesmath/the-oxfordiiit-pet-dataset/images/Sphynx_132.jpg,Sphynx,cat,11
/kaggle/input/datasets/tanlikesmath/the-oxfordiiit-pet-dataset/images/samoyed_115.jpg,samoyed,dog,31
/kaggle/input/datasets/tanlikesmath/the-oxfordiiit-pet-dataset/images/miniature_pinscher_50.jpg,miniature_pinscher,dog,26
/kaggle/input/datasets/tanlikesmath/the-oxfordiiit-pet-dataset/images/samoyed_111.jpg,samoyed,dog,31
/kaggle/input/datasets/tanlikesmath/the-oxfordiiit-pet-dataset/images/boxer_128.jpg,boxer,dog,16
/kaggle/input/datasets/tanlikesmath/the-oxfordiiit-pet-dataset/images/Russian_Blue_132.jpg,Russian_Blue,cat,9
/kaggle/input/datasets/tanlikesmath/the-oxfordiiit-pet-dataset/images/beagle_75.jpg,beagle,dog,15
/kaggle/input/datasets/tanlikesmath/the-oxfordiiit-pet-dataset/images/Persian_112.jpg,Persian,cat,7
/kaggle/input/datasets/tanlikesmath/the-oxfordiiit-pet-dataset/images/samoyed_53.jpg,samoyed,dog,31
/kaggle/input/datasets/tanlikesmath/the-oxfordiiit-pet-dataset/images/newfoundland_37.jpg,newfoundland,dog,27
/kaggle/input/datasets/tanlikesmath/the-oxfordiiit-pet-dataset/images/english_cocker_spaniel_25.jpg,english_cocker_spaniel,dog,18
/kaggle/input/datasets/tanlikesmath/the-oxfordiiit-pet-dataset/images/american_pit_bull_terrier_21.jpg,american_pit_bull_terrier,dog,13
/kaggle/input/datasets/tanlikesmath/the-oxfordiiit-pet-dataset/images/pomeranian_3.jpg,pomeranian,dog,28
/kaggle/input/datasets/tanlikesmath/the-oxfordiiit-pet-dataset/images/american_bulldog_61.jpg,american_bulldog,dog,12
/kaggle/input/datasets/tanlikesmath/the-oxfordiiit-pet-dataset/images/german_shorthaired_50.jpg,german_shorthaired,dog,20
/kaggle/input/datasets/tanlikesmath/the-oxfordiiit-pet-dataset/images/boxer_143.jpg,boxer,dog,16
/kaggle/input/datasets/tanlikesmath/the-oxfordiiit-pet-dataset/images/Maine_Coon_164.jpg,Maine_Coon,cat,6
/kaggle/input/datasets/tanlikesmath/the-oxfordiiit-pet-dataset/images/shiba_inu_110.jpg,shiba_inu,dog,33
/kaggle/input/datasets/tanlikesmath/the-oxfordiiit-pet-dataset/images/Russian_Blue_82.jpg,Russian_Blue,cat,9
/kaggle/input/datasets/tanlikesmath/the-oxfordiiit-pet-dataset/images/english_setter_78.jpg,english_setter,dog,19
/kaggle/input/datasets/tanlikesmath/the-oxfordiiit-pet-dataset/images/scottish_terrier_82.jpg,scottish_terrier,dog,32
/kaggle/input/datasets/tanlikesmath/the-oxfordiiit-pet-dataset/images/Sphynx_126.jpg,Sphynx,cat,11
/kaggle/input/datasets/tanlikesmath/the-oxfordiiit-pet-dataset/images/Bombay_19.jpg,Bombay,cat,3
/kaggle/input/datasets/tanlikesmath/the-oxfordiiit-pet-dataset/images/leonberger_182.jpg,leonberger,dog,25
/kaggle/input/datasets/tanlikesmath/the-oxfordiiit-pet-dataset/images/British_Shorthair_46.jpg,British_Shorthair,cat,4
/kaggle/input/datasets/tanlikesmath/the-oxfordiiit-pet-dataset/images/yorkshire_terrier_52.jpg,yorkshire_terrier,dog,36
/kaggle/input/datasets/tanlikesmath/the-oxfordiiit-pet-dataset/images/Bengal_39.jpg,Bengal,cat,1
/kaggle/input/datasets/tanlikesmath/the-oxfordiiit-pet-dataset/images/British_Shorthair_181.jpg,British_Shorthair,cat,4
/kaggle/input/datasets/tanlikesmath/the-oxfordiiit-pet-dataset/images/shiba_inu_60.jpg,shiba_inu,dog,33
/kaggle/input/datasets/tanlikesmath/the-oxfordiiit-pet-dataset/images/British_Shorthair_85.jpg,British_Shorthair,cat,4
/kaggle/input/datasets/tanlikesmath/the-oxfordiiit-pet-dataset/images/Bengal_16.jpg,Bengal,cat,1
/kaggle/input/datasets/tanlikesmath/the-oxfordiiit-pet-dataset/images/japanese_chin_73.jpg,japanese_chin,dog,23
/kaggle/input/datasets/tanlikesmath/the-oxfordiiit-pet-dataset/images/keeshond_165.jpg,keeshond,dog,24
/kaggle/input/datasets/tanlikesmath/the-oxfordiiit-pet-dataset/images/staffordshire_bull_terrier_116.jpg,staffordshire_bull_terrier,dog,34
/kaggle/input/datasets/tanlikesmath/the-oxfordiiit-pet-dataset/images/keeshond_52.jpg,keeshond,dog,24
/kaggle/input/datasets/tanlikesmath/the-oxfordiiit-pet-dataset/images/american_pit_bull_terrier_55.jpg,american_pit_bull_terrier,dog,13
/kaggle/input/datasets/tanlikesmath/the-oxfordiiit-pet-dataset/images/basset_hound_89.jpg,basset_hound,dog,14
/kaggle/input/datasets/tanlikesmath/the-oxfordiiit-pet-dataset/images/havanese_77.jpg,havanese,dog,22
/kaggle/input/datasets/tanlikesmath/the-oxfordiiit-pet-dataset/images/Maine_Coon_80.jpg,Maine_Coon,cat,6
/kaggle/input/datasets/tanlikesmath/the-oxfordiiit-pet-dataset/images/american_bulldog_216.jpg,american_bulldog,dog,12
/kaggle/input/datasets/tanlikesmath/the-oxfordiiit-pet-dataset/images/miniature_pinscher_115.jpg,miniature_pinscher,dog,26
/kaggle/input/datasets/tanlikesmath/the-oxfordiiit-pet-dataset/images/Egyptian_Mau_183.jpg,Egyptian_Mau,cat,5
/kaggle/input/datasets/tanlikesmath/the-oxfordiiit-pet-dataset/images/basset_hound_176.jpg,basset_hound,dog,14
/kaggle/input/datasets/tanlikesmath/the-oxfordiiit-pet-dataset/images/yorkshire_terrier_91.jpg,yorkshire_terrier,dog,36
/kaggle/input/datasets/tanlikesmath/the-oxfordiiit-pet-dataset/images/samoyed_70.jpg,samoyed,dog,31
/kaggle/input/datasets/tanlikesmath/the-oxfordiiit-pet-dataset/images/Birman_191.jpg,Birman,cat,2
/kaggle/input/datasets/tanlikesmath/the-oxfordiiit-pet-dataset/images/american_bulldog_15.jpg,american_bulldog,dog,12
/kaggle/input/datasets/tanlikesmath/the-oxfordiiit-pet-dataset/images/Maine_Coon_52.jpg,Maine_Coon,cat,6
/kaggle/input/datasets/tanlikesmath/the-oxfordiiit-pet-dataset/images/British_Shorthair_88.jpg,British_Shorthair,cat,4
/kaggle/input/datasets/tanlikesmath/the-oxfordiiit-pet-dataset/images/Egyptian_Mau_35.jpg,Egyptian_Mau,cat,5
/kaggle/input/datasets/tanlikesmath/the-oxfordiiit-pet-dataset/images/great_pyrenees_13.jpg,great_pyrenees,dog,21
/kaggle/input/datasets/tanlikesmath/the-oxfordiiit-pet-dataset/images/chihuahua_46.jpg,chihuahua,dog,17
/kaggle/input/datasets/tanlikesmath/the-oxfordiiit-pet-dataset/images/pug_130.jpg,pug,dog,29
/kaggle/input/datasets/tanlikesmath/the-oxfordiiit-pet-dataset/images/Persian_28.jpg,Persian,cat,7
/kaggle/input/datasets/tanlikesmath/the-oxfordiiit-pet-dataset/images/samoyed_73.jpg,samoyed,dog,31
/kaggle/input/datasets/tanlikesmath/the-oxfordiiit-pet-dataset/images/chihuahua_175.jpg,chihuahua,dog,17
/kaggle/input/datasets/tanlikesmath/the-oxfordiiit-pet-dataset/images/Maine_Coon_196.jpg,Maine_Coon,cat,6
/kaggle/input/datasets/tanlikesmath/the-oxfordiiit-pet-dataset/images/miniature_pinscher_22.jpg,miniature_pinscher,dog,26
/kaggle/input/datasets/tanlikesmath/the-oxfordiiit-pet-dataset/images/Bengal_166.jpg,Bengal,cat,1
/kaggle/input/datasets/tanlikesmath/the-oxfordiiit-pet-dataset/images/leonberger_35.jpg,leonberger,dog,25
/kaggle/input/datasets/tanlikesmath/the-oxfordiiit-pet-dataset/images/Egyptian_Mau_79.jpg,Egyptian_Mau,cat,5
/kaggle/input/datasets/tanlikesmath/the-oxfordiiit-pet-dataset/images/samoyed_31.jpg,samoyed,dog,31
/kaggle/input/datasets/tanlikesmath/the-oxfordiiit-pet-dataset/images/British_Shorthair_276.jpg,British_Shorthair,cat,4
/kaggle/input/datasets/tanlikesmath/the-oxfordiiit-pet-dataset/images/staffordshire_bull_terrier_56.jpg,staffordshire_bull_terrier,dog,34
/kaggle/input/datasets/tanlikesmath/the-oxfordiiit-pet-dataset/images/shiba_inu_31.jpg,shiba_inu,dog,33
/kaggle/input/datasets/tanlikesmath/the-oxfordiiit-pet-dataset/images/wheaten_terrier_10.jpg,wheaten_terrier,dog,35
/kaggle/input/datasets/tanlikesmath/the-oxfordiiit-pet-dataset/images/shiba_inu_111.jpg,shiba_inu,dog,33
/kaggle/input/datasets/tanlikesmath/the-oxfordiiit-pet-dataset/images/Birman_167.jpg,Birman,cat,2
/kaggle/input/datasets/tanlikesmath/the-oxfordiiit-pet-dataset/images/beagle_174.jpg,beagle,dog,15
/kaggle/input/datasets/tanlikesmath/the-oxfordiiit-pet-dataset/images/Siamese_47.jpg,Siamese,cat,10
/kaggle/input/datasets/tanlikesmath/the-oxfordiiit-pet-dataset/images/saint_bernard_139.jpg,saint_bernard,dog,30
/kaggle/input/datasets/tanlikesmath/the-oxfordiiit-pet-dataset/images/leonberger_4.jpg,leonberger,dog,25
/kaggle/input/datasets/tanlikesmath/the-oxfordiiit-pet-dataset/images/samoyed_34.jpg,samoyed,dog,31
/kaggle/input/datasets/tanlikesmath/the-oxfordiiit-pet-dataset/images/shiba_inu_63.jpg,shiba_inu,dog,33
/kaggle/input/datasets/tanlikesmath/the-oxfordiiit-pet-dataset/images/samoyed_196.jpg,samoyed,dog,31
/kaggle/input/datasets/tanlikesmath/the-oxfordiiit-pet-dataset/images/english_cocker_spaniel_156.jpg,english_cocker_spaniel,dog,18
/kaggle/input/datasets/tanlikesmath/the-oxfordiiit-pet-dataset/images/great_pyrenees_105.jpg,great_pyrenees,dog,21
/kaggle/input/datasets/tanlikesmath/the-oxfordiiit-pet-dataset/images/havanese_53.jpg,havanese,dog,22
/kaggle/input/datasets/tanlikesmath/the-oxfordiiit-pet-dataset/images/wheaten_terrier_36.jpg,wheaten_terrier,dog,35
/kaggle/input/datasets/tanlikesmath/the-oxfordiiit-pet-dataset/images/British_Shorthair_10.jpg,British_Shorthair,cat,4
/kaggle/input/datasets/tanlikesmath/the-oxfordiiit-pet-dataset/images/staffordshire_bull_terrier_88.jpg,staffordshire_bull_terrier,dog,34
/kaggle/input/datasets/tanlikesmath/the-oxfordiiit-pet-dataset/images/chihuahua_144.jpg,chihuahua,dog,17
/kaggle/input/datasets/tanlikesmath/the-oxfordiiit-pet-dataset/images/keeshond_139.jpg,keeshond,dog,24
/kaggle/input/datasets/tanlikesmath/the-oxfordiiit-pet-dataset/images/yorkshire_terrier_175.jpg,yorkshire_terrier,dog,36
/kaggle/input/datasets/tanlikesmath/the-oxfordiiit-pet-dataset/images/Ragdoll_186.jpg,Ragdoll,cat,8
/kaggle/input/datasets/tanlikesmath/the-oxfordiiit-pet-dataset/images/boxer_107.jpg,boxer,dog,16
/kaggle/input/datasets/tanlikesmath/the-oxfordiiit-pet-dataset/images/english_cocker_spaniel_175.jpg,english_cocker_spaniel,dog,18
/kaggle/input/datasets/tanlikesmath/the-oxfordiiit-pet-dataset/images/keeshond_145.jpg,keeshond,dog,24
/kaggle/input/datasets/tanlikesmath/the-oxfordiiit-pet-dataset/images/leonberger_108.jpg,leonberger,dog,25
/kaggle/input/datasets/tanlikesmath/the-oxfordiiit-pet-dataset/images/Sphynx_4.jpg,Sphynx,cat,11
/kaggle/input/datasets/tanlikesmath/the-oxfordiiit-pet-dataset/images/chihuahua_152.jpg,chihuahua,dog,17
/kaggle/input/datasets/tanlikesmath/the-oxfordiiit-pet-dataset/images/german_shorthaired_182.jpg,german_shorthaired,dog,20
/kaggle/input/datasets/tanlikesmath/the-oxfordiiit-pet-dataset/images/Egyptian_Mau_115.jpg,Egyptian_Mau,cat,5
/kaggle/input/datasets/tanlikesmath/the-oxfordiiit-pet-dataset/images/Russian_Blue_154.jpg,Russian_Blue,cat,9
/kaggle/input/datasets/tanlikesmath/the-oxfordiiit-pet-dataset/images/basset_hound_8.jpg,basset_hound,dog,14
/kaggle/input/datasets/tanlikesmath/the-oxfordiiit-pet-dataset/images/german_shorthaired_108.jpg,german_shorthaired,dog,20
/kaggle/input/datasets/tanlikesmath/the-oxfordiiit-pet-dataset/images/Siamese_188.jpg,Siamese,cat,10
/kaggle/input/datasets/tanlikesmath/the-oxfordiiit-pet-dataset/images/german_shorthaired_63.jpg,german_shorthaired,dog,20
/kaggle/input/datasets/tanlikesmath/the-oxfordiiit-pet-dataset/images/miniature_pinscher_74.jpg,miniature_pinscher,dog,26
/kaggle/input/datasets/tanlikesmath/the-oxfordiiit-pet-dataset/images/Ragdoll_68.jpg,Ragdoll,cat,8
/kaggle/input/datasets/tanlikesmath/the-oxfordiiit-pet-dataset/images/pomeranian_66.jpg,pomeranian,dog,28
/kaggle/input/datasets/tanlikesmath/the-oxfordiiit-pet-dataset/images/miniature_pinscher_81.jpg,miniature_pinscher,dog,26
/kaggle/input/datasets/tanlikesmath/the-oxfordiiit-pet-dataset/images/boxer_135.jpg,boxer,dog,16
/kaggle/input/datasets/tanlikesmath/the-oxfordiiit-pet-dataset/images/Bombay_86.jpg,Bombay,cat,3
/kaggle/input/datasets/tanlikesmath/the-oxfordiiit-pet-dataset/images/shiba_inu_168.jpg,shiba_inu,dog,33
/kaggle/input/datasets/tanlikesmath/the-oxfordiiit-pet-dataset/images/Ragdoll_97.jpg,Ragdoll,cat,8
/kaggle/input/datasets/tanlikesmath/the-oxfordiiit-pet-dataset/images/scottish_terrier_58.jpg,scottish_terrier,dog,32
/kaggle/input/datasets/tanlikesmath/the-oxfordiiit-pet-dataset/images/english_setter_18.jpg,english_setter,dog,19
/kaggle/input/datasets/tanlikesmath/the-oxfordiiit-pet-dataset/images/staffordshire_bull_terrier_49.jpg,staffordshire_bull_terrier,dog,34
/kaggle/input/datasets/tanlikesmath/the-oxfordiiit-pet-dataset/images/english_setter_42.jpg,english_setter,dog,19
/kaggle/input/datasets/tanlikesmath/the-oxfordiiit-pet-dataset/images/scottish_terrier_108.jpg,scottish_terrier,dog,32
/kaggle/input/datasets/tanlikesmath/the-oxfordiiit-pet-dataset/images/scottish_terrier_99.jpg,scottish_terrier,dog,32
/kaggle/input/datasets/tanlikesmath/the-oxfordiiit-pet-dataset/images/english_setter_128.jpg,english_setter,dog,19
/kaggle/input/datasets/tanlikesmath/the-oxfordiiit-pet-dataset/images/Siamese_135.jpg,Siamese,cat,10
/kaggle/input/datasets/tanlikesmath/the-oxfordiiit-pet-dataset/images/saint_bernard_62.jpg,saint_bernard,dog,30
/kaggle/input/datasets/tanlikesmath/the-oxfordiiit-pet-dataset/images/beagle_69.jpg,beagle,dog,15
/kaggle/input/datasets/tanlikesmath/the-oxfordiiit-pet-dataset/images/chihuahua_114.jpg,chihuahua,dog,17
/kaggle/input/datasets/tanlikesmath/the-oxfordiiit-pet-dataset/images/Sphynx_242.jpg,Sphynx,cat,11
/kaggle/input/datasets/tanlikesmath/the-oxfordiiit-pet-dataset/images/keeshond_46.jpg,keeshond,dog,24
/kaggle/input/datasets/tanlikesmath/the-oxfordiiit-pet-dataset/images/newfoundland_70.jpg,newfoundland,dog,27
/kaggle/input/datasets/tanlikesmath/the-oxfordiiit-pet-dataset/images/chihuahua_68.jpg,chihuahua,dog,17
/kaggle/input/datasets/tanlikesmath/the-oxfordiiit-pet-dataset/images/english_cocker_spaniel_124.jpg,english_cocker_spaniel,dog,18
/kaggle/input/datasets/tanlikesmath/the-oxfordiiit-pet-dataset/images/Sphynx_3.jpg,Sphynx,cat,11
/kaggle/input/datasets/tanlikesmath/the-oxfordiiit-pet-dataset/images/Bengal_114.jpg,Bengal,cat,1
/kaggle/input/datasets/tanlikesmath/the-oxfordiiit-pet-dataset/images/miniature_pinscher_10.jpg,miniature_pinscher,dog,26
/kaggle/input/datasets/tanlikesmath/the-oxfordiiit-pet-dataset/images/samoyed_91.jpg,samoyed,dog,31
/kaggle/input/datasets/tanlikesmath/the-oxfordiiit-pet-dataset/images/boxer_63.jpg,boxer,dog,16
/kaggle/input/datasets/tanlikesmath/the-oxfordiiit-pet-dataset/images/British_Shorthair_196.jpg,British_Shorthair,cat,4
/kaggle/input/datasets/tanlikesmath/the-oxfordiiit-pet-dataset/images/beagle_27.jpg,beagle,dog,15
/kaggle/input/datasets/tanlikesmath/the-oxfordiiit-pet-dataset/images/shiba_inu_194.jpg,shiba_inu,dog,33
/kaggle/input/datasets/tanlikesmath/the-oxfordiiit-pet-dataset/images/boxer_154.jpg,boxer,dog,16
/kaggle/input/datasets/tanlikesmath/the-oxfordiiit-pet-dataset/images/newfoundland_7.jpg,newfoundland,dog,27
/kaggle/input/datasets/tanlikesmath/the-oxfordiiit-pet-dataset/images/Egyptian_Mau_223.jpg,Egyptian_Mau,cat,5
/kaggle/input/datasets/tanlikesmath/the-oxfordiiit-pet-dataset/images/Maine_Coon_37.jpg,Maine_Coon,cat,6
/kaggle/input/datasets/tanlikesmath/the-oxfordiiit-pet-dataset/images/Birman_5.jpg,Birman,cat,2
/kaggle/input/datasets/tanlikesmath/the-oxfordiiit-pet-dataset/images/Birman_15.jpg,Birman,cat,2
/kaggle/input/datasets/tanlikesmath/the-oxfordiiit-pet-dataset/images/British_Shorthair_97.jpg,British_Shorthair,cat,4
/kaggle/input/datasets/tanlikesmath/the-oxfordiiit-pet-dataset/images/english_cocker_spaniel_30.jpg,english_cocker_spaniel,dog,18
/kaggle/input/datasets/tanlikesmath/the-oxfordiiit-pet-dataset/images/boxer_103.jpg,boxer,dog,16
/kaggle/input/datasets/tanlikesmath/the-oxfordiiit-pet-dataset/images/english_cocker_spaniel_159.jpg,english_cocker_spaniel,dog,18
/kaggle/input/datasets/tanlikesmath/the-oxfordiiit-pet-dataset/images/Maine_Coon_267.jpg,Maine_Coon,cat,6
/kaggle/input/datasets/tanlikesmath/the-oxfordiiit-pet-dataset/images/miniature_pinscher_139.jpg,miniature_pinscher,dog,26
/kaggle/input/datasets/tanlikesmath/the-oxfordiiit-pet-dataset/images/Abyssinian_181.jpg,Abyssinian,cat,0
/kaggle/input/datasets/tanlikesmath/the-oxfordiiit-pet-dataset/images/havanese_139.jpg,havanese,dog,22
/kaggle/input/datasets/tanlikesmath/the-oxfordiiit-pet-dataset/images/leonberger_83.jpg,leonberger,dog,25
/kaggle/input/datasets/tanlikesmath/the-oxfordiiit-pet-dataset/images/newfoundland_188.jpg,newfoundland,dog,27
/kaggle/input/datasets/tanlikesmath/the-oxfordiiit-pet-dataset/images/Russian_Blue_61.jpg,Russian_Blue,cat,9
/kaggle/input/datasets/tanlikesmath/the-oxfordiiit-pet-dataset/images/beagle_115.jpg,beagle,dog,15
/kaggle/input/datasets/tanlikesmath/the-oxfordiiit-pet-dataset/images/Russian_Blue_91.jpg,Russian_Blue,cat,9
/kaggle/input/datasets/tanlikesmath/the-oxfordiiit-pet-dataset/images/Bengal_127.jpg,Bengal,cat,1
/kaggle/input/datasets/tanlikesmath/the-oxfordiiit-pet-dataset/images/beagle_111.jpg,beagle,dog,15
/kaggle/input/datasets/tanlikesmath/the-oxfordiiit-pet-dataset/images/beagle_52.jpg,beagle,dog,15
/kaggle/input/datasets/tanlikesmath/the-oxfordiiit-pet-dataset/images/Bengal_67.jpg,Bengal,cat,1
/kaggle/input/datasets/tanlikesmath/the-oxfordiiit-pet-dataset/images/newfoundland_80.jpg,newfoundland,dog,27
/kaggle/input/datasets/tanlikesmath/the-oxfordiiit-pet-dataset/images/scottish_terrier_110.jpg,scottish_terrier,dog,32
/kaggle/input/datasets/tanlikesmath/the-oxfordiiit-pet-dataset/images/samoyed_100.jpg,samoyed,dog,31
/kaggle/input/datasets/tanlikesmath/the-oxfordiiit-pet-dataset/images/British_Shorthair_65.jpg,British_Shorthair,cat,4
/kaggle/input/datasets/tanlikesmath/the-oxfordiiit-pet-dataset/images/yorkshire_terrier_24.jpg,yorkshire_terrier,dog,36
/kaggle/input/datasets/tanlikesmath/the-oxfordiiit-pet-dataset/images/english_setter_98.jpg,english_setter,dog,19
/kaggle/input/datasets/tanlikesmath/the-oxfordiiit-pet-dataset/images/miniature_pinscher_140.jpg,miniature_pinscher,dog,26
/kaggle/input/datasets/tanlikesmath/the-oxfordiiit-pet-dataset/images/beagle_54.jpg,beagle,dog,15
/kaggle/input/datasets/tanlikesmath/the-oxfordiiit-pet-dataset/images/american_pit_bull_terrier_144.jpg,american_pit_bull_terrier,dog,13
/kaggle/input/datasets/tanlikesmath/the-oxfordiiit-pet-dataset/images/havanese_176.jpg,havanese,dog,22
/kaggle/input/datasets/tanlikesmath/the-oxfordiiit-pet-dataset/images/leonberger_29.jpg,leonberger,dog,25
/kaggle/input/datasets/tanlikesmath/the-oxfordiiit-pet-dataset/images/english_setter_146.jpg,english_setter,dog,19
/kaggle/input/datasets/tanlikesmath/the-oxfordiiit-pet-dataset/images/Egyptian_Mau_74.jpg,Egyptian_Mau,cat,5
/kaggle/input/datasets/tanlikesmath/the-oxfordiiit-pet-dataset/images/Ragdoll_259.jpg,Ragdoll,cat,8
/kaggle/input/datasets/tanlikesmath/the-oxfordiiit-pet-dataset/images/Bengal_160.jpg,Bengal,cat,1
/kaggle/input/datasets/tanlikesmath/the-oxfordiiit-pet-dataset/images/samoyed_141.jpg,samoyed,dog,31
/kaggle/input/datasets/tanlikesmath/the-oxfordiiit-pet-dataset/images/Maine_Coon_222.jpg,Maine_Coon,cat,6
/kaggle/input/datasets/tanlikesmath/the-oxfordiiit-pet-dataset/images/beagle_16.jpg,beagle,dog,15
/kaggle/input/datasets/tanlikesmath/the-oxfordiiit-pet-dataset/images/yorkshire_terrier_112.jpg,yorkshire_terrier,dog,36
/kaggle/input/datasets/tanlikesmath/the-oxfordiiit-pet-dataset/images/american_bulldog_32.jpg,american_bulldog,dog,12
/kaggle/input/datasets/tanlikesmath/the-oxfordiiit-pet-dataset/images/Sphynx_243.jpg,Sphynx,cat,11
/kaggle/input/datasets/tanlikesmath/the-oxfordiiit-pet-dataset/images/Sphynx_72.jpg,Sphynx,cat,11
/kaggle/input/datasets/tanlikesmath/the-oxfordiiit-pet-dataset/images/scottish_terrier_62.jpg,scottish_terrier,dog,32
/kaggle/input/datasets/tanlikesmath/the-oxfordiiit-pet-dataset/images/japanese_chin_64.jpg,japanese_chin,dog,23
/kaggle/input/datasets/tanlikesmath/the-oxfordiiit-pet-dataset/images/havanese_65.jpg,havanese,dog,22
/kaggle/input/datasets/tanlikesmath/the-oxfordiiit-pet-dataset/images/Abyssinian_21.jpg,Abyssinian,cat,0
/kaggle/input/datasets/tanlikesmath/the-oxfordiiit-pet-dataset/images/Bengal_190.jpg,Bengal,cat,1
/kaggle/input/datasets/tanlikesmath/the-oxfordiiit-pet-dataset/images/english_setter_149.jpg,english_setter,dog,19
/kaggle/input/datasets/tanlikesmath/the-oxfordiiit-pet-dataset/images/great_pyrenees_17.jpg,great_pyrenees,dog,21
/kaggle/input/datasets/tanlikesmath/the-oxfordiiit-pet-dataset/images/Siamese_116.jpg,Siamese,cat,10
/kaggle/input/datasets/tanlikesmath/the-oxfordiiit-pet-dataset/images/Birman_27.jpg,Birman,cat,2
/kaggle/input/datasets/tanlikesmath/the-oxfordiiit-pet-dataset/images/saint_bernard_18.jpg,saint_bernard,dog,30
/kaggle/input/datasets/tanlikesmath/the-oxfordiiit-pet-dataset/images/newfoundland_97.jpg,newfoundland,dog,27
/kaggle/input/datasets/tanlikesmath/the-oxfordiiit-pet-dataset/images/pomeranian_78.jpg,pomeranian,dog,28
/kaggle/input/datasets/tanlikesmath/the-oxfordiiit-pet-dataset/images/basset_hound_110.jpg,basset_hound,dog,14
/kaggle/input/datasets/tanlikesmath/the-oxfordiiit-pet-dataset/images/yorkshire_terrier_99.jpg,yorkshire_terrier,dog,36
/kaggle/input/datasets/tanlikesmath/the-oxfordiiit-pet-dataset/images/beagle_123.jpg,beagle,dog,15
/kaggle/input/datasets/tanlikesmath/the-oxfordiiit-pet-dataset/images/samoyed_188.jpg,samoyed,dog,31
/kaggle/input/datasets/tanlikesmath/the-oxfordiiit-pet-dataset/images/great_pyrenees_125.jpg,great_pyrenees,dog,21
/kaggle/input/datasets/tanlikesmath/the-oxfordiiit-pet-dataset/images/Persian_260.jpg,Persian,cat,7
/kaggle/input/datasets/tanlikesmath/the-oxfordiiit-pet-dataset/images/basset_hound_128.jpg,basset_hound,dog,14
/kaggle/input/datasets/tanlikesmath/the-oxfordiiit-pet-dataset/images/chihuahua_137.jpg,chihuahua,dog,17
/kaggle/input/datasets/tanlikesmath/the-oxfordiiit-pet-dataset/images/British_Shorthair_212.jpg,British_Shorthair,cat,4
/kaggle/input/datasets/tanlikesmath/the-oxfordiiit-pet-dataset/images/pug_103.jpg,pug,dog,29
/kaggle/input/datasets/tanlikesmath/the-oxfordiiit-pet-dataset/images/boxer_106.jpg,boxer,dog,16
/kaggle/input/datasets/tanlikesmath/the-oxfordiiit-pet-dataset/images/miniature_pinscher_1.jpg,miniature_pinscher,dog,26
/kaggle/input/datasets/tanlikesmath/the-oxfordiiit-pet-dataset/images/japanese_chin_25.jpg,japanese_chin,dog,23
/kaggle/input/datasets/tanlikesmath/the-oxfordiiit-pet-dataset/images/beagle_116.jpg,beagle,dog,15
/kaggle/input/datasets/tanlikesmath/the-oxfordiiit-pet-dataset/images/British_Shorthair_86.jpg,British_Shorthair,cat,4
/kaggle/input/datasets/tanlikesmath/the-oxfordiiit-pet-dataset/images/havanese_124.jpg,havanese,dog,22
/kaggle/input/datasets/tanlikesmath/the-oxfordiiit-pet-dataset/images/great_pyrenees_78.jpg,great_pyrenees,dog,21
/kaggle/input/datasets/tanlikesmath/the-oxfordiiit-pet-dataset/images/chihuahua_77.jpg,chihuahua,dog,17
/kaggle/input/datasets/tanlikesmath/the-oxfordiiit-pet-dataset/images/Birman_84.jpg,Birman,cat,2
/kaggle/input/datasets/tanlikesmath/the-oxfordiiit-pet-dataset/images/basset_hound_179.jpg,basset_hound,dog,14
/kaggle/input/datasets/tanlikesmath/the-oxfordiiit-pet-dataset/images/Sphynx_195.jpg,Sphynx,cat,11
/kaggle/input/datasets/tanlikesmath/the-oxfordiiit-pet-dataset/images/beagle_144.jpg,beagle,dog,15
/kaggle/input/datasets/tanlikesmath/the-oxfordiiit-pet-dataset/images/wheaten_terrier_141.jpg,wheaten_terrier,dog,35
/kaggle/input/datasets/tanlikesmath/the-oxfordiiit-pet-dataset/images/basset_hound_98.jpg,basset_hound,dog,14
/kaggle/input/datasets/tanlikesmath/the-oxfordiiit-pet-dataset/images/american_bulldog_167.jpg,american_bulldog,dog,12
/kaggle/input/datasets/tanlikesmath/the-oxfordiiit-pet-dataset/images/english_setter_40.jpg,english_setter,dog,19
/kaggle/input/datasets/tanlikesmath/the-oxfordiiit-pet-dataset/images/Bombay_39.jpg,Bombay,cat,3
/kaggle/input/datasets/tanlikesmath/the-oxfordiiit-pet-dataset/images/beagle_82.jpg,beagle,dog,15
/kaggle/input/datasets/tanlikesmath/the-oxfordiiit-pet-dataset/images/basset_hound_127.jpg,basset_hound,dog,14
/kaggle/input/datasets/tanlikesmath/the-oxfordiiit-pet-dataset/images/Maine_Coon_112.jpg,Maine_Coon,cat,6
/kaggle/input/datasets/tanlikesmath/the-oxfordiiit-pet-dataset/images/samoyed_27.jpg,samoyed,dog,31
/kaggle/input/datasets/tanlikesmath/the-oxfordiiit-pet-dataset/images/pomeranian_125.jpg,pomeranian,dog,28
/kaggle/input/datasets/tanlikesmath/the-oxfordiiit-pet-dataset/images/Egyptian_Mau_75.jpg,Egyptian_Mau,cat,5
/kaggle/input/datasets/tanlikesmath/the-oxfordiiit-pet-dataset/images/american_bulldog_92.jpg,american_bulldog,dog,12
/kaggle/input/datasets/tanlikesmath/the-oxfordiiit-pet-dataset/images/wheaten_terrier_78.jpg,wheaten_terrier,dog,35
/kaggle/input/datasets/tanlikesmath/the-oxfordiiit-pet-dataset/images/Egyptian_Mau_209.jpg,Egyptian_Mau,cat,5
/kaggle/input/datasets/tanlikesmath/the-oxfordiiit-pet-dataset/images/miniature_pinscher_61.jpg,miniature_pinscher,dog,26
/kaggle/input/datasets/tanlikesmath/the-oxfordiiit-pet-dataset/images/staffordshire_bull_terrier_190.jpg,staffordshire_bull_terrier,dog,34
/kaggle/input/datasets/tanlikesmath/the-oxfordiiit-pet-dataset/images/scottish_terrier_197.jpg,scottish_terrier,dog,32
/kaggle/input/datasets/tanlikesmath/the-oxfordiiit-pet-dataset/images/shiba_inu_39.jpg,shiba_inu,dog,33
/kaggle/input/datasets/tanlikesmath/the-oxfordiiit-pet-dataset/images/Bombay_30.jpg,Bombay,cat,3
/kaggle/input/datasets/tanlikesmath/the-oxfordiiit-pet-dataset/images/havanese_185.jpg,havanese,dog,22
/kaggle/input/datasets/tanlikesmath/the-oxfordiiit-pet-dataset/images/basset_hound_85.jpg,basset_hound,dog,14
/kaggle/input/datasets/tanlikesmath/the-oxfordiiit-pet-dataset/images/Russian_Blue_137.jpg,Russian_Blue,cat,9
/kaggle/input/datasets/tanlikesmath/the-oxfordiiit-pet-dataset/images/saint_bernard_88.jpg,saint_bernard,dog,30
/kaggle/input/datasets/tanlikesmath/the-oxfordiiit-pet-dataset/images/havanese_42.jpg,havanese,dog,22
/kaggle/input/datasets/tanlikesmath/the-oxfordiiit-pet-dataset/images/Egyptian_Mau_142.jpg,Egyptian_Mau,cat,5
/kaggle/input/datasets/tanlikesmath/the-oxfordiiit-pet-dataset/images/newfoundland_138.jpg,newfoundland,dog,27
/kaggle/input/datasets/tanlikesmath/the-oxfordiiit-pet-dataset/images/samoyed_148.jpg,samoyed,dog,31
/kaggle/input/datasets/tanlikesmath/the-oxfordiiit-pet-dataset/images/pomeranian_195.jpg,pomeranian,dog,28
/kaggle/input/datasets/tanlikesmath/the-oxfordiiit-pet-dataset/images/Egyptian_Mau_26.jpg,Egyptian_Mau,cat,5
/kaggle/input/datasets/tanlikesmath/the-oxfordiiit-pet-dataset/images/basset_hound_114.jpg,basset_hound,dog,14
/kaggle/input/datasets/tanlikesmath/the-oxfordiiit-pet-dataset/images/leonberger_64.jpg,leonberger,dog,25
/kaggle/input/datasets/tanlikesmath/the-oxfordiiit-pet-dataset/images/Birman_194.jpg,Birman,cat,2
/kaggle/input/datasets/tanlikesmath/the-oxfordiiit-pet-dataset/images/Sphynx_84.jpg,Sphynx,cat,11
/kaggle/input/datasets/tanlikesmath/the-oxfordiiit-pet-dataset/images/Russian_Blue_67.jpg,Russian_Blue,cat,9
/kaggle/input/datasets/tanlikesmath/the-oxfordiiit-pet-dataset/images/Sphynx_194.jpg,Sphynx,cat,11
/kaggle/input/datasets/tanlikesmath/the-oxfordiiit-pet-dataset/images/Sphynx_80.jpg,Sphynx,cat,11
/kaggle/input/datasets/tanlikesmath/the-oxfordiiit-pet-dataset/images/chihuahua_180.jpg,chihuahua,dog,17
/kaggle/input/datasets/tanlikesmath/the-oxfordiiit-pet-dataset/images/pug_41.jpg,pug,dog,29
/kaggle/input/datasets/tanlikesmath/the-oxfordiiit-pet-dataset/images/Persian_137.jpg,Persian,cat,7
/kaggle/input/datasets/tanlikesmath/the-oxfordiiit-pet-dataset/images/havanese_137.jpg,havanese,dog,22
/kaggle/input/datasets/tanlikesmath/the-oxfordiiit-pet-dataset/images/Abyssinian_110.jpg,Abyssinian,cat,0
/kaggle/input/datasets/tanlikesmath/the-oxfordiiit-pet-dataset/images/leonberger_115.jpg,leonberger,dog,25
/kaggle/input/datasets/tanlikesmath/the-oxfordiiit-pet-dataset/images/Siamese_20.jpg,Siamese,cat,10
/kaggle/input/datasets/tanlikesmath/the-oxfordiiit-pet-dataset/images/beagle_114.jpg,beagle,dog,15
/kaggle/input/datasets/tanlikesmath/the-oxfordiiit-pet-dataset/images/havanese_115.jpg,havanese,dog,22
/kaggle/input/datasets/tanlikesmath/the-oxfordiiit-pet-dataset/images/basset_hound_19.jpg,basset_hound,dog,14
/kaggle/input/datasets/tanlikesmath/the-oxfordiiit-pet-dataset/images/Russian_Blue_228.jpg,Russian_Blue,cat,9
/kaggle/input/datasets/tanlikesmath/the-oxfordiiit-pet-dataset/images/american_pit_bull_terrier_8.jpg,american_pit_bull_terrier,dog,13
/kaggle/input/datasets/tanlikesmath/the-oxfordiiit-pet-dataset/images/saint_bernard_153.jpg,saint_bernard,dog,30
/kaggle/input/datasets/tanlikesmath/the-oxfordiiit-pet-dataset/images/Abyssinian_155.jpg,Abyssinian,cat,0
/kaggle/input/datasets/tanlikesmath/the-oxfordiiit-pet-dataset/images/english_cocker_spaniel_140.jpg,english_cocker_spaniel,dog,18
/kaggle/input/datasets/tanlikesmath/the-oxfordiiit-pet-dataset/images/Maine_Coon_245.jpg,Maine_Coon,cat,6
/kaggle/input/datasets/tanlikesmath/the-oxfordiiit-pet-dataset/images/chihuahua_52.jpg,chihuahua,dog,17
/kaggle/input/datasets/tanlikesmath/the-oxfordiiit-pet-dataset/images/samoyed_21.jpg,samoyed,dog,31
/kaggle/input/datasets/tanlikesmath/the-oxfordiiit-pet-dataset/images/Birman_170.jpg,Birman,cat,2
/kaggle/input/datasets/tanlikesmath/the-oxfordiiit-pet-dataset/images/havanese_108.jpg,havanese,dog,22
/kaggle/input/datasets/tanlikesmath/the-oxfordiiit-pet-dataset/images/beagle_152.jpg,beagle,dog,15
/kaggle/input/datasets/tanlikesmath/the-oxfordiiit-pet-dataset/images/pug_132.jpg,pug,dog,29
/kaggle/input/datasets/tanlikesmath/the-oxfordiiit-pet-dataset/images/wheaten_terrier_182.jpg,wheaten_terrier,dog,35
/kaggle/input/datasets/tanlikesmath/the-oxfordiiit-pet-dataset/images/Siamese_234.jpg,Siamese,cat,10
/kaggle/input/datasets/tanlikesmath/the-oxfordiiit-pet-dataset/images/keeshond_71.jpg,keeshond,dog,24
/kaggle/input/datasets/tanlikesmath/the-oxfordiiit-pet-dataset/images/samoyed_123.jpg,samoyed,dog,31
/kaggle/input/datasets/tanlikesmath/the-oxfordiiit-pet-dataset/images/shiba_inu_59.jpg,shiba_inu,dog,33
/kaggle/input/datasets/tanlikesmath/the-oxfordiiit-pet-dataset/images/german_shorthaired_18.jpg,german_shorthaired,dog,20
/kaggle/input/datasets/tanlikesmath/the-oxfordiiit-pet-dataset/images/keeshond_143.jpg,keeshond,dog,24
/kaggle/input/datasets/tanlikesmath/the-oxfordiiit-pet-dataset/images/american_pit_bull_terrier_184.jpg,american_pit_bull_terrier,dog,13
/kaggle/input/datasets/tanlikesmath/the-oxfordiiit-pet-dataset/images/Persian_193.jpg,Persian,cat,7
/kaggle/input/datasets/tanlikesmath/the-oxfordiiit-pet-dataset/images/pomeranian_120.jpg,pomeranian,dog,28
/kaggle/input/datasets/tanlikesmath/the-oxfordiiit-pet-dataset/images/scottish_terrier_149.jpg,scottish_terrier,dog,32
/kaggle/input/datasets/tanlikesmath/the-oxfordiiit-pet-dataset/images/Bengal_33.jpg,Bengal,cat,1
/kaggle/input/datasets/tanlikesmath/the-oxfordiiit-pet-dataset/images/yorkshire_terrier_173.jpg,yorkshire_terrier,dog,36
/kaggle/input/datasets/tanlikesmath/the-oxfordiiit-pet-dataset/images/Ragdoll_113.jpg,Ragdoll,cat,8
/kaggle/input/datasets/tanlikesmath/the-oxfordiiit-pet-dataset/images/Russian_Blue_173.jpg,Russian_Blue,cat,9
/kaggle/input/datasets/tanlikesmath/the-oxfordiiit-pet-dataset/images/Abyssinian_7.jpg,Abyssinian,cat,0
/kaggle/input/datasets/tanlikesmath/the-oxfordiiit-pet-dataset/images/english_cocker_spaniel_29.jpg,english_cocker_spaniel,dog,18
/kaggle/input/datasets/tanlikesmath/the-oxfordiiit-pet-dataset/images/Siamese_130.jpg,Siamese,cat,10
/kaggle/input/datasets/tanlikesmath/the-oxfordiiit-pet-dataset/images/miniature_pinscher_154.jpg,miniature_pinscher,dog,26
/kaggle/input/datasets/tanlikesmath/the-oxfordiiit-pet-dataset/images/german_shorthaired_102.jpg,german_shorthaired,dog,20
/kaggle/input/datasets/tanlikesmath/the-oxfordiiit-pet-dataset/images/Russian_Blue_27.jpg,Russian_Blue,cat,9
/kaggle/input/datasets/tanlikesmath/the-oxfordiiit-pet-dataset/images/Persian_155.jpg,Persian,cat,7
/kaggle/input/datasets/tanlikesmath/the-oxfordiiit-pet-dataset/images/scottish_terrier_120.jpg,scottish_terrier,dog,32
/kaggle/input/datasets/tanlikesmath/the-oxfordiiit-pet-dataset/images/Persian_239.jpg,Persian,cat,7
/kaggle/input/datasets/tanlikesmath/the-oxfordiiit-pet-dataset/images/leonberger_90.jpg,leonberger,dog,25
/kaggle/input/datasets/tanlikesmath/the-oxfordiiit-pet-dataset/images/great_pyrenees_200.jpg,great_pyrenees,dog,21
/kaggle/input/datasets/tanlikesmath/the-oxfordiiit-pet-dataset/images/Maine_Coon_167.jpg,Maine_Coon,cat,6
/kaggle/input/datasets/tanlikesmath/the-oxfordiiit-pet-dataset/images/Persian_272.jpg,Persian,cat,7
/kaggle/input/datasets/tanlikesmath/the-oxfordiiit-pet-dataset/images/japanese_chin_14.jpg,japanese_chin,dog,23
/kaggle/input/datasets/tanlikesmath/the-oxfordiiit-pet-dataset/images/miniature_pinscher_101.jpg,miniature_pinscher,dog,26
/kaggle/input/datasets/tanlikesmath/the-oxfordiiit-pet-dataset/images/newfoundland_150.jpg,newfoundland,dog,27
/kaggle/input/datasets/tanlikesmath/the-oxfordiiit-pet-dataset/images/saint_bernard_66.jpg,saint_bernard,dog,30
/kaggle/input/datasets/tanlikesmath/the-oxfordiiit-pet-dataset/images/Abyssinian_219.jpg,Abyssinian,cat,0
/kaggle/input/datasets/tanlikesmath/the-oxfordiiit-pet-dataset/images/wheaten_terrier_21.jpg,wheaten_terrier,dog,35
/kaggle/input/datasets/tanlikesmath/the-oxfordiiit-pet-dataset/images/wheaten_terrier_66.jpg,wheaten_terrier,dog,35
/kaggle/input/datasets/tanlikesmath/the-oxfordiiit-pet-dataset/images/newfoundland_107.jpg,newfoundland,dog,27
/kaggle/input/datasets/tanlikesmath/the-oxfordiiit-pet-dataset/images/Bombay_50.jpg,Bombay,cat,3
/kaggle/input/datasets/tanlikesmath/the-oxfordiiit-pet-dataset/images/Russian_Blue_99.jpg,Russian_Blue,cat,9
/kaggle/input/datasets/tanlikesmath/the-oxfordiiit-pet-dataset/images/beagle_87.jpg,beagle,dog,15
/kaggle/input/datasets/tanlikesmath/the-oxfordiiit-pet-dataset/images/Siamese_85.jpg,Siamese,cat,10
/kaggle/input/datasets/tanlikesmath/the-oxfordiiit-pet-dataset/images/scottish_terrier_161.jpg,scottish_terrier,dog,32
/kaggle/input/datasets/tanlikesmath/the-oxfordiiit-pet-dataset/images/Maine_Coon_39.jpg,Maine_Coon,cat,6
/kaggle/input/datasets/tanlikesmath/the-oxfordiiit-pet-dataset/images/english_cocker_spaniel_97.jpg,english_cocker_spaniel,dog,18
/kaggle/input/datasets/tanlikesmath/the-oxfordiiit-pet-dataset/images/Maine_Coon_140.jpg,Maine_Coon,cat,6
/kaggle/input/datasets/tanlikesmath/the-oxfordiiit-pet-dataset/images/Sphynx_5.jpg,Sphynx,cat,11
/kaggle/input/datasets/tanlikesmath/the-oxfordiiit-pet-dataset/images/american_pit_bull_terrier_138.jpg,american_pit_bull_terrier,dog,13
/kaggle/input/datasets/tanlikesmath/the-oxfordiiit-pet-dataset/images/Maine_Coon_76.jpg,Maine_Coon,cat,6
/kaggle/input/datasets/tanlikesmath/the-oxfordiiit-pet-dataset/images/chihuahua_159.jpg,chihuahua,dog,17
/kaggle/input/datasets/tanlikesmath/the-oxfordiiit-pet-dataset/images/beagle_50.jpg,beagle,dog,15
/kaggle/input/datasets/tanlikesmath/the-oxfordiiit-pet-dataset/images/miniature_pinscher_63.jpg,miniature_pinscher,dog,26
/kaggle/input/datasets/tanlikesmath/the-oxfordiiit-pet-dataset/images/Bombay_118.jpg,Bombay,cat,3
/kaggle/input/datasets/tanlikesmath/the-oxfordiiit-pet-dataset/images/miniature_pinscher_94.jpg,miniature_pinscher,dog,26
/kaggle/input/datasets/tanlikesmath/the-oxfordiiit-pet-dataset/images/havanese_154.jpg,havanese,dog,22
/kaggle/input/datasets/tanlikesmath/the-oxfordiiit-pet-dataset/images/Abyssinian_83.jpg,Abyssinian,cat,0
/kaggle/input/datasets/tanlikesmath/the-oxfordiiit-pet-dataset/images/leonberger_117.jpg,leonberger,dog,25
/kaggle/input/datasets/tanlikesmath/the-oxfordiiit-pet-dataset/images/havanese_39.jpg,havanese,dog,22
/kaggle/input/datasets/tanlikesmath/the-oxfordiiit-pet-dataset/images/Maine_Coon_84.jpg,Maine_Coon,cat,6
/kaggle/input/datasets/tanlikesmath/the-oxfordiiit-pet-dataset/images/miniature_pinscher_30.jpg,miniature_pinscher,dog,26
/kaggle/input/datasets/tanlikesmath/the-oxfordiiit-pet-dataset/images/scottish_terrier_44.jpg,scottish_terrier,dog,32
/kaggle/input/datasets/tanlikesmath/the-oxfordiiit-pet-dataset/images/Russian_Blue_44.jpg,Russian_Blue,cat,9
/kaggle/input/datasets/tanlikesmath/the-oxfordiiit-pet-dataset/images/havanese_168.jpg,havanese,dog,22
/kaggle/input/datasets/tanlikesmath/the-oxfordiiit-pet-dataset/images/american_pit_bull_terrier_194.jpg,american_pit_bull_terrier,dog,13
/kaggle/input/datasets/tanlikesmath/the-oxfordiiit-pet-dataset/images/japanese_chin_116.jpg,japanese_chin,dog,23
/kaggle/input/datasets/tanlikesmath/the-oxfordiiit-pet-dataset/images/basset_hound_97.jpg,basset_hound,dog,14
/kaggle/input/datasets/tanlikesmath/the-oxfordiiit-pet-dataset/images/Egyptian_Mau_164.jpg,Egyptian_Mau,cat,5
/kaggle/input/datasets/tanlikesmath/the-oxfordiiit-pet-dataset/images/pomeranian_103.jpg,pomeranian,dog,28
/kaggle/input/datasets/tanlikesmath/the-oxfordiiit-pet-dataset/images/american_pit_bull_terrier_125.jpg,american_pit_bull_terrier,dog,13
/kaggle/input/datasets/tanlikesmath/the-oxfordiiit-pet-dataset/images/shiba_inu_85.jpg,shiba_inu,dog,33
/kaggle/input/datasets/tanlikesmath/the-oxfordiiit-pet-dataset/images/american_pit_bull_terrier_68.jpg,american_pit_bull_terrier,dog,13
/kaggle/input/datasets/tanlikesmath/the-oxfordiiit-pet-dataset/images/american_bulldog_218.jpg,american_bulldog,dog,12
/kaggle/input/datasets/tanlikesmath/the-oxfordiiit-pet-dataset/images/shiba_inu_171.jpg,shiba_inu,dog,33
/kaggle/input/datasets/tanlikesmath/the-oxfordiiit-pet-dataset/images/miniature_pinscher_145.jpg,miniature_pinscher,dog,26
/kaggle/input/datasets/tanlikesmath/the-oxfordiiit-pet-dataset/images/american_pit_bull_terrier_43.jpg,american_pit_bull_terrier,dog,13
/kaggle/input/datasets/tanlikesmath/the-oxfordiiit-pet-dataset/images/wheaten_terrier_169.jpg,wheaten_terrier,dog,35
/kaggle/input/datasets/tanlikesmath/the-oxfordiiit-pet-dataset/images/samoyed_68.jpg,samoyed,dog,31
/kaggle/input/datasets/tanlikesmath/the-oxfordiiit-pet-dataset/images/shiba_inu_86.jpg,shiba_inu,dog,33
/kaggle/input/datasets/tanlikesmath/the-oxfordiiit-pet-dataset/images/beagle_42.jpg,beagle,dog,15
/kaggle/input/datasets/tanlikesmath/the-oxfordiiit-pet-dataset/images/Egyptian_Mau_145.jpg,Egyptian_Mau,cat,5
/kaggle/input/datasets/tanlikesmath/the-oxfordiiit-pet-dataset/images/american_bulldog_47.jpg,american_bulldog,dog,12
/kaggle/input/datasets/tanlikesmath/the-oxfordiiit-pet-dataset/images/Egyptian_Mau_207.jpg,Egyptian_Mau,cat,5
/kaggle/input/datasets/tanlikesmath/the-oxfordiiit-pet-dataset/images/British_Shorthair_128.jpg,British_Shorthair,cat,4
/kaggle/input/datasets/tanlikesmath/the-oxfordiiit-pet-dataset/images/Bombay_13.jpg,Bombay,cat,3
/kaggle/input/datasets/tanlikesmath/the-oxfordiiit-pet-dataset/images/British_Shorthair_109.jpg,British_Shorthair,cat,4
/kaggle/input/datasets/tanlikesmath/the-oxfordiiit-pet-dataset/images/staffordshire_bull_terrier_5.jpg,staffordshire_bull_terrier,dog,34
/kaggle/input/datasets/tanlikesmath/the-oxfordiiit-pet-dataset/images/Persian_90.jpg,Persian,cat,7
/kaggle/input/datasets/tanlikesmath/the-oxfordiiit-pet-dataset/images/samoyed_108.jpg,samoyed,dog,31
/kaggle/input/datasets/tanlikesmath/the-oxfordiiit-pet-dataset/images/saint_bernard_179.jpg,saint_bernard,dog,30
/kaggle/input/datasets/tanlikesmath/the-oxfordiiit-pet-dataset/images/Bengal_46.jpg,Bengal,cat,1
/kaggle/input/datasets/tanlikesmath/the-oxfordiiit-pet-dataset/images/great_pyrenees_196.jpg,great_pyrenees,dog,21
/kaggle/input/datasets/tanlikesmath/the-oxfordiiit-pet-dataset/images/pug_31.jpg,pug,dog,29
/kaggle/input/datasets/tanlikesmath/the-oxfordiiit-pet-dataset/images/Bengal_138.jpg,Bengal,cat,1
/kaggle/input/datasets/tanlikesmath/the-oxfordiiit-pet-dataset/images/german_shorthaired_33.jpg,german_shorthaired,dog,20
/kaggle/input/datasets/tanlikesmath/the-oxfordiiit-pet-dataset/images/beagle_6.jpg,beagle,dog,15
/kaggle/input/datasets/tanlikesmath/the-oxfordiiit-pet-dataset/images/beagle_90.jpg,beagle,dog,15
/kaggle/input/datasets/tanlikesmath/the-oxfordiiit-pet-dataset/images/english_cocker_spaniel_15.jpg,english_cocker_spaniel,dog,18
/kaggle/input/datasets/tanlikesmath/the-oxfordiiit-pet-dataset/images/pomeranian_63.jpg,pomeranian,dog,28
/kaggle/input/datasets/tanlikesmath/the-oxfordiiit-pet-dataset/images/shiba_inu_21.jpg,shiba_inu,dog,33
/kaggle/input/datasets/tanlikesmath/the-oxfordiiit-pet-dataset/images/newfoundland_168.jpg,newfoundland,dog,27
/kaggle/input/datasets/tanlikesmath/the-oxfordiiit-pet-dataset/images/saint_bernard_91.jpg,saint_bernard,dog,30
/kaggle/input/datasets/tanlikesmath/the-oxfordiiit-pet-dataset/images/chihuahua_13.jpg,chihuahua,dog,17
/kaggle/input/datasets/tanlikesmath/the-oxfordiiit-pet-dataset/images/american_pit_bull_terrier_13.jpg,american_pit_bull_terrier,dog,13
/kaggle/input/datasets/tanlikesmath/the-oxfordiiit-pet-dataset/images/Maine_Coon_116.jpg,Maine_Coon,cat,6
/kaggle/input/datasets/tanlikesmath/the-oxfordiiit-pet-dataset/images/Ragdoll_197.jpg,Ragdoll,cat,8
/kaggle/input/datasets/tanlikesmath/the-oxfordiiit-pet-dataset/images/saint_bernard_130.jpg,saint_bernard,dog,30
/kaggle/input/datasets/tanlikesmath/the-oxfordiiit-pet-dataset/images/chihuahua_99.jpg,chihuahua,dog,17
/kaggle/input/datasets/tanlikesmath/the-oxfordiiit-pet-dataset/images/newfoundland_12.jpg,newfoundland,dog,27
/kaggle/input/datasets/tanlikesmath/the-oxfordiiit-pet-dataset/images/Bengal_191.jpg,Bengal,cat,1
/kaggle/input/datasets/tanlikesmath/the-oxfordiiit-pet-dataset/images/Egyptian_Mau_78.jpg,Egyptian_Mau,cat,5
/kaggle/input/datasets/tanlikesmath/the-oxfordiiit-pet-dataset/images/scottish_terrier_157.jpg,scottish_terrier,dog,32
/kaggle/input/datasets/tanlikesmath/the-oxfordiiit-pet-dataset/images/British_Shorthair_74.jpg,British_Shorthair,cat,4
/kaggle/input/datasets/tanlikesmath/the-oxfordiiit-pet-dataset/images/Siamese_5.jpg,Siamese,cat,10
/kaggle/input/datasets/tanlikesmath/the-oxfordiiit-pet-dataset/images/Maine_Coon_201.jpg,Maine_Coon,cat,6
/kaggle/input/datasets/tanlikesmath/the-oxfordiiit-pet-dataset/images/miniature_pinscher_179.jpg,miniature_pinscher,dog,26
/kaggle/input/datasets/tanlikesmath/the-oxfordiiit-pet-dataset/images/Persian_61.jpg,Persian,cat,7
/kaggle/input/datasets/tanlikesmath/the-oxfordiiit-pet-dataset/images/american_pit_bull_terrier_16.jpg,american_pit_bull_terrier,dog,13
/kaggle/input/datasets/tanlikesmath/the-oxfordiiit-pet-dataset/images/american_bulldog_177.jpg,american_bulldog,dog,12
/kaggle/input/datasets/tanlikesmath/the-oxfordiiit-pet-dataset/images/Sphynx_38.jpg,Sphynx,cat,11
/kaggle/input/datasets/tanlikesmath/the-oxfordiiit-pet-dataset/images/german_shorthaired_80.jpg,german_shorthaired,dog,20
/kaggle/input/datasets/tanlikesmath/the-oxfordiiit-pet-dataset/images/english_cocker_spaniel_165.jpg,english_cocker_spaniel,dog,18
/kaggle/input/datasets/tanlikesmath/the-oxfordiiit-pet-dataset/images/Bengal_176.jpg,Bengal,cat,1
/kaggle/input/datasets/tanlikesmath/the-oxfordiiit-pet-dataset/images/pug_26.jpg,pug,dog,29
/kaggle/input/datasets/tanlikesmath/the-oxfordiiit-pet-dataset/images/great_pyrenees_151.jpg,great_pyrenees,dog,21
/kaggle/input/datasets/tanlikesmath/the-oxfordiiit-pet-dataset/images/basset_hound_47.jpg,basset_hound,dog,14
/kaggle/input/datasets/tanlikesmath/the-oxfordiiit-pet-dataset/images/Bombay_117.jpg,Bombay,cat,3
/kaggle/input/datasets/tanlikesmath/the-oxfordiiit-pet-dataset/images/Abyssinian_17.jpg,Abyssinian,cat,0
/kaggle/input/datasets/tanlikesmath/the-oxfordiiit-pet-dataset/images/Birman_72.jpg,Birman,cat,2
/kaggle/input/datasets/tanlikesmath/the-oxfordiiit-pet-dataset/images/english_cocker_spaniel_2.jpg,english_cocker_spaniel,dog,18
/kaggle/input/datasets/tanlikesmath/the-oxfordiiit-pet-dataset/images/keeshond_170.jpg,keeshond,dog,24
/kaggle/input/datasets/tanlikesmath/the-oxfordiiit-pet-dataset/images/Bengal_65.jpg,Bengal,cat,1
/kaggle/input/datasets/tanlikesmath/the-oxfordiiit-pet-dataset/images/Bengal_66.jpg,Bengal,cat,1
/kaggle/input/datasets/tanlikesmath/the-oxfordiiit-pet-dataset/images/newfoundland_195.jpg,newfoundland,dog,27
/kaggle/input/datasets/tanlikesmath/the-oxfordiiit-pet-dataset/images/scottish_terrier_78.jpg,scottish_terrier,dog,32
/kaggle/input/datasets/tanlikesmath/the-oxfordiiit-pet-dataset/images/beagle_8.jpg,beagle,dog,15
/kaggle/input/datasets/tanlikesmath/the-oxfordiiit-pet-dataset/images/boxer_197.jpg,boxer,dog,16
/kaggle/input/datasets/tanlikesmath/the-oxfordiiit-pet-dataset/images/english_setter_20.jpg,english_setter,dog,19
/kaggle/input/datasets/tanlikesmath/the-oxfordiiit-pet-dataset/images/great_pyrenees_12.jpg,great_pyrenees,dog,21
/kaggle/input/datasets/tanlikesmath/the-oxfordiiit-pet-dataset/images/wheaten_terrier_12.jpg,wheaten_terrier,dog,35
/kaggle/input/datasets/tanlikesmath/the-oxfordiiit-pet-dataset/images/yorkshire_terrier_123.jpg,yorkshire_terrier,dog,36
/kaggle/input/datasets/tanlikesmath/the-oxfordiiit-pet-dataset/images/english_cocker_spaniel_76.jpg,english_cocker_spaniel,dog,18
/kaggle/input/datasets/tanlikesmath/the-oxfordiiit-pet-dataset/images/leonberger_37.jpg,leonberger,dog,25
/kaggle/input/datasets/tanlikesmath/the-oxfordiiit-pet-dataset/images/boxer_57.jpg,boxer,dog,16
/kaggle/input/datasets/tanlikesmath/the-oxfordiiit-pet-dataset/images/havanese_85.jpg,havanese,dog,22
/kaggle/input/datasets/tanlikesmath/the-oxfordiiit-pet-dataset/images/samoyed_156.jpg,samoyed,dog,31
/kaggle/input/datasets/tanlikesmath/the-oxfordiiit-pet-dataset/images/Egyptian_Mau_222.jpg,Egyptian_Mau,cat,5
/kaggle/input/datasets/tanlikesmath/the-oxfordiiit-pet-dataset/images/great_pyrenees_136.jpg,great_pyrenees,dog,21
/kaggle/input/datasets/tanlikesmath/the-oxfordiiit-pet-dataset/images/miniature_pinscher_133.jpg,miniature_pinscher,dog,26
/kaggle/input/datasets/tanlikesmath/the-oxfordiiit-pet-dataset/images/wheaten_terrier_28.jpg,wheaten_terrier,dog,35
/kaggle/input/datasets/tanlikesmath/the-oxfordiiit-pet-dataset/images/chihuahua_31.jpg,chihuahua,dog,17
/kaggle/input/datasets/tanlikesmath/the-oxfordiiit-pet-dataset/images/leonberger_17.jpg,leonberger,dog,25
/kaggle/input/datasets/tanlikesmath/the-oxfordiiit-pet-dataset/images/staffordshire_bull_terrier_32.jpg,staffordshire_bull_terrier,dog,34
/kaggle/input/datasets/tanlikesmath/the-oxfordiiit-pet-dataset/images/pug_20.jpg,pug,dog,29
/kaggle/input/datasets/tanlikesmath/the-oxfordiiit-pet-dataset/images/wheaten_terrier_170.jpg,wheaten_terrier,dog,35
/kaggle/input/datasets/tanlikesmath/the-oxfordiiit-pet-dataset/images/american_bulldog_84.jpg,american_bulldog,dog,12
/kaggle/input/datasets/tanlikesmath/the-oxfordiiit-pet-dataset/images/boxer_157.jpg,boxer,dog,16
/kaggle/input/datasets/tanlikesmath/the-oxfordiiit-pet-dataset/images/Egyptian_Mau_131.jpg,Egyptian_Mau,cat,5
/kaggle/input/datasets/tanlikesmath/the-oxfordiiit-pet-dataset/images/english_cocker_spaniel_198.jpg,english_cocker_spaniel,dog,18
/kaggle/input/datasets/tanlikesmath/the-oxfordiiit-pet-dataset/images/scottish_terrier_139.jpg,scottish_terrier,dog,32
/kaggle/input/datasets/tanlikesmath/the-oxfordiiit-pet-dataset/images/american_pit_bull_terrier_152.jpg,american_pit_bull_terrier,dog,13
/kaggle/input/datasets/tanlikesmath/the-oxfordiiit-pet-dataset/images/Bengal_18.jpg,Bengal,cat,1
/kaggle/input/datasets/tanlikesmath/the-oxfordiiit-pet-dataset/images/miniature_pinscher_180.jpg,miniature_pinscher,dog,26
/kaggle/input/datasets/tanlikesmath/the-oxfordiiit-pet-dataset/images/scottish_terrier_48.jpg,scottish_terrier,dog,32
/kaggle/input/datasets/tanlikesmath/the-oxfordiiit-pet-dataset/images/Bombay_56.jpg,Bombay,cat,3
/kaggle/input/datasets/tanlikesmath/the-oxfordiiit-pet-dataset/images/english_setter_187.jpg,english_setter,dog,19
/kaggle/input/datasets/tanlikesmath/the-oxfordiiit-pet-dataset/images/Abyssinian_128.jpg,Abyssinian,cat,0
/kaggle/input/datasets/tanlikesmath/the-oxfordiiit-pet-dataset/images/shiba_inu_78.jpg,shiba_inu,dog,33
/kaggle/input/datasets/tanlikesmath/the-oxfordiiit-pet-dataset/images/miniature_pinscher_7.jpg,miniature_pinscher,dog,26
/kaggle/input/datasets/tanlikesmath/the-oxfordiiit-pet-dataset/images/Bengal_106.jpg,Bengal,cat,1
/kaggle/input/datasets/tanlikesmath/the-oxfordiiit-pet-dataset/images/British_Shorthair_101.jpg,British_Shorthair,cat,4
/kaggle/input/datasets/tanlikesmath/the-oxfordiiit-pet-dataset/images/pomeranian_193.jpg,pomeranian,dog,28
/kaggle/input/datasets/tanlikesmath/the-oxfordiiit-pet-dataset/images/scottish_terrier_36.jpg,scottish_terrier,dog,32
/kaggle/input/datasets/tanlikesmath/the-oxfordiiit-pet-dataset/images/beagle_57.jpg,beagle,dog,15
/kaggle/input/datasets/tanlikesmath/the-oxfordiiit-pet-dataset/images/leonberger_28.jpg,leonberger,dog,25
/kaggle/input/datasets/tanlikesmath/the-oxfordiiit-pet-dataset/images/Maine_Coon_160.jpg,Maine_Coon,cat,6
/kaggle/input/datasets/tanlikesmath/the-oxfordiiit-pet-dataset/images/British_Shorthair_273.jpg,British_Shorthair,cat,4
/kaggle/input/datasets/tanlikesmath/the-oxfordiiit-pet-dataset/images/yorkshire_terrier_13.jpg,yorkshire_terrier,dog,36
/kaggle/input/datasets/tanlikesmath/the-oxfordiiit-pet-dataset/images/english_setter_60.jpg,english_setter,dog,19
/kaggle/input/datasets/tanlikesmath/the-oxfordiiit-pet-dataset/images/Russian_Blue_30.jpg,Russian_Blue,cat,9
/kaggle/input/datasets/tanlikesmath/the-oxfordiiit-pet-dataset/images/staffordshire_bull_terrier_91.jpg,staffordshire_bull_terrier,dog,34
/kaggle/input/datasets/tanlikesmath/the-oxfordiiit-pet-dataset/images/Bombay_131.jpg,Bombay,cat,3
/kaggle/input/datasets/tanlikesmath/the-oxfordiiit-pet-dataset/images/scottish_terrier_125.jpg,scottish_terrier,dog,32
/kaggle/input/datasets/tanlikesmath/the-oxfordiiit-pet-dataset/images/miniature_pinscher_149.jpg,miniature_pinscher,dog,26
/kaggle/input/datasets/tanlikesmath/the-oxfordiiit-pet-dataset/images/boxer_47.jpg,boxer,dog,16
/kaggle/input/datasets/tanlikesmath/the-oxfordiiit-pet-dataset/images/pug_114.jpg,pug,dog,29
/kaggle/input/datasets/tanlikesmath/the-oxfordiiit-pet-dataset/images/havanese_100.jpg,havanese,dog,22
/kaggle/input/datasets/tanlikesmath/the-oxfordiiit-pet-dataset/images/samoyed_13.jpg,samoyed,dog,31
/kaggle/input/datasets/tanlikesmath/the-oxfordiiit-pet-dataset/images/shiba_inu_61.jpg,shiba_inu,dog,33
/kaggle/input/datasets/tanlikesmath/the-oxfordiiit-pet-dataset/images/Ragdoll_45.jpg,Ragdoll,cat,8
/kaggle/input/datasets/tanlikesmath/the-oxfordiiit-pet-dataset/images/great_pyrenees_47.jpg,great_pyrenees,dog,21
/kaggle/input/datasets/tanlikesmath/the-oxfordiiit-pet-dataset/images/great_pyrenees_71.jpg,great_pyrenees,dog,21
/kaggle/input/datasets/tanlikesmath/the-oxfordiiit-pet-dataset/images/Bengal_59.jpg,Bengal,cat,1
/kaggle/input/datasets/tanlikesmath/the-oxfordiiit-pet-dataset/images/english_cocker_spaniel_171.jpg,english_cocker_spaniel,dog,18
/kaggle/input/datasets/tanlikesmath/the-oxfordiiit-pet-dataset/images/boxer_13.jpg,boxer,dog,16
/kaggle/input/datasets/tanlikesmath/the-oxfordiiit-pet-dataset/images/keeshond_42.jpg,keeshond,dog,24
/kaggle/input/datasets/tanlikesmath/the-oxfordiiit-pet-dataset/images/american_bulldog_183.jpg,american_bulldog,dog,12
/kaggle/input/datasets/tanlikesmath/the-oxfordiiit-pet-dataset/images/leonberger_58.jpg,leonberger,dog,25
/kaggle/input/datasets/tanlikesmath/the-oxfordiiit-pet-dataset/images/great_pyrenees_154.jpg,great_pyrenees,dog,21
/kaggle/input/datasets/tanlikesmath/the-oxfordiiit-pet-dataset/images/leonberger_187.jpg,leonberger,dog,25
/kaggle/input/datasets/tanlikesmath/the-oxfordiiit-pet-dataset/images/shiba_inu_158.jpg,shiba_inu,dog,33
/kaggle/input/datasets/tanlikesmath/the-oxfordiiit-pet-dataset/images/newfoundland_179.jpg,newfoundland,dog,27
/kaggle/input/datasets/tanlikesmath/the-oxfordiiit-pet-dataset/images/english_cocker_spaniel_52.jpg,english_cocker_spaniel,dog,18
/kaggle/input/datasets/tanlikesmath/the-oxfordiiit-pet-dataset/images/american_bulldog_153.jpg,american_bulldog,dog,12
/kaggle/input/datasets/tanlikesmath/the-oxfordiiit-pet-dataset/images/Sphynx_102.jpg,Sphynx,cat,11
/kaggle/input/datasets/tanlikesmath/the-oxfordiiit-pet-dataset/images/miniature_pinscher_33.jpg,miniature_pinscher,dog,26
/kaggle/input/datasets/tanlikesmath/the-oxfordiiit-pet-dataset/images/scottish_terrier_133.jpg,scottish_terrier,dog,32
/kaggle/input/datasets/tanlikesmath/the-oxfordiiit-pet-dataset/images/Egyptian_Mau_122.jpg,Egyptian_Mau,cat,5
/kaggle/input/datasets/tanlikesmath/the-oxfordiiit-pet-dataset/images/samoyed_163.jpg,samoyed,dog,31
/kaggle/input/datasets/tanlikesmath/the-oxfordiiit-pet-dataset/images/Ragdoll_152.jpg,Ragdoll,cat,8
/kaggle/input/datasets/tanlikesmath/the-oxfordiiit-pet-dataset/images/english_cocker_spaniel_10.jpg,english_cocker_spaniel,dog,18
/kaggle/input/datasets/tanlikesmath/the-oxfordiiit-pet-dataset/images/saint_bernard_65.jpg,saint_bernard,dog,30
/kaggle/input/datasets/tanlikesmath/the-oxfordiiit-pet-dataset/images/pomeranian_160.jpg,pomeranian,dog,28
/kaggle/input/datasets/tanlikesmath/the-oxfordiiit-pet-dataset/images/Egyptian_Mau_132.jpg,Egyptian_Mau,cat,5
/kaggle/input/datasets/tanlikesmath/the-oxfordiiit-pet-dataset/images/english_setter_16.jpg,english_setter,dog,19
/kaggle/input/datasets/tanlikesmath/the-oxfordiiit-pet-dataset/images/British_Shorthair_155.jpg,British_Shorthair,cat,4
/kaggle/input/datasets/tanlikesmath/the-oxfordiiit-pet-dataset/images/Persian_162.jpg,Persian,cat,7
/kaggle/input/datasets/tanlikesmath/the-oxfordiiit-pet-dataset/images/Abyssinian_76.jpg,Abyssinian,cat,0
/kaggle/input/datasets/tanlikesmath/the-oxfordiiit-pet-dataset/images/newfoundland_167.jpg,newfoundland,dog,27
/kaggle/input/datasets/tanlikesmath/the-oxfordiiit-pet-dataset/images/boxer_118.jpg,boxer,dog,16
/kaggle/input/datasets/tanlikesmath/the-oxfordiiit-pet-dataset/images/saint_bernard_129.jpg,saint_bernard,dog,30
/kaggle/input/datasets/tanlikesmath/the-oxfordiiit-pet-dataset/images/english_setter_43.jpg,english_setter,dog,19
/kaggle/input/datasets/tanlikesmath/the-oxfordiiit-pet-dataset/images/yorkshire_terrier_115.jpg,yorkshire_terrier,dog,36
/kaggle/input/datasets/tanlikesmath/the-oxfordiiit-pet-dataset/images/great_pyrenees_96.jpg,great_pyrenees,dog,21
/kaggle/input/datasets/tanlikesmath/the-oxfordiiit-pet-dataset/images/Siamese_158.jpg,Siamese,cat,10
/kaggle/input/datasets/tanlikesmath/the-oxfordiiit-pet-dataset/images/staffordshire_bull_terrier_19.jpg,staffordshire_bull_terrier,dog,34
/kaggle/input/datasets/tanlikesmath/the-oxfordiiit-pet-dataset/images/pomeranian_34.jpg,pomeranian,dog,28
/kaggle/input/datasets/tanlikesmath/the-oxfordiiit-pet-dataset/images/Bombay_5.jpg,Bombay,cat,3
/kaggle/input/datasets/tanlikesmath/the-oxfordiiit-pet-dataset/images/Bombay_166.jpg,Bombay,cat,3
/kaggle/input/datasets/tanlikesmath/the-oxfordiiit-pet-dataset/images/keeshond_155.jpg,keeshond,dog,24
/kaggle/input/datasets/tanlikesmath/the-oxfordiiit-pet-dataset/images/pug_138.jpg,pug,dog,29
/kaggle/input/datasets/tanlikesmath/the-oxfordiiit-pet-dataset/images/Persian_81.jpg,Persian,cat,7
/kaggle/input/datasets/tanlikesmath/the-oxfordiiit-pet-dataset/images/german_shorthaired_155.jpg,german_shorthaired,dog,20
/kaggle/input/datasets/tanlikesmath/the-oxfordiiit-pet-dataset/images/miniature_pinscher_83.jpg,miniature_pinscher,dog,26
/kaggle/input/datasets/tanlikesmath/the-oxfordiiit-pet-dataset/images/english_setter_81.jpg,english_setter,dog,19
/kaggle/input/datasets/tanlikesmath/the-oxfordiiit-pet-dataset/images/pomeranian_137.jpg,pomeranian,dog,28
/kaggle/input/datasets/tanlikesmath/the-oxfordiiit-pet-dataset/images/Bengal_150.jpg,Bengal,cat,1
/kaggle/input/datasets/tanlikesmath/the-oxfordiiit-pet-dataset/images/shiba_inu_102.jpg,shiba_inu,dog,33
/kaggle/input/datasets/tanlikesmath/the-oxfordiiit-pet-dataset/images/Persian_60.jpg,Persian,cat,7
/kaggle/input/datasets/tanlikesmath/the-oxfordiiit-pet-dataset/images/pomeranian_99.jpg,pomeranian,dog,28
/kaggle/input/datasets/tanlikesmath/the-oxfordiiit-pet-dataset/images/shiba_inu_4.jpg,shiba_inu,dog,33
/kaggle/input/datasets/tanlikesmath/the-oxfordiiit-pet-dataset/images/great_pyrenees_115.jpg,great_pyrenees,dog,21
/kaggle/input/datasets/tanlikesmath/the-oxfordiiit-pet-dataset/images/english_cocker_spaniel_120.jpg,english_cocker_spaniel,dog,18
/kaggle/input/datasets/tanlikesmath/the-oxfordiiit-pet-dataset/images/pug_107.jpg,pug,dog,29
/kaggle/input/datasets/tanlikesmath/the-oxfordiiit-pet-dataset/images/Siamese_71.jpg,Siamese,cat,10
/kaggle/input/datasets/tanlikesmath/the-oxfordiiit-pet-dataset/images/pug_18.jpg,pug,dog,29
/kaggle/input/datasets/tanlikesmath/the-oxfordiiit-pet-dataset/images/pug_86.jpg,pug,dog,29
/kaggle/input/datasets/tanlikesmath/the-oxfordiiit-pet-dataset/images/Egyptian_Mau_184.jpg,Egyptian_Mau,cat,5
/kaggle/input/datasets/tanlikesmath/the-oxfordiiit-pet-dataset/images/Abyssinian_22.jpg,Abyssinian,cat,0
/kaggle/input/datasets/tanlikesmath/the-oxfordiiit-pet-dataset/images/pomeranian_111.jpg,pomeranian,dog,28
/kaggle/input/datasets/tanlikesmath/the-oxfordiiit-pet-dataset/images/saint_bernard_176.jpg,saint_bernard,dog,30
/kaggle/input/datasets/tanlikesmath/the-oxfordiiit-pet-dataset/images/japanese_chin_165.jpg,japanese_chin,dog,23
/kaggle/input/datasets/tanlikesmath/the-oxfordiiit-pet-dataset/images/wheaten_terrier_74.jpg,wheaten_terrier,dog,35
/kaggle/input/datasets/tanlikesmath/the-oxfordiiit-pet-dataset/images/american_bulldog_96.jpg,american_bulldog,dog,12
/kaggle/input/datasets/tanlikesmath/the-oxfordiiit-pet-dataset/images/British_Shorthair_114.jpg,British_Shorthair,cat,4
/kaggle/input/datasets/tanlikesmath/the-oxfordiiit-pet-dataset/images/staffordshire_bull_terrier_89.jpg,staffordshire_bull_terrier,dog,34
/kaggle/input/datasets/tanlikesmath/the-oxfordiiit-pet-dataset/images/english_setter_19.jpg,english_setter,dog,19
/kaggle/input/datasets/tanlikesmath/the-oxfordiiit-pet-dataset/images/pomeranian_71.jpg,pomeranian,dog,28
/kaggle/input/datasets/tanlikesmath/the-oxfordiiit-pet-dataset/images/boxer_88.jpg,boxer,dog,16
/kaggle/input/datasets/tanlikesmath/the-oxfordiiit-pet-dataset/images/havanese_126.jpg,havanese,dog,22
/kaggle/input/datasets/tanlikesmath/the-oxfordiiit-pet-dataset/images/pug_30.jpg,pug,dog,29
/kaggle/input/datasets/tanlikesmath/the-oxfordiiit-pet-dataset/images/newfoundland_57.jpg,newfoundland,dog,27
/kaggle/input/datasets/tanlikesmath/the-oxfordiiit-pet-dataset/images/Russian_Blue_188.jpg,Russian_Blue,cat,9
/kaggle/input/datasets/tanlikesmath/the-oxfordiiit-pet-dataset/images/american_bulldog_52.jpg,american_bulldog,dog,12
/kaggle/input/datasets/tanlikesmath/the-oxfordiiit-pet-dataset/images/american_bulldog_198.jpg,american_bulldog,dog,12
/kaggle/input/datasets/tanlikesmath/the-oxfordiiit-pet-dataset/images/samoyed_149.jpg,samoyed,dog,31
/kaggle/input/datasets/tanlikesmath/the-oxfordiiit-pet-dataset/images/wheaten_terrier_198.jpg,wheaten_terrier,dog,35
/kaggle/input/datasets/tanlikesmath/the-oxfordiiit-pet-dataset/images/Egyptian_Mau_123.jpg,Egyptian_Mau,cat,5
/kaggle/input/datasets/tanlikesmath/the-oxfordiiit-pet-dataset/images/Russian_Blue_220.jpg,Russian_Blue,cat,9
/kaggle/input/datasets/tanlikesmath/the-oxfordiiit-pet-dataset/images/pomeranian_141.jpg,pomeranian,dog,28
/kaggle/input/datasets/tanlikesmath/the-oxfordiiit-pet-dataset/images/chihuahua_110.jpg,chihuahua,dog,17
/kaggle/input/datasets/tanlikesmath/the-oxfordiiit-pet-dataset/images/english_setter_31.jpg,english_setter,dog,19
/kaggle/input/datasets/tanlikesmath/the-oxfordiiit-pet-dataset/images/Maine_Coon_211.jpg,Maine_Coon,cat,6
/kaggle/input/datasets/tanlikesmath/the-oxfordiiit-pet-dataset/images/beagle_92.jpg,beagle,dog,15
/kaggle/input/datasets/tanlikesmath/the-oxfordiiit-pet-dataset/images/havanese_193.jpg,havanese,dog,22
/kaggle/input/datasets/tanlikesmath/the-oxfordiiit-pet-dataset/images/basset_hound_103.jpg,basset_hound,dog,14
/kaggle/input/datasets/tanlikesmath/the-oxfordiiit-pet-dataset/images/Birman_49.jpg,Birman,cat,2
/kaggle/input/datasets/tanlikesmath/the-oxfordiiit-pet-dataset/images/Maine_Coon_50.jpg,Maine_Coon,cat,6
/kaggle/input/datasets/tanlikesmath/the-oxfordiiit-pet-dataset/images/Siamese_77.jpg,Siamese,cat,10
/kaggle/input/datasets/tanlikesmath/the-oxfordiiit-pet-dataset/images/pomeranian_155.jpg,pomeranian,dog,28
/kaggle/input/datasets/tanlikesmath/the-oxfordiiit-pet-dataset/images/Bombay_49.jpg,Bombay,cat,3
/kaggle/input/datasets/tanlikesmath/the-oxfordiiit-pet-dataset/images/Bombay_213.jpg,Bombay,cat,3
/kaggle/input/datasets/tanlikesmath/the-oxfordiiit-pet-dataset/images/wheaten_terrier_39.jpg,wheaten_terrier,dog,35
/kaggle/input/datasets/tanlikesmath/the-oxfordiiit-pet-dataset/images/yorkshire_terrier_28.jpg,yorkshire_terrier,dog,36
/kaggle/input/datasets/tanlikesmath/the-oxfordiiit-pet-dataset/images/basset_hound_38.jpg,basset_hound,dog,14
/kaggle/input/datasets/tanlikesmath/the-oxfordiiit-pet-dataset/images/Siamese_249.jpg,Siamese,cat,10
/kaggle/input/datasets/tanlikesmath/the-oxfordiiit-pet-dataset/images/Siamese_250.jpg,Siamese,cat,10
/kaggle/input/datasets/tanlikesmath/the-oxfordiiit-pet-dataset/images/samoyed_101.jpg,samoyed,dog,31
/kaggle/input/datasets/tanlikesmath/the-oxfordiiit-pet-dataset/images/beagle_157.jpg,beagle,dog,15
/kaggle/input/datasets/tanlikesmath/the-oxfordiiit-pet-dataset/images/keeshond_150.jpg,keeshond,dog,24
/kaggle/input/datasets/tanlikesmath/the-oxfordiiit-pet-dataset/images/yorkshire_terrier_46.jpg,yorkshire_terrier,dog,36
/kaggle/input/datasets/tanlikesmath/the-oxfordiiit-pet-dataset/images/yorkshire_terrier_177.jpg,yorkshire_terrier,dog,36
/kaggle/input/datasets/tanlikesmath/the-oxfordiiit-pet-dataset/images/beagle_176.jpg,beagle,dog,15
/kaggle/input/datasets/tanlikesmath/the-oxfordiiit-pet-dataset/images/Siamese_98.jpg,Siamese,cat,10
/kaggle/input/datasets/tanlikesmath/the-oxfordiiit-pet-dataset/images/Birman_21.jpg,Birman,cat,2
/kaggle/input/datasets/tanlikesmath/the-oxfordiiit-pet-dataset/images/Russian_Blue_18.jpg,Russian_Blue,cat,9
/kaggle/input/datasets/tanlikesmath/the-oxfordiiit-pet-dataset/images/english_cocker_spaniel_176.jpg,english_cocker_spaniel,dog,18
/kaggle/input/datasets/tanlikesmath/the-oxfordiiit-pet-dataset/images/Ragdoll_252.jpg,Ragdoll,cat,8
/kaggle/input/datasets/tanlikesmath/the-oxfordiiit-pet-dataset/images/scottish_terrier_160.jpg,scottish_terrier,dog,32
/kaggle/input/datasets/tanlikesmath/the-oxfordiiit-pet-dataset/images/miniature_pinscher_51.jpg,miniature_pinscher,dog,26
/kaggle/input/datasets/tanlikesmath/the-oxfordiiit-pet-dataset/images/shiba_inu_42.jpg,shiba_inu,dog,33
/kaggle/input/datasets/tanlikesmath/the-oxfordiiit-pet-dataset/images/havanese_25.jpg,havanese,dog,22
/kaggle/input/datasets/tanlikesmath/the-oxfordiiit-pet-dataset/images/miniature_pinscher_188.jpg,miniature_pinscher,dog,26
/kaggle/input/datasets/tanlikesmath/the-oxfordiiit-pet-dataset/images/Sphynx_17.jpg,Sphynx,cat,11
/kaggle/input/datasets/tanlikesmath/the-oxfordiiit-pet-dataset/images/american_bulldog_39.jpg,american_bulldog,dog,12
/kaggle/input/datasets/tanlikesmath/the-oxfordiiit-pet-dataset/images/Abyssinian_134.jpg,Abyssinian,cat,0
/kaggle/input/datasets/tanlikesmath/the-oxfordiiit-pet-dataset/images/scottish_terrier_136.jpg,scottish_terrier,dog,32
/kaggle/input/datasets/tanlikesmath/the-oxfordiiit-pet-dataset/images/english_cocker_spaniel_51.jpg,english_cocker_spaniel,dog,18
/kaggle/input/datasets/tanlikesmath/the-oxfordiiit-pet-dataset/images/Abyssinian_37.jpg,Abyssinian,cat,0
/kaggle/input/datasets/tanlikesmath/the-oxfordiiit-pet-dataset/images/Siamese_173.jpg,Siamese,cat,10
/kaggle/input/datasets/tanlikesmath/the-oxfordiiit-pet-dataset/images/British_Shorthair_56.jpg,British_Shorthair,cat,4
/kaggle/input/datasets/tanlikesmath/the-oxfordiiit-pet-dataset/images/Egyptian_Mau_109.jpg,Egyptian_Mau,cat,5
/kaggle/input/datasets/tanlikesmath/the-oxfordiiit-pet-dataset/images/staffordshire_bull_terrier_82.jpg,staffordshire_bull_terrier,dog,34
/kaggle/input/datasets/tanlikesmath/the-oxfordiiit-pet-dataset/images/miniature_pinscher_78.jpg,miniature_pinscher,dog,26
/kaggle/input/datasets/tanlikesmath/the-oxfordiiit-pet-dataset/images/keeshond_4.jpg,keeshond,dog,24
/kaggle/input/datasets/tanlikesmath/the-oxfordiiit-pet-dataset/images/Birman_51.jpg,Birman,cat,2
/kaggle/input/datasets/tanlikesmath/the-oxfordiiit-pet-dataset/images/chihuahua_103.jpg,chihuahua,dog,17
/kaggle/input/datasets/tanlikesmath/the-oxfordiiit-pet-dataset/images/Egyptian_Mau_119.jpg,Egyptian_Mau,cat,5
/kaggle/input/datasets/tanlikesmath/the-oxfordiiit-pet-dataset/images/newfoundland_40.jpg,newfoundland,dog,27
/kaggle/input/datasets/tanlikesmath/the-oxfordiiit-pet-dataset/images/British_Shorthair_29.jpg,British_Shorthair,cat,4
/kaggle/input/datasets/tanlikesmath/the-oxfordiiit-pet-dataset/images/Bombay_146.jpg,Bombay,cat,3
/kaggle/input/datasets/tanlikesmath/the-oxfordiiit-pet-dataset/images/american_bulldog_25.jpg,american_bulldog,dog,12
/kaggle/input/datasets/tanlikesmath/the-oxfordiiit-pet-dataset/images/yorkshire_terrier_137.jpg,yorkshire_terrier,dog,36
/kaggle/input/datasets/tanlikesmath/the-oxfordiiit-pet-dataset/images/american_pit_bull_terrier_186.jpg,american_pit_bull_terrier,dog,13
/kaggle/input/datasets/tanlikesmath/the-oxfordiiit-pet-dataset/images/scottish_terrier_79.jpg,scottish_terrier,dog,32
/kaggle/input/datasets/tanlikesmath/the-oxfordiiit-pet-dataset/images/saint_bernard_138.jpg,saint_bernard,dog,30
/kaggle/input/datasets/tanlikesmath/the-oxfordiiit-pet-dataset/images/saint_bernard_43.jpg,saint_bernard,dog,30
/kaggle/input/datasets/tanlikesmath/the-oxfordiiit-pet-dataset/images/boxer_125.jpg,boxer,dog,16
/kaggle/input/datasets/tanlikesmath/the-oxfordiiit-pet-dataset/images/scottish_terrier_37.jpg,scottish_terrier,dog,32
/kaggle/input/datasets/tanlikesmath/the-oxfordiiit-pet-dataset/images/Ragdoll_169.jpg,Ragdoll,cat,8
/kaggle/input/datasets/tanlikesmath/the-oxfordiiit-pet-dataset/images/american_pit_bull_terrier_41.jpg,american_pit_bull_terrier,dog,13
/kaggle/input/datasets/tanlikesmath/the-oxfordiiit-pet-dataset/images/beagle_138.jpg,beagle,dog,15
/kaggle/input/datasets/tanlikesmath/the-oxfordiiit-pet-dataset/images/german_shorthaired_75.jpg,german_shorthaired,dog,20
/kaggle/input/datasets/tanlikesmath/the-oxfordiiit-pet-dataset/images/shiba_inu_16.jpg,shiba_inu,dog,33
/kaggle/input/datasets/tanlikesmath/the-oxfordiiit-pet-dataset/images/japanese_chin_99.jpg,japanese_chin,dog,23
/kaggle/input/datasets/tanlikesmath/the-oxfordiiit-pet-dataset/images/British_Shorthair_90.jpg,British_Shorthair,cat,4
/kaggle/input/datasets/tanlikesmath/the-oxfordiiit-pet-dataset/images/english_setter_200.jpg,english_setter,dog,19
/kaggle/input/datasets/tanlikesmath/the-oxfordiiit-pet-dataset/images/leonberger_194.jpg,leonberger,dog,25
/kaggle/input/datasets/tanlikesmath/the-oxfordiiit-pet-dataset/images/shiba_inu_164.jpg,shiba_inu,dog,33
/kaggle/input/datasets/tanlikesmath/the-oxfordiiit-pet-dataset/images/Persian_152.jpg,Persian,cat,7
/kaggle/input/datasets/tanlikesmath/the-oxfordiiit-pet-dataset/images/english_cocker_spaniel_169.jpg,english_cocker_spaniel,dog,18
/kaggle/input/datasets/tanlikesmath/the-oxfordiiit-pet-dataset/images/scottish_terrier_190.jpg,scottish_terrier,dog,32
/kaggle/input/datasets/tanlikesmath/the-oxfordiiit-pet-dataset/images/Birman_58.jpg,Birman,cat,2
/kaggle/input/datasets/tanlikesmath/the-oxfordiiit-pet-dataset/images/Persian_187.jpg,Persian,cat,7
/kaggle/input/datasets/tanlikesmath/the-oxfordiiit-pet-dataset/images/Ragdoll_133.jpg,Ragdoll,cat,8
/kaggle/input/datasets/tanlikesmath/the-oxfordiiit-pet-dataset/images/leonberger_195.jpg,leonberger,dog,25
/kaggle/input/datasets/tanlikesmath/the-oxfordiiit-pet-dataset/images/Birman_99.jpg,Birman,cat,2
/kaggle/input/datasets/tanlikesmath/the-oxfordiiit-pet-dataset/images/shiba_inu_206.jpg,shiba_inu,dog,33
/kaggle/input/datasets/tanlikesmath/the-oxfordiiit-pet-dataset/images/basset_hound_164.jpg,basset_hound,dog,14
/kaggle/input/datasets/tanlikesmath/the-oxfordiiit-pet-dataset/images/yorkshire_terrier_30.jpg,yorkshire_terrier,dog,36
/kaggle/input/datasets/tanlikesmath/the-oxfordiiit-pet-dataset/images/Russian_Blue_87.jpg,Russian_Blue,cat,9
/kaggle/input/datasets/tanlikesmath/the-oxfordiiit-pet-dataset/images/havanese_165.jpg,havanese,dog,22
/kaggle/input/datasets/tanlikesmath/the-oxfordiiit-pet-dataset/images/great_pyrenees_190.jpg,great_pyrenees,dog,21
/kaggle/input/datasets/tanlikesmath/the-oxfordiiit-pet-dataset/images/leonberger_6.jpg,leonberger,dog,25
/kaggle/input/datasets/tanlikesmath/the-oxfordiiit-pet-dataset/images/chihuahua_30.jpg,chihuahua,dog,17
/kaggle/input/datasets/tanlikesmath/the-oxfordiiit-pet-dataset/images/english_cocker_spaniel_24.jpg,english_cocker_spaniel,dog,18
/kaggle/input/datasets/tanlikesmath/the-oxfordiiit-pet-dataset/images/wheaten_terrier_139.jpg,wheaten_terrier,dog,35
/kaggle/input/datasets/tanlikesmath/the-oxfordiiit-pet-dataset/images/Russian_Blue_114.jpg,Russian_Blue,cat,9
/kaggle/input/datasets/tanlikesmath/the-oxfordiiit-pet-dataset/images/miniature_pinscher_75.jpg,miniature_pinscher,dog,26
/kaggle/input/datasets/tanlikesmath/the-oxfordiiit-pet-dataset/images/leonberger_105.jpg,leonberger,dog,25
/kaggle/input/datasets/tanlikesmath/the-oxfordiiit-pet-dataset/images/pug_74.jpg,pug,dog,29
/kaggle/input/datasets/tanlikesmath/the-oxfordiiit-pet-dataset/images/english_cocker_spaniel_49.jpg,english_cocker_spaniel,dog,18
/kaggle/input/datasets/tanlikesmath/the-oxfordiiit-pet-dataset/images/Siamese_153.jpg,Siamese,cat,10
/kaggle/input/datasets/tanlikesmath/the-oxfordiiit-pet-dataset/images/scottish_terrier_29.jpg,scottish_terrier,dog,32
/kaggle/input/datasets/tanlikesmath/the-oxfordiiit-pet-dataset/images/japanese_chin_9.jpg,japanese_chin,dog,23
/kaggle/input/datasets/tanlikesmath/the-oxfordiiit-pet-dataset/images/boxer_193.jpg,boxer,dog,16
/kaggle/input/datasets/tanlikesmath/the-oxfordiiit-pet-dataset/images/Egyptian_Mau_199.jpg,Egyptian_Mau,cat,5
/kaggle/input/datasets/tanlikesmath/the-oxfordiiit-pet-dataset/images/Abyssinian_104.jpg,Abyssinian,cat,0
/kaggle/input/datasets/tanlikesmath/the-oxfordiiit-pet-dataset/images/american_pit_bull_terrier_71.jpg,american_pit_bull_terrier,dog,13
/kaggle/input/datasets/tanlikesmath/the-oxfordiiit-pet-dataset/images/keeshond_154.jpg,keeshond,dog,24
/kaggle/input/datasets/tanlikesmath/the-oxfordiiit-pet-dataset/images/saint_bernard_74.jpg,saint_bernard,dog,30
/kaggle/input/datasets/tanlikesmath/the-oxfordiiit-pet-dataset/images/boxer_163.jpg,boxer,dog,16
/kaggle/input/datasets/tanlikesmath/the-oxfordiiit-pet-dataset/images/staffordshire_bull_terrier_177.jpg,staffordshire_bull_terrier,dog,34
/kaggle/input/datasets/tanlikesmath/the-oxfordiiit-pet-dataset/images/basset_hound_159.jpg,basset_hound,dog,14
/kaggle/input/datasets/tanlikesmath/the-oxfordiiit-pet-dataset/images/miniature_pinscher_64.jpg,miniature_pinscher,dog,26
/kaggle/input/datasets/tanlikesmath/the-oxfordiiit-pet-dataset/images/english_cocker_spaniel_162.jpg,english_cocker_spaniel,dog,18
/kaggle/input/datasets/tanlikesmath/the-oxfordiiit-pet-dataset/images/german_shorthaired_147.jpg,german_shorthaired,dog,20
/kaggle/input/datasets/tanlikesmath/the-oxfordiiit-pet-dataset/images/Bengal_76.jpg,Bengal,cat,1
/kaggle/input/datasets/tanlikesmath/the-oxfordiiit-pet-dataset/images/pomeranian_12.jpg,pomeranian,dog,28
/kaggle/input/datasets/tanlikesmath/the-oxfordiiit-pet-dataset/images/Abyssinian_101.jpg,Abyssinian,cat,0
/kaggle/input/datasets/tanlikesmath/the-oxfordiiit-pet-dataset/images/saint_bernard_145.jpg,saint_bernard,dog,30
/kaggle/input/datasets/tanlikesmath/the-oxfordiiit-pet-dataset/images/basset_hound_84.jpg,basset_hound,dog,14
/kaggle/input/datasets/tanlikesmath/the-oxfordiiit-pet-dataset/images/miniature_pinscher_49.jpg,miniature_pinscher,dog,26
/kaggle/input/datasets/tanlikesmath/the-oxfordiiit-pet-dataset/images/shiba_inu_187.jpg,shiba_inu,dog,33
/kaggle/input/datasets/tanlikesmath/the-oxfordiiit-pet-dataset/images/german_shorthaired_152.jpg,german_shorthaired,dog,20
/kaggle/input/datasets/tanlikesmath/the-oxfordiiit-pet-dataset/images/Russian_Blue_73.jpg,Russian_Blue,cat,9
/kaggle/input/datasets/tanlikesmath/the-oxfordiiit-pet-dataset/images/chihuahua_151.jpg,chihuahua,dog,17
/kaggle/input/datasets/tanlikesmath/the-oxfordiiit-pet-dataset/images/wheaten_terrier_197.jpg,wheaten_terrier,dog,35
/kaggle/input/datasets/tanlikesmath/the-oxfordiiit-pet-dataset/images/shiba_inu_108.jpg,shiba_inu,dog,33
/kaggle/input/datasets/tanlikesmath/the-oxfordiiit-pet-dataset/images/keeshond_77.jpg,keeshond,dog,24
/kaggle/input/datasets/tanlikesmath/the-oxfordiiit-pet-dataset/images/chihuahua_98.jpg,chihuahua,dog,17
/kaggle/input/datasets/tanlikesmath/the-oxfordiiit-pet-dataset/images/Bombay_68.jpg,Bombay,cat,3
/kaggle/input/datasets/tanlikesmath/the-oxfordiiit-pet-dataset/images/pomeranian_32.jpg,pomeranian,dog,28
/kaggle/input/datasets/tanlikesmath/the-oxfordiiit-pet-dataset/images/wheaten_terrier_132.jpg,wheaten_terrier,dog,35
/kaggle/input/datasets/tanlikesmath/the-oxfordiiit-pet-dataset/images/Ragdoll_174.jpg,Ragdoll,cat,8
/kaggle/input/datasets/tanlikesmath/the-oxfordiiit-pet-dataset/images/newfoundland_32.jpg,newfoundland,dog,27
/kaggle/input/datasets/tanlikesmath/the-oxfordiiit-pet-dataset/images/shiba_inu_71.jpg,shiba_inu,dog,33
/kaggle/input/datasets/tanlikesmath/the-oxfordiiit-pet-dataset/images/Russian_Blue_29.jpg,Russian_Blue,cat,9
/kaggle/input/datasets/tanlikesmath/the-oxfordiiit-pet-dataset/images/pomeranian_80.jpg,pomeranian,dog,28
/kaggle/input/datasets/tanlikesmath/the-oxfordiiit-pet-dataset/images/basset_hound_156.jpg,basset_hound,dog,14
/kaggle/input/datasets/tanlikesmath/the-oxfordiiit-pet-dataset/images/samoyed_117.jpg,samoyed,dog,31
/kaggle/input/datasets/tanlikesmath/the-oxfordiiit-pet-dataset/images/japanese_chin_98.jpg,japanese_chin,dog,23
/kaggle/input/datasets/tanlikesmath/the-oxfordiiit-pet-dataset/images/Bengal_7.jpg,Bengal,cat,1
/kaggle/input/datasets/tanlikesmath/the-oxfordiiit-pet-dataset/images/havanese_109.jpg,havanese,dog,22
/kaggle/input/datasets/tanlikesmath/the-oxfordiiit-pet-dataset/images/japanese_chin_65.jpg,japanese_chin,dog,23
/kaggle/input/datasets/tanlikesmath/the-oxfordiiit-pet-dataset/images/english_cocker_spaniel_132.jpg,english_cocker_spaniel,dog,18
/kaggle/input/datasets/tanlikesmath/the-oxfordiiit-pet-dataset/images/samoyed_97.jpg,samoyed,dog,31
/kaggle/input/datasets/tanlikesmath/the-oxfordiiit-pet-dataset/images/Maine_Coon_5.jpg,Maine_Coon,cat,6
/kaggle/input/datasets/tanlikesmath/the-oxfordiiit-pet-dataset/images/Maine_Coon_155.jpg,Maine_Coon,cat,6
/kaggle/input/datasets/tanlikesmath/the-oxfordiiit-pet-dataset/images/Bengal_20.jpg,Bengal,cat,1
/kaggle/input/datasets/tanlikesmath/the-oxfordiiit-pet-dataset/images/Abyssinian_141.jpg,Abyssinian,cat,0
/kaggle/input/datasets/tanlikesmath/the-oxfordiiit-pet-dataset/images/Abyssinian_215.jpg,Abyssinian,cat,0
/kaggle/input/datasets/tanlikesmath/the-oxfordiiit-pet-dataset/images/english_cocker_spaniel_57.jpg,english_cocker_spaniel,dog,18
/kaggle/input/datasets/tanlikesmath/the-oxfordiiit-pet-dataset/images/Russian_Blue_258.jpg,Russian_Blue,cat,9
/kaggle/input/datasets/tanlikesmath/the-oxfordiiit-pet-dataset/images/boxer_140.jpg,boxer,dog,16
/kaggle/input/datasets/tanlikesmath/the-oxfordiiit-pet-dataset/images/great_pyrenees_80.jpg,great_pyrenees,dog,21
/kaggle/input/datasets/tanlikesmath/the-oxfordiiit-pet-dataset/images/Ragdoll_199.jpg,Ragdoll,cat,8
/kaggle/input/datasets/tanlikesmath/the-oxfordiiit-pet-dataset/images/Maine_Coon_265.jpg,Maine_Coon,cat,6
/kaggle/input/datasets/tanlikesmath/the-oxfordiiit-pet-dataset/images/german_shorthaired_105.jpg,german_shorthaired,dog,20
/kaggle/input/datasets/tanlikesmath/the-oxfordiiit-pet-dataset/images/Siamese_96.jpg,Siamese,cat,10
/kaggle/input/datasets/tanlikesmath/the-oxfordiiit-pet-dataset/images/boxer_189.jpg,boxer,dog,16
/kaggle/input/datasets/tanlikesmath/the-oxfordiiit-pet-dataset/images/japanese_chin_139.jpg,japanese_chin,dog,23
/kaggle/input/datasets/tanlikesmath/the-oxfordiiit-pet-dataset/images/shiba_inu_53.jpg,shiba_inu,dog,33
/kaggle/input/datasets/tanlikesmath/the-oxfordiiit-pet-dataset/images/scottish_terrier_68.jpg,scottish_terrier,dog,32
/kaggle/input/datasets/tanlikesmath/the-oxfordiiit-pet-dataset/images/pomeranian_146.jpg,pomeranian,dog,28
/kaggle/input/datasets/tanlikesmath/the-oxfordiiit-pet-dataset/images/basset_hound_25.jpg,basset_hound,dog,14
/kaggle/input/datasets/tanlikesmath/the-oxfordiiit-pet-dataset/images/yorkshire_terrier_79.jpg,yorkshire_terrier,dog,36
/kaggle/input/datasets/tanlikesmath/the-oxfordiiit-pet-dataset/images/leonberger_44.jpg,leonberger,dog,25
/kaggle/input/datasets/tanlikesmath/the-oxfordiiit-pet-dataset/images/scottish_terrier_6.jpg,scottish_terrier,dog,32
/kaggle/input/datasets/tanlikesmath/the-oxfordiiit-pet-dataset/images/chihuahua_49.jpg,chihuahua,dog,17
/kaggle/input/datasets/tanlikesmath/the-oxfordiiit-pet-dataset/images/Egyptian_Mau_42.jpg,Egyptian_Mau,cat,5
/kaggle/input/datasets/tanlikesmath/the-oxfordiiit-pet-dataset/images/keeshond_66.jpg,keeshond,dog,24
/kaggle/input/datasets/tanlikesmath/the-oxfordiiit-pet-dataset/images/Russian_Blue_153.jpg,Russian_Blue,cat,9
/kaggle/input/datasets/tanlikesmath/the-oxfordiiit-pet-dataset/images/scottish_terrier_171.jpg,scottish_terrier,dog,32
/kaggle/input/datasets/tanlikesmath/the-oxfordiiit-pet-dataset/images/samoyed_147.jpg,samoyed,dog,31
/kaggle/input/datasets/tanlikesmath/the-oxfordiiit-pet-dataset/images/Bengal_44.jpg,Bengal,cat,1
/kaggle/input/datasets/tanlikesmath/the-oxfordiiit-pet-dataset/images/beagle_99.jpg,beagle,dog,15
/kaggle/input/datasets/tanlikesmath/the-oxfordiiit-pet-dataset/images/Bombay_144.jpg,Bombay,cat,3
/kaggle/input/datasets/tanlikesmath/the-oxfordiiit-pet-dataset/images/Siamese_183.jpg,Siamese,cat,10
/kaggle/input/datasets/tanlikesmath/the-oxfordiiit-pet-dataset/images/saint_bernard_92.jpg,saint_bernard,dog,30
/kaggle/input/datasets/tanlikesmath/the-oxfordiiit-pet-dataset/images/Bombay_208.jpg,Bombay,cat,3
/kaggle/input/datasets/tanlikesmath/the-oxfordiiit-pet-dataset/images/english_setter_143.jpg,english_setter,dog,19
/kaggle/input/datasets/tanlikesmath/the-oxfordiiit-pet-dataset/images/Siamese_108.jpg,Siamese,cat,10
/kaggle/input/datasets/tanlikesmath/the-oxfordiiit-pet-dataset/images/basset_hound_66.jpg,basset_hound,dog,14
/kaggle/input/datasets/tanlikesmath/the-oxfordiiit-pet-dataset/images/keeshond_78.jpg,keeshond,dog,24
/kaggle/input/datasets/tanlikesmath/the-oxfordiiit-pet-dataset/images/Ragdoll_54.jpg,Ragdoll,cat,8
/kaggle/input/datasets/tanlikesmath/the-oxfordiiit-pet-dataset/images/american_bulldog_80.jpg,american_bulldog,dog,12
/kaggle/input/datasets/tanlikesmath/the-oxfordiiit-pet-dataset/images/american_bulldog_93.jpg,american_bulldog,dog,12
/kaggle/input/datasets/tanlikesmath/the-oxfordiiit-pet-dataset/images/Sphynx_78.jpg,Sphynx,cat,11
/kaggle/input/datasets/tanlikesmath/the-oxfordiiit-pet-dataset/images/Persian_76.jpg,Persian,cat,7
/kaggle/input/datasets/tanlikesmath/the-oxfordiiit-pet-dataset/images/Bombay_201.jpg,Bombay,cat,3
/kaggle/input/datasets/tanlikesmath/the-oxfordiiit-pet-dataset/images/samoyed_52.jpg,samoyed,dog,31
/kaggle/input/datasets/tanlikesmath/the-oxfordiiit-pet-dataset/images/British_Shorthair_190.jpg,British_Shorthair,cat,4
/kaggle/input/datasets/tanlikesmath/the-oxfordiiit-pet-dataset/images/yorkshire_terrier_92.jpg,yorkshire_terrier,dog,36
/kaggle/input/datasets/tanlikesmath/the-oxfordiiit-pet-dataset/images/pug_162.jpg,pug,dog,29
/kaggle/input/datasets/tanlikesmath/the-oxfordiiit-pet-dataset/images/samoyed_107.jpg,samoyed,dog,31
/kaggle/input/datasets/tanlikesmath/the-oxfordiiit-pet-dataset/images/english_cocker_spaniel_187.jpg,english_cocker_spaniel,dog,18
/kaggle/input/datasets/tanlikesmath/the-oxfordiiit-pet-dataset/images/British_Shorthair_205.jpg,British_Shorthair,cat,4
/kaggle/input/datasets/tanlikesmath/the-oxfordiiit-pet-dataset/images/Abyssinian_207.jpg,Abyssinian,cat,0
/kaggle/input/datasets/tanlikesmath/the-oxfordiiit-pet-dataset/images/shiba_inu_38.jpg,shiba_inu,dog,33
/kaggle/input/datasets/tanlikesmath/the-oxfordiiit-pet-dataset/images/British_Shorthair_166.jpg,British_Shorthair,cat,4
/kaggle/input/datasets/tanlikesmath/the-oxfordiiit-pet-dataset/images/British_Shorthair_162.jpg,British_Shorthair,cat,4
/kaggle/input/datasets/tanlikesmath/the-oxfordiiit-pet-dataset/images/leonberger_124.jpg,leonberger,dog,25
/kaggle/input/datasets/tanlikesmath/the-oxfordiiit-pet-dataset/images/havanese_122.jpg,havanese,dog,22
/kaggle/input/datasets/tanlikesmath/the-oxfordiiit-pet-dataset/images/wheaten_terrier_4.jpg,wheaten_terrier,dog,35
/kaggle/input/datasets/tanlikesmath/the-oxfordiiit-pet-dataset/images/pomeranian_113.jpg,pomeranian,dog,28
/kaggle/input/datasets/tanlikesmath/the-oxfordiiit-pet-dataset/images/leonberger_55.jpg,leonberger,dog,25
/kaggle/input/datasets/tanlikesmath/the-oxfordiiit-pet-dataset/images/american_bulldog_200.jpg,american_bulldog,dog,12
/kaggle/input/datasets/tanlikesmath/the-oxfordiiit-pet-dataset/images/Egyptian_Mau_91.jpg,Egyptian_Mau,cat,5
/kaggle/input/datasets/tanlikesmath/the-oxfordiiit-pet-dataset/images/Sphynx_14.jpg,Sphynx,cat,11
/kaggle/input/datasets/tanlikesmath/the-oxfordiiit-pet-dataset/images/pomeranian_154.jpg,pomeranian,dog,28
/kaggle/input/datasets/tanlikesmath/the-oxfordiiit-pet-dataset/images/Egyptian_Mau_168.jpg,Egyptian_Mau,cat,5
/kaggle/input/datasets/tanlikesmath/the-oxfordiiit-pet-dataset/images/english_setter_62.jpg,english_setter,dog,19
/kaggle/input/datasets/tanlikesmath/the-oxfordiiit-pet-dataset/images/yorkshire_terrier_37.jpg,yorkshire_terrier,dog,36
/kaggle/input/datasets/tanlikesmath/the-oxfordiiit-pet-dataset/images/shiba_inu_133.jpg,shiba_inu,dog,33
/kaggle/input/datasets/tanlikesmath/the-oxfordiiit-pet-dataset/images/staffordshire_bull_terrier_61.jpg,staffordshire_bull_terrier,dog,34
/kaggle/input/datasets/tanlikesmath/the-oxfordiiit-pet-dataset/images/Egyptian_Mau_204.jpg,Egyptian_Mau,cat,5
/kaggle/input/datasets/tanlikesmath/the-oxfordiiit-pet-dataset/images/wheaten_terrier_51.jpg,wheaten_terrier,dog,35
/kaggle/input/datasets/tanlikesmath/the-oxfordiiit-pet-dataset/images/Birman_18.jpg,Birman,cat,2
/kaggle/input/datasets/tanlikesmath/the-oxfordiiit-pet-dataset/images/american_bulldog_67.jpg,american_bulldog,dog,12
/kaggle/input/datasets/tanlikesmath/the-oxfordiiit-pet-dataset/images/Siamese_63.jpg,Siamese,cat,10
/kaggle/input/datasets/tanlikesmath/the-oxfordiiit-pet-dataset/images/great_pyrenees_5.jpg,great_pyrenees,dog,21
/kaggle/input/datasets/tanlikesmath/the-oxfordiiit-pet-dataset/images/Sphynx_206.jpg,Sphynx,cat,11
/kaggle/input/datasets/tanlikesmath/the-oxfordiiit-pet-dataset/images/Birman_130.jpg,Birman,cat,2
/kaggle/input/datasets/tanlikesmath/the-oxfordiiit-pet-dataset/images/beagle_32.jpg,beagle,dog,15
/kaggle/input/datasets/tanlikesmath/the-oxfordiiit-pet-dataset/images/yorkshire_terrier_26.jpg,yorkshire_terrier,dog,36
/kaggle/input/datasets/tanlikesmath/the-oxfordiiit-pet-dataset/images/beagle_117.jpg,beagle,dog,15
/kaggle/input/datasets/tanlikesmath/the-oxfordiiit-pet-dataset/images/beagle_194.jpg,beagle,dog,15
/kaggle/input/datasets/tanlikesmath/the-oxfordiiit-pet-dataset/images/leonberger_8.jpg,leonberger,dog,25
/kaggle/input/datasets/tanlikesmath/the-oxfordiiit-pet-dataset/images/Bengal_26.jpg,Bengal,cat,1
/kaggle/input/datasets/tanlikesmath/the-oxfordiiit-pet-dataset/images/staffordshire_bull_terrier_35.jpg,staffordshire_bull_terrier,dog,34
/kaggle/input/datasets/tanlikesmath/the-oxfordiiit-pet-dataset/images/wheaten_terrier_151.jpg,wheaten_terrier,dog,35
/kaggle/input/datasets/tanlikesmath/the-oxfordiiit-pet-dataset/images/wheaten_terrier_125.jpg,wheaten_terrier,dog,35
/kaggle/input/datasets/tanlikesmath/the-oxfordiiit-pet-dataset/images/Bombay_220.jpg,Bombay,cat,3
/kaggle/input/datasets/tanlikesmath/the-oxfordiiit-pet-dataset/images/pomeranian_13.jpg,pomeranian,dog,28
/kaggle/input/datasets/tanlikesmath/the-oxfordiiit-pet-dataset/images/Bombay_89.jpg,Bombay,cat,3
/kaggle/input/datasets/tanlikesmath/the-oxfordiiit-pet-dataset/images/havanese_31.jpg,havanese,dog,22
/kaggle/input/datasets/tanlikesmath/the-oxfordiiit-pet-dataset/images/keeshond_185.jpg,keeshond,dog,24
/kaggle/input/datasets/tanlikesmath/the-oxfordiiit-pet-dataset/images/boxer_176.jpg,boxer,dog,16
/kaggle/input/datasets/tanlikesmath/the-oxfordiiit-pet-dataset/images/wheaten_terrier_166.jpg,wheaten_terrier,dog,35
/kaggle/input/datasets/tanlikesmath/the-oxfordiiit-pet-dataset/images/Persian_233.jpg,Persian,cat,7
/kaggle/input/datasets/tanlikesmath/the-oxfordiiit-pet-dataset/images/saint_bernard_94.jpg,saint_bernard,dog,30
/kaggle/input/datasets/tanlikesmath/the-oxfordiiit-pet-dataset/images/scottish_terrier_188.jpg,scottish_terrier,dog,32
/kaggle/input/datasets/tanlikesmath/the-oxfordiiit-pet-dataset/images/beagle_195.jpg,beagle,dog,15
/kaggle/input/datasets/tanlikesmath/the-oxfordiiit-pet-dataset/images/Bengal_183.jpg,Bengal,cat,1
/kaggle/input/datasets/tanlikesmath/the-oxfordiiit-pet-dataset/images/Russian_Blue_212.jpg,Russian_Blue,cat,9
/kaggle/input/datasets/tanlikesmath/the-oxfordiiit-pet-dataset/images/Bengal_149.jpg,Bengal,cat,1
/kaggle/input/datasets/tanlikesmath/the-oxfordiiit-pet-dataset/images/english_cocker_spaniel_75.jpg,english_cocker_spaniel,dog,18
/kaggle/input/datasets/tanlikesmath/the-oxfordiiit-pet-dataset/images/american_pit_bull_terrier_149.jpg,american_pit_bull_terrier,dog,13
/kaggle/input/datasets/tanlikesmath/the-oxfordiiit-pet-dataset/images/Bombay_12.jpg,Bombay,cat,3
/kaggle/input/datasets/tanlikesmath/the-oxfordiiit-pet-dataset/images/german_shorthaired_91.jpg,german_shorthaired,dog,20
/kaggle/input/datasets/tanlikesmath/the-oxfordiiit-pet-dataset/images/american_bulldog_13.jpg,american_bulldog,dog,12
/kaggle/input/datasets/tanlikesmath/the-oxfordiiit-pet-dataset/images/newfoundland_84.jpg,newfoundland,dog,27
/kaggle/input/datasets/tanlikesmath/the-oxfordiiit-pet-dataset/images/saint_bernard_142.jpg,saint_bernard,dog,30
/kaggle/input/datasets/tanlikesmath/the-oxfordiiit-pet-dataset/images/Sphynx_201.jpg,Sphynx,cat,11
/kaggle/input/datasets/tanlikesmath/the-oxfordiiit-pet-dataset/images/Russian_Blue_159.jpg,Russian_Blue,cat,9
/kaggle/input/datasets/tanlikesmath/the-oxfordiiit-pet-dataset/images/chihuahua_155.jpg,chihuahua,dog,17
/kaggle/input/datasets/tanlikesmath/the-oxfordiiit-pet-dataset/images/Maine_Coon_108.jpg,Maine_Coon,cat,6
/kaggle/input/datasets/tanlikesmath/the-oxfordiiit-pet-dataset/images/scottish_terrier_57.jpg,scottish_terrier,dog,32
/kaggle/input/datasets/tanlikesmath/the-oxfordiiit-pet-dataset/images/shiba_inu_6.jpg,shiba_inu,dog,33
/kaggle/input/datasets/tanlikesmath/the-oxfordiiit-pet-dataset/images/wheaten_terrier_187.jpg,wheaten_terrier,dog,35
/kaggle/input/datasets/tanlikesmath/the-oxfordiiit-pet-dataset/images/english_cocker_spaniel_50.jpg,english_cocker_spaniel,dog,18
/kaggle/input/datasets/tanlikesmath/the-oxfordiiit-pet-dataset/images/Maine_Coon_141.jpg,Maine_Coon,cat,6
/kaggle/input/datasets/tanlikesmath/the-oxfordiiit-pet-dataset/images/havanese_171.jpg,havanese,dog,22
/kaggle/input/datasets/tanlikesmath/the-oxfordiiit-pet-dataset/images/Siamese_48.jpg,Siamese,cat,10
/kaggle/input/datasets/tanlikesmath/the-oxfordiiit-pet-dataset/images/chihuahua_45.jpg,chihuahua,dog,17
/kaggle/input/datasets/tanlikesmath/the-oxfordiiit-pet-dataset/images/Egyptian_Mau_148.jpg,Egyptian_Mau,cat,5
/kaggle/input/datasets/tanlikesmath/the-oxfordiiit-pet-dataset/images/Bengal_195.jpg,Bengal,cat,1
/kaggle/input/datasets/tanlikesmath/the-oxfordiiit-pet-dataset/images/Sphynx_57.jpg,Sphynx,cat,11
/kaggle/input/datasets/tanlikesmath/the-oxfordiiit-pet-dataset/images/scottish_terrier_132.jpg,scottish_terrier,dog,32
/kaggle/input/datasets/tanlikesmath/the-oxfordiiit-pet-dataset/images/Persian_30.jpg,Persian,cat,7
/kaggle/input/datasets/tanlikesmath/the-oxfordiiit-pet-dataset/images/keeshond_51.jpg,keeshond,dog,24
/kaggle/input/datasets/tanlikesmath/the-oxfordiiit-pet-dataset/images/leonberger_128.jpg,leonberger,dog,25
/kaggle/input/datasets/tanlikesmath/the-oxfordiiit-pet-dataset/images/yorkshire_terrier_146.jpg,yorkshire_terrier,dog,36
/kaggle/input/datasets/tanlikesmath/the-oxfordiiit-pet-dataset/images/basset_hound_63.jpg,basset_hound,dog,14
/kaggle/input/datasets/tanlikesmath/the-oxfordiiit-pet-dataset/images/yorkshire_terrier_159.jpg,yorkshire_terrier,dog,36
/kaggle/input/datasets/tanlikesmath/the-oxfordiiit-pet-dataset/images/boxer_10.jpg,boxer,dog,16
/kaggle/input/datasets/tanlikesmath/the-oxfordiiit-pet-dataset/images/chihuahua_172.jpg,chihuahua,dog,17
/kaggle/input/datasets/tanlikesmath/the-oxfordiiit-pet-dataset/images/keeshond_195.jpg,keeshond,dog,24
/kaggle/input/datasets/tanlikesmath/the-oxfordiiit-pet-dataset/images/Birman_156.jpg,Birman,cat,2
/kaggle/input/datasets/tanlikesmath/the-oxfordiiit-pet-dataset/images/boxer_109.jpg,boxer,dog,16
/kaggle/input/datasets/tanlikesmath/the-oxfordiiit-pet-dataset/images/shiba_inu_28.jpg,shiba_inu,dog,33
/kaggle/input/datasets/tanlikesmath/the-oxfordiiit-pet-dataset/images/Siamese_225.jpg,Siamese,cat,10
/kaggle/input/datasets/tanlikesmath/the-oxfordiiit-pet-dataset/images/havanese_169.jpg,havanese,dog,22
/kaggle/input/datasets/tanlikesmath/the-oxfordiiit-pet-dataset/images/miniature_pinscher_56.jpg,miniature_pinscher,dog,26
/kaggle/input/datasets/tanlikesmath/the-oxfordiiit-pet-dataset/images/basset_hound_45.jpg,basset_hound,dog,14
/kaggle/input/datasets/tanlikesmath/the-oxfordiiit-pet-dataset/images/chihuahua_15.jpg,chihuahua,dog,17
/kaggle/input/datasets/tanlikesmath/the-oxfordiiit-pet-dataset/images/saint_bernard_87.jpg,saint_bernard,dog,30
/kaggle/input/datasets/tanlikesmath/the-oxfordiiit-pet-dataset/images/newfoundland_165.jpg,newfoundland,dog,27
/kaggle/input/datasets/tanlikesmath/the-oxfordiiit-pet-dataset/images/Ragdoll_155.jpg,Ragdoll,cat,8
/kaggle/input/datasets/tanlikesmath/the-oxfordiiit-pet-dataset/images/Siamese_111.jpg,Siamese,cat,10
/kaggle/input/datasets/tanlikesmath/the-oxfordiiit-pet-dataset/images/great_pyrenees_134.jpg,great_pyrenees,dog,21
/kaggle/input/datasets/tanlikesmath/the-oxfordiiit-pet-dataset/images/american_pit_bull_terrier_151.jpg,american_pit_bull_terrier,dog,13
/kaggle/input/datasets/tanlikesmath/the-oxfordiiit-pet-dataset/images/miniature_pinscher_155.jpg,miniature_pinscher,dog,26
/kaggle/input/datasets/tanlikesmath/the-oxfordiiit-pet-dataset/images/Egyptian_Mau_105.jpg,Egyptian_Mau,cat,5
/kaggle/input/datasets/tanlikesmath/the-oxfordiiit-pet-dataset/images/staffordshire_bull_terrier_175.jpg,staffordshire_bull_terrier,dog,34
/kaggle/input/datasets/tanlikesmath/the-oxfordiiit-pet-dataset/images/english_cocker_spaniel_190.jpg,english_cocker_spaniel,dog,18
/kaggle/input/datasets/tanlikesmath/the-oxfordiiit-pet-dataset/images/german_shorthaired_191.jpg,german_shorthaired,dog,20
/kaggle/input/datasets/tanlikesmath/the-oxfordiiit-pet-dataset/images/leonberger_122.jpg,leonberger,dog,25
/kaggle/input/datasets/tanlikesmath/the-oxfordiiit-pet-dataset/images/Egyptian_Mau_215.jpg,Egyptian_Mau,cat,5
/kaggle/input/datasets/tanlikesmath/the-oxfordiiit-pet-dataset/images/British_Shorthair_169.jpg,British_Shorthair,cat,4
/kaggle/input/datasets/tanlikesmath/the-oxfordiiit-pet-dataset/images/japanese_chin_200.jpg,japanese_chin,dog,23
/kaggle/input/datasets/tanlikesmath/the-oxfordiiit-pet-dataset/images/scottish_terrier_199.jpg,scottish_terrier,dog,32
/kaggle/input/datasets/tanlikesmath/the-oxfordiiit-pet-dataset/images/newfoundland_94.jpg,newfoundland,dog,27
/kaggle/input/datasets/tanlikesmath/the-oxfordiiit-pet-dataset/images/miniature_pinscher_54.jpg,miniature_pinscher,dog,26
/kaggle/input/datasets/tanlikesmath/the-oxfordiiit-pet-dataset/images/great_pyrenees_153.jpg,great_pyrenees,dog,21
/kaggle/input/datasets/tanlikesmath/the-oxfordiiit-pet-dataset/images/boxer_17.jpg,boxer,dog,16
/kaggle/input/datasets/tanlikesmath/the-oxfordiiit-pet-dataset/images/japanese_chin_152.jpg,japanese_chin,dog,23
/kaggle/input/datasets/tanlikesmath/the-oxfordiiit-pet-dataset/images/keeshond_108.jpg,keeshond,dog,24
/kaggle/input/datasets/tanlikesmath/the-oxfordiiit-pet-dataset/images/saint_bernard_118.jpg,saint_bernard,dog,30
/kaggle/input/datasets/tanlikesmath/the-oxfordiiit-pet-dataset/images/Russian_Blue_176.jpg,Russian_Blue,cat,9
/kaggle/input/datasets/tanlikesmath/the-oxfordiiit-pet-dataset/images/english_setter_73.jpg,english_setter,dog,19
/kaggle/input/datasets/tanlikesmath/the-oxfordiiit-pet-dataset/images/great_pyrenees_198.jpg,great_pyrenees,dog,21
/kaggle/input/datasets/tanlikesmath/the-oxfordiiit-pet-dataset/images/Ragdoll_194.jpg,Ragdoll,cat,8
/kaggle/input/datasets/tanlikesmath/the-oxfordiiit-pet-dataset/images/Russian_Blue_262.jpg,Russian_Blue,cat,9
/kaggle/input/datasets/tanlikesmath/the-oxfordiiit-pet-dataset/images/basset_hound_17.jpg,basset_hound,dog,14
/kaggle/input/datasets/tanlikesmath/the-oxfordiiit-pet-dataset/images/shiba_inu_115.jpg,shiba_inu,dog,33
/kaggle/input/datasets/tanlikesmath/the-oxfordiiit-pet-dataset/images/havanese_103.jpg,havanese,dog,22
/kaggle/input/datasets/tanlikesmath/the-oxfordiiit-pet-dataset/images/scottish_terrier_109.jpg,scottish_terrier,dog,32
/kaggle/input/datasets/tanlikesmath/the-oxfordiiit-pet-dataset/images/basset_hound_195.jpg,basset_hound,dog,14
/kaggle/input/datasets/tanlikesmath/the-oxfordiiit-pet-dataset/images/leonberger_94.jpg,leonberger,dog,25
/kaggle/input/datasets/tanlikesmath/the-oxfordiiit-pet-dataset/images/wheaten_terrier_100.jpg,wheaten_terrier,dog,35
/kaggle/input/datasets/tanlikesmath/the-oxfordiiit-pet-dataset/images/Persian_88.jpg,Persian,cat,7
/kaggle/input/datasets/tanlikesmath/the-oxfordiiit-pet-dataset/images/Russian_Blue_94.jpg,Russian_Blue,cat,9
/kaggle/input/datasets/tanlikesmath/the-oxfordiiit-pet-dataset/images/pomeranian_44.jpg,pomeranian,dog,28
/kaggle/input/datasets/tanlikesmath/the-oxfordiiit-pet-dataset/images/japanese_chin_50.jpg,japanese_chin,dog,23
/kaggle/input/datasets/tanlikesmath/the-oxfordiiit-pet-dataset/images/german_shorthaired_8.jpg,german_shorthaired,dog,20
/kaggle/input/datasets/tanlikesmath/the-oxfordiiit-pet-dataset/images/english_setter_1.jpg,english_setter,dog,19
/kaggle/input/datasets/tanlikesmath/the-oxfordiiit-pet-dataset/images/wheaten_terrier_107.jpg,wheaten_terrier,dog,35
/kaggle/input/datasets/tanlikesmath/the-oxfordiiit-pet-dataset/images/american_pit_bull_terrier_29.jpg,american_pit_bull_terrier,dog,13
/kaggle/input/datasets/tanlikesmath/the-oxfordiiit-pet-dataset/images/keeshond_193.jpg,keeshond,dog,24
/kaggle/input/datasets/tanlikesmath/the-oxfordiiit-pet-dataset/images/miniature_pinscher_113.jpg,miniature_pinscher,dog,26
/kaggle/input/datasets/tanlikesmath/the-oxfordiiit-pet-dataset/images/yorkshire_terrier_78.jpg,yorkshire_terrier,dog,36
/kaggle/input/datasets/tanlikesmath/the-oxfordiiit-pet-dataset/images/miniature_pinscher_127.jpg,miniature_pinscher,dog,26
/kaggle/input/datasets/tanlikesmath/the-oxfordiiit-pet-dataset/images/staffordshire_bull_terrier_114.jpg,staffordshire_bull_terrier,dog,34
/kaggle/input/datasets/tanlikesmath/the-oxfordiiit-pet-dataset/images/havanese_10.jpg,havanese,dog,22
/kaggle/input/datasets/tanlikesmath/the-oxfordiiit-pet-dataset/images/great_pyrenees_170.jpg,great_pyrenees,dog,21
/kaggle/input/datasets/tanlikesmath/the-oxfordiiit-pet-dataset/images/British_Shorthair_92.jpg,British_Shorthair,cat,4
/kaggle/input/datasets/tanlikesmath/the-oxfordiiit-pet-dataset/images/staffordshire_bull_terrier_63.jpg,staffordshire_bull_terrier,dog,34
/kaggle/input/datasets/tanlikesmath/the-oxfordiiit-pet-dataset/images/Siamese_126.jpg,Siamese,cat,10
/kaggle/input/datasets/tanlikesmath/the-oxfordiiit-pet-dataset/images/Maine_Coon_186.jpg,Maine_Coon,cat,6
/kaggle/input/datasets/tanlikesmath/the-oxfordiiit-pet-dataset/images/wheaten_terrier_114.jpg,wheaten_terrier,dog,35
/kaggle/input/datasets/tanlikesmath/the-oxfordiiit-pet-dataset/images/miniature_pinscher_9.jpg,miniature_pinscher,dog,26
/kaggle/input/datasets/tanlikesmath/the-oxfordiiit-pet-dataset/images/Birman_82.jpg,Birman,cat,2
/kaggle/input/datasets/tanlikesmath/the-oxfordiiit-pet-dataset/images/samoyed_153.jpg,samoyed,dog,31
/kaggle/input/datasets/tanlikesmath/the-oxfordiiit-pet-dataset/images/Siamese_57.jpg,Siamese,cat,10
/kaggle/input/datasets/tanlikesmath/the-oxfordiiit-pet-dataset/images/Abyssinian_12.jpg,Abyssinian,cat,0
/kaggle/input/datasets/tanlikesmath/the-oxfordiiit-pet-dataset/images/Egyptian_Mau_9.jpg,Egyptian_Mau,cat,5
/kaggle/input/datasets/tanlikesmath/the-oxfordiiit-pet-dataset/images/Sphynx_49.jpg,Sphynx,cat,11
/kaggle/input/datasets/tanlikesmath/the-oxfordiiit-pet-dataset/images/Sphynx_156.jpg,Sphynx,cat,11
/kaggle/input/datasets/tanlikesmath/the-oxfordiiit-pet-dataset/images/english_cocker_spaniel_105.jpg,english_cocker_spaniel,dog,18
/kaggle/input/datasets/tanlikesmath/the-oxfordiiit-pet-dataset/images/Bombay_134.jpg,Bombay,cat,3
/kaggle/input/datasets/tanlikesmath/the-oxfordiiit-pet-dataset/images/wheaten_terrier_9.jpg,wheaten_terrier,dog,35
/kaggle/input/datasets/tanlikesmath/the-oxfordiiit-pet-dataset/images/samoyed_174.jpg,samoyed,dog,31
/kaggle/input/datasets/tanlikesmath/the-oxfordiiit-pet-dataset/images/Persian_194.jpg,Persian,cat,7
/kaggle/input/datasets/tanlikesmath/the-oxfordiiit-pet-dataset/images/Abyssinian_105.jpg,Abyssinian,cat,0
/kaggle/input/datasets/tanlikesmath/the-oxfordiiit-pet-dataset/images/saint_bernard_140.jpg,saint_bernard,dog,30
/kaggle/input/datasets/tanlikesmath/the-oxfordiiit-pet-dataset/images/boxer_66.jpg,boxer,dog,16
/kaggle/input/datasets/tanlikesmath/the-oxfordiiit-pet-dataset/images/scottish_terrier_111.jpg,scottish_terrier,dog,32
/kaggle/input/datasets/tanlikesmath/the-oxfordiiit-pet-dataset/images/newfoundland_25.jpg,newfoundland,dog,27
/kaggle/input/datasets/tanlikesmath/the-oxfordiiit-pet-dataset/images/german_shorthaired_49.jpg,german_shorthaired,dog,20
/kaggle/input/datasets/tanlikesmath/the-oxfordiiit-pet-dataset/images/keeshond_144.jpg,keeshond,dog,24
/kaggle/input/datasets/tanlikesmath/the-oxfordiiit-pet-dataset/images/shiba_inu_117.jpg,shiba_inu,dog,33
/kaggle/input/datasets/tanlikesmath/the-oxfordiiit-pet-dataset/images/basset_hound_109.jpg,basset_hound,dog,14
/kaggle/input/datasets/tanlikesmath/the-oxfordiiit-pet-dataset/images/basset_hound_115.jpg,basset_hound,dog,14
/kaggle/input/datasets/tanlikesmath/the-oxfordiiit-pet-dataset/images/Bengal_83.jpg,Bengal,cat,1
/kaggle/input/datasets/tanlikesmath/the-oxfordiiit-pet-dataset/images/miniature_pinscher_147.jpg,miniature_pinscher,dog,26
/kaggle/input/datasets/tanlikesmath/the-oxfordiiit-pet-dataset/images/Birman_80.jpg,Birman,cat,2
/kaggle/input/datasets/tanlikesmath/the-oxfordiiit-pet-dataset/images/staffordshire_bull_terrier_120.jpg,staffordshire_bull_terrier,dog,34
/kaggle/input/datasets/tanlikesmath/the-oxfordiiit-pet-dataset/images/Ragdoll_138.jpg,Ragdoll,cat,8
/kaggle/input/datasets/tanlikesmath/the-oxfordiiit-pet-dataset/images/wheaten_terrier_128.jpg,wheaten_terrier,dog,35
/kaggle/input/datasets/tanlikesmath/the-oxfordiiit-pet-dataset/images/Maine_Coon_9.jpg,Maine_Coon,cat,6
/kaggle/input/datasets/tanlikesmath/the-oxfordiiit-pet-dataset/images/keeshond_101.jpg,keeshond,dog,24
/kaggle/input/datasets/tanlikesmath/the-oxfordiiit-pet-dataset/images/great_pyrenees_23.jpg,great_pyrenees,dog,21
/kaggle/input/datasets/tanlikesmath/the-oxfordiiit-pet-dataset/images/saint_bernard_59.jpg,saint_bernard,dog,30
/kaggle/input/datasets/tanlikesmath/the-oxfordiiit-pet-dataset/images/Siamese_46.jpg,Siamese,cat,10
/kaggle/input/datasets/tanlikesmath/the-oxfordiiit-pet-dataset/images/pomeranian_51.jpg,pomeranian,dog,28
/kaggle/input/datasets/tanlikesmath/the-oxfordiiit-pet-dataset/images/staffordshire_bull_terrier_163.jpg,staffordshire_bull_terrier,dog,34
/kaggle/input/datasets/tanlikesmath/the-oxfordiiit-pet-dataset/images/basset_hound_53.jpg,basset_hound,dog,14
/kaggle/input/datasets/tanlikesmath/the-oxfordiiit-pet-dataset/images/keeshond_58.jpg,keeshond,dog,24
/kaggle/input/datasets/tanlikesmath/the-oxfordiiit-pet-dataset/images/german_shorthaired_64.jpg,german_shorthaired,dog,20
/kaggle/input/datasets/tanlikesmath/the-oxfordiiit-pet-dataset/images/basset_hound_142.jpg,basset_hound,dog,14
/kaggle/input/datasets/tanlikesmath/the-oxfordiiit-pet-dataset/images/leonberger_19.jpg,leonberger,dog,25
/kaggle/input/datasets/tanlikesmath/the-oxfordiiit-pet-dataset/images/British_Shorthair_175.jpg,British_Shorthair,cat,4
/kaggle/input/datasets/tanlikesmath/the-oxfordiiit-pet-dataset/images/Siamese_37.jpg,Siamese,cat,10
/kaggle/input/datasets/tanlikesmath/the-oxfordiiit-pet-dataset/images/yorkshire_terrier_116.jpg,yorkshire_terrier,dog,36
/kaggle/input/datasets/tanlikesmath/the-oxfordiiit-pet-dataset/images/yorkshire_terrier_187.jpg,yorkshire_terrier,dog,36
/kaggle/input/datasets/tanlikesmath/the-oxfordiiit-pet-dataset/images/leonberger_80.jpg,leonberger,dog,25
/kaggle/input/datasets/tanlikesmath/the-oxfordiiit-pet-dataset/images/english_cocker_spaniel_33.jpg,english_cocker_spaniel,dog,18
/kaggle/input/datasets/tanlikesmath/the-oxfordiiit-pet-dataset/images/Birman_78.jpg,Birman,cat,2
/kaggle/input/datasets/tanlikesmath/the-oxfordiiit-pet-dataset/images/Bengal_185.jpg,Bengal,cat,1
/kaggle/input/datasets/tanlikesmath/the-oxfordiiit-pet-dataset/images/scottish_terrier_178.jpg,scottish_terrier,dog,32
/kaggle/input/datasets/tanlikesmath/the-oxfordiiit-pet-dataset/images/staffordshire_bull_terrier_136.jpg,staffordshire_bull_terrier,dog,34
/kaggle/input/datasets/tanlikesmath/the-oxfordiiit-pet-dataset/images/staffordshire_bull_terrier_1.jpg,staffordshire_bull_terrier,dog,34
/kaggle/input/datasets/tanlikesmath/the-oxfordiiit-pet-dataset/images/Bombay_137.jpg,Bombay,cat,3
/kaggle/input/datasets/tanlikesmath/the-oxfordiiit-pet-dataset/images/British_Shorthair_145.jpg,British_Shorthair,cat,4
/kaggle/input/datasets/tanlikesmath/the-oxfordiiit-pet-dataset/images/newfoundland_4.jpg,newfoundland,dog,27
/kaggle/input/datasets/tanlikesmath/the-oxfordiiit-pet-dataset/images/english_setter_144.jpg,english_setter,dog,19
/kaggle/input/datasets/tanlikesmath/the-oxfordiiit-pet-dataset/images/Bengal_198.jpg,Bengal,cat,1
/kaggle/input/datasets/tanlikesmath/the-oxfordiiit-pet-dataset/images/saint_bernard_171.jpg,saint_bernard,dog,30
/kaggle/input/datasets/tanlikesmath/the-oxfordiiit-pet-dataset/images/american_pit_bull_terrier_142.jpg,american_pit_bull_terrier,dog,13
/kaggle/input/datasets/tanlikesmath/the-oxfordiiit-pet-dataset/images/yorkshire_terrier_90.jpg,yorkshire_terrier,dog,36
/kaggle/input/datasets/tanlikesmath/the-oxfordiiit-pet-dataset/images/scottish_terrier_17.jpg,scottish_terrier,dog,32
/kaggle/input/datasets/tanlikesmath/the-oxfordiiit-pet-dataset/images/english_setter_193.jpg,english_setter,dog,19
/kaggle/input/datasets/tanlikesmath/the-oxfordiiit-pet-dataset/images/newfoundland_3.jpg,newfoundland,dog,27
/kaggle/input/datasets/tanlikesmath/the-oxfordiiit-pet-dataset/images/american_pit_bull_terrier_4.jpg,american_pit_bull_terrier,dog,13
/kaggle/input/datasets/tanlikesmath/the-oxfordiiit-pet-dataset/images/Ragdoll_141.jpg,Ragdoll,cat,8
/kaggle/input/datasets/tanlikesmath/the-oxfordiiit-pet-dataset/images/samoyed_121.jpg,samoyed,dog,31
/kaggle/input/datasets/tanlikesmath/the-oxfordiiit-pet-dataset/images/pomeranian_81.jpg,pomeranian,dog,28
/kaggle/input/datasets/tanlikesmath/the-oxfordiiit-pet-dataset/images/Persian_138.jpg,Persian,cat,7
/kaggle/input/datasets/tanlikesmath/the-oxfordiiit-pet-dataset/images/Sphynx_98.jpg,Sphynx,cat,11
/kaggle/input/datasets/tanlikesmath/the-oxfordiiit-pet-dataset/images/miniature_pinscher_197.jpg,miniature_pinscher,dog,26
/kaggle/input/datasets/tanlikesmath/the-oxfordiiit-pet-dataset/images/boxer_122.jpg,boxer,dog,16
/kaggle/input/datasets/tanlikesmath/the-oxfordiiit-pet-dataset/images/english_setter_30.jpg,english_setter,dog,19
/kaggle/input/datasets/tanlikesmath/the-oxfordiiit-pet-dataset/images/basset_hound_56.jpg,basset_hound,dog,14
/kaggle/input/datasets/tanlikesmath/the-oxfordiiit-pet-dataset/images/great_pyrenees_74.jpg,great_pyrenees,dog,21
/kaggle/input/datasets/tanlikesmath/the-oxfordiiit-pet-dataset/images/english_setter_110.jpg,english_setter,dog,19
/kaggle/input/datasets/tanlikesmath/the-oxfordiiit-pet-dataset/images/British_Shorthair_198.jpg,British_Shorthair,cat,4
/kaggle/input/datasets/tanlikesmath/the-oxfordiiit-pet-dataset/images/scottish_terrier_184.jpg,scottish_terrier,dog,32
/kaggle/input/datasets/tanlikesmath/the-oxfordiiit-pet-dataset/images/Bombay_181.jpg,Bombay,cat,3
/kaggle/input/datasets/tanlikesmath/the-oxfordiiit-pet-dataset/images/american_pit_bull_terrier_53.jpg,american_pit_bull_terrier,dog,13
/kaggle/input/datasets/tanlikesmath/the-oxfordiiit-pet-dataset/images/pug_25.jpg,pug,dog,29
/kaggle/input/datasets/tanlikesmath/the-oxfordiiit-pet-dataset/images/japanese_chin_39.jpg,japanese_chin,dog,23
/kaggle/input/datasets/tanlikesmath/the-oxfordiiit-pet-dataset/images/japanese_chin_195.jpg,japanese_chin,dog,23
/kaggle/input/datasets/tanlikesmath/the-oxfordiiit-pet-dataset/images/german_shorthaired_149.jpg,german_shorthaired,dog,20
/kaggle/input/datasets/tanlikesmath/the-oxfordiiit-pet-dataset/images/saint_bernard_174.jpg,saint_bernard,dog,30
/kaggle/input/datasets/tanlikesmath/the-oxfordiiit-pet-dataset/images/great_pyrenees_58.jpg,great_pyrenees,dog,21
/kaggle/input/datasets/tanlikesmath/the-oxfordiiit-pet-dataset/images/samoyed_110.jpg,samoyed,dog,31
/kaggle/input/datasets/tanlikesmath/the-oxfordiiit-pet-dataset/images/Sphynx_244.jpg,Sphynx,cat,11
/kaggle/input/datasets/tanlikesmath/the-oxfordiiit-pet-dataset/images/basset_hound_196.jpg,basset_hound,dog,14
/kaggle/input/datasets/tanlikesmath/the-oxfordiiit-pet-dataset/images/samoyed_80.jpg,samoyed,dog,31
/kaggle/input/datasets/tanlikesmath/the-oxfordiiit-pet-dataset/images/Egyptian_Mau_77.jpg,Egyptian_Mau,cat,5
/kaggle/input/datasets/tanlikesmath/the-oxfordiiit-pet-dataset/images/miniature_pinscher_102.jpg,miniature_pinscher,dog,26
/kaggle/input/datasets/tanlikesmath/the-oxfordiiit-pet-dataset/images/Siamese_25.jpg,Siamese,cat,10
/kaggle/input/datasets/tanlikesmath/the-oxfordiiit-pet-dataset/images/pug_97.jpg,pug,dog,29
/kaggle/input/datasets/tanlikesmath/the-oxfordiiit-pet-dataset/images/keeshond_45.jpg,keeshond,dog,24
/kaggle/input/datasets/tanlikesmath/the-oxfordiiit-pet-dataset/images/basset_hound_95.jpg,basset_hound,dog,14
/kaggle/input/datasets/tanlikesmath/the-oxfordiiit-pet-dataset/images/american_bulldog_139.jpg,american_bulldog,dog,12
/kaggle/input/datasets/tanlikesmath/the-oxfordiiit-pet-dataset/images/pug_131.jpg,pug,dog,29
/kaggle/input/datasets/tanlikesmath/the-oxfordiiit-pet-dataset/images/american_bulldog_23.jpg,american_bulldog,dog,12
/kaggle/input/datasets/tanlikesmath/the-oxfordiiit-pet-dataset/images/american_pit_bull_terrier_101.jpg,american_pit_bull_terrier,dog,13
/kaggle/input/datasets/tanlikesmath/the-oxfordiiit-pet-dataset/images/german_shorthaired_150.jpg,german_shorthaired,dog,20
/kaggle/input/datasets/tanlikesmath/the-oxfordiiit-pet-dataset/images/english_setter_190.jpg,english_setter,dog,19
/kaggle/input/datasets/tanlikesmath/the-oxfordiiit-pet-dataset/images/Egyptian_Mau_120.jpg,Egyptian_Mau,cat,5
/kaggle/input/datasets/tanlikesmath/the-oxfordiiit-pet-dataset/images/Bombay_204.jpg,Bombay,cat,3
/kaggle/input/datasets/tanlikesmath/the-oxfordiiit-pet-dataset/images/american_pit_bull_terrier_143.jpg,american_pit_bull_terrier,dog,13
/kaggle/input/datasets/tanlikesmath/the-oxfordiiit-pet-dataset/images/basset_hound_72.jpg,basset_hound,dog,14
/kaggle/input/datasets/tanlikesmath/the-oxfordiiit-pet-dataset/images/japanese_chin_20.jpg,japanese_chin,dog,23
/kaggle/input/datasets/tanlikesmath/the-oxfordiiit-pet-dataset/images/Ragdoll_34.jpg,Ragdoll,cat,8
/kaggle/input/datasets/tanlikesmath/the-oxfordiiit-pet-dataset/images/Maine_Coon_107.jpg,Maine_Coon,cat,6
/kaggle/input/datasets/tanlikesmath/the-oxfordiiit-pet-dataset/images/leonberger_120.jpg,leonberger,dog,25
/kaggle/input/datasets/tanlikesmath/the-oxfordiiit-pet-dataset/images/Ragdoll_60.jpg,Ragdoll,cat,8
/kaggle/input/datasets/tanlikesmath/the-oxfordiiit-pet-dataset/images/wheaten_terrier_191.jpg,wheaten_terrier,dog,35
/kaggle/input/datasets/tanlikesmath/the-oxfordiiit-pet-dataset/images/British_Shorthair_18.jpg,British_Shorthair,cat,4
/kaggle/input/datasets/tanlikesmath/the-oxfordiiit-pet-dataset/images/British_Shorthair_53.jpg,British_Shorthair,cat,4
/kaggle/input/datasets/tanlikesmath/the-oxfordiiit-pet-dataset/images/american_bulldog_31.jpg,american_bulldog,dog,12
/kaggle/input/datasets/tanlikesmath/the-oxfordiiit-pet-dataset/images/havanese_40.jpg,havanese,dog,22
/kaggle/input/datasets/tanlikesmath/the-oxfordiiit-pet-dataset/images/basset_hound_60.jpg,basset_hound,dog,14
/kaggle/input/datasets/tanlikesmath/the-oxfordiiit-pet-dataset/images/beagle_187.jpg,beagle,dog,15
/kaggle/input/datasets/tanlikesmath/the-oxfordiiit-pet-dataset/images/yorkshire_terrier_192.jpg,yorkshire_terrier,dog,36
/kaggle/input/datasets/tanlikesmath/the-oxfordiiit-pet-dataset/images/Siamese_164.jpg,Siamese,cat,10
/kaggle/input/datasets/tanlikesmath/the-oxfordiiit-pet-dataset/images/wheaten_terrier_120.jpg,wheaten_terrier,dog,35
/kaggle/input/datasets/tanlikesmath/the-oxfordiiit-pet-dataset/images/samoyed_130.jpg,samoyed,dog,31
/kaggle/input/datasets/tanlikesmath/the-oxfordiiit-pet-dataset/images/wheaten_terrier_81.jpg,wheaten_terrier,dog,35
/kaggle/input/datasets/tanlikesmath/the-oxfordiiit-pet-dataset/images/chihuahua_56.jpg,chihuahua,dog,17
/kaggle/input/datasets/tanlikesmath/the-oxfordiiit-pet-dataset/images/english_setter_91.jpg,english_setter,dog,19
/kaggle/input/datasets/tanlikesmath/the-oxfordiiit-pet-dataset/images/havanese_60.jpg,havanese,dog,22
/kaggle/input/datasets/tanlikesmath/the-oxfordiiit-pet-dataset/images/Persian_256.jpg,Persian,cat,7
/kaggle/input/datasets/tanlikesmath/the-oxfordiiit-pet-dataset/images/Ragdoll_187.jpg,Ragdoll,cat,8
/kaggle/input/datasets/tanlikesmath/the-oxfordiiit-pet-dataset/images/english_cocker_spaniel_53.jpg,english_cocker_spaniel,dog,18
/kaggle/input/datasets/tanlikesmath/the-oxfordiiit-pet-dataset/images/american_pit_bull_terrier_130.jpg,american_pit_bull_terrier,dog,13
/kaggle/input/datasets/tanlikesmath/the-oxfordiiit-pet-dataset/images/staffordshire_bull_terrier_4.jpg,staffordshire_bull_terrier,dog,34
/kaggle/input/datasets/tanlikesmath/the-oxfordiiit-pet-dataset/images/pomeranian_97.jpg,pomeranian,dog,28
/kaggle/input/datasets/tanlikesmath/the-oxfordiiit-pet-dataset/images/Bengal_169.jpg,Bengal,cat,1
/kaggle/input/datasets/tanlikesmath/the-oxfordiiit-pet-dataset/images/chihuahua_146.jpg,chihuahua,dog,17
/kaggle/input/datasets/tanlikesmath/the-oxfordiiit-pet-dataset/images/newfoundland_135.jpg,newfoundland,dog,27
/kaggle/input/datasets/tanlikesmath/the-oxfordiiit-pet-dataset/images/german_shorthaired_189.jpg,german_shorthaired,dog,20
/kaggle/input/datasets/tanlikesmath/the-oxfordiiit-pet-dataset/images/pomeranian_73.jpg,pomeranian,dog,28
/kaggle/input/datasets/tanlikesmath/the-oxfordiiit-pet-dataset/images/Abyssinian_156.jpg,Abyssinian,cat,0
/kaggle/input/datasets/tanlikesmath/the-oxfordiiit-pet-dataset/images/saint_bernard_127.jpg,saint_bernard,dog,30
/kaggle/input/datasets/tanlikesmath/the-oxfordiiit-pet-dataset/images/Ragdoll_18.jpg,Ragdoll,cat,8
/kaggle/input/datasets/tanlikesmath/the-oxfordiiit-pet-dataset/images/leonberger_177.jpg,leonberger,dog,25
/kaggle/input/datasets/tanlikesmath/the-oxfordiiit-pet-dataset/images/Persian_63.jpg,Persian,cat,7
/kaggle/input/datasets/tanlikesmath/the-oxfordiiit-pet-dataset/images/saint_bernard_101.jpg,saint_bernard,dog,30
/kaggle/input/datasets/tanlikesmath/the-oxfordiiit-pet-dataset/images/Sphynx_58.jpg,Sphynx,cat,11
/kaggle/input/datasets/tanlikesmath/the-oxfordiiit-pet-dataset/images/staffordshire_bull_terrier_13.jpg,staffordshire_bull_terrier,dog,34
/kaggle/input/datasets/tanlikesmath/the-oxfordiiit-pet-dataset/images/saint_bernard_115.jpg,saint_bernard,dog,30
/kaggle/input/datasets/tanlikesmath/the-oxfordiiit-pet-dataset/images/saint_bernard_131.jpg,saint_bernard,dog,30
/kaggle/input/datasets/tanlikesmath/the-oxfordiiit-pet-dataset/images/Persian_156.jpg,Persian,cat,7
/kaggle/input/datasets/tanlikesmath/the-oxfordiiit-pet-dataset/images/beagle_201.jpg,beagle,dog,15
/kaggle/input/datasets/tanlikesmath/the-oxfordiiit-pet-dataset/images/english_cocker_spaniel_88.jpg,english_cocker_spaniel,dog,18
/kaggle/input/datasets/tanlikesmath/the-oxfordiiit-pet-dataset/images/Sphynx_134.jpg,Sphynx,cat,11
/kaggle/input/datasets/tanlikesmath/the-oxfordiiit-pet-dataset/images/Abyssinian_129.jpg,Abyssinian,cat,0
/kaggle/input/datasets/tanlikesmath/the-oxfordiiit-pet-dataset/images/wheaten_terrier_13.jpg,wheaten_terrier,dog,35
/kaggle/input/datasets/tanlikesmath/the-oxfordiiit-pet-dataset/images/beagle_89.jpg,beagle,dog,15
/kaggle/input/datasets/tanlikesmath/the-oxfordiiit-pet-dataset/images/British_Shorthair_100.jpg,British_Shorthair,cat,4
/kaggle/input/datasets/tanlikesmath/the-oxfordiiit-pet-dataset/images/leonberger_200.jpg,leonberger,dog,25
/kaggle/input/datasets/tanlikesmath/the-oxfordiiit-pet-dataset/images/havanese_45.jpg,havanese,dog,22
/kaggle/input/datasets/tanlikesmath/the-oxfordiiit-pet-dataset/images/Bombay_53.jpg,Bombay,cat,3
/kaggle/input/datasets/tanlikesmath/the-oxfordiiit-pet-dataset/images/great_pyrenees_85.jpg,great_pyrenees,dog,21
/kaggle/input/datasets/tanlikesmath/the-oxfordiiit-pet-dataset/images/boxer_139.jpg,boxer,dog,16
/kaggle/input/datasets/tanlikesmath/the-oxfordiiit-pet-dataset/images/pomeranian_121.jpg,pomeranian,dog,28
/kaggle/input/datasets/tanlikesmath/the-oxfordiiit-pet-dataset/images/beagle_49.jpg,beagle,dog,15
/kaggle/input/datasets/tanlikesmath/the-oxfordiiit-pet-dataset/images/german_shorthaired_74.jpg,german_shorthaired,dog,20
/kaggle/input/datasets/tanlikesmath/the-oxfordiiit-pet-dataset/images/Abyssinian_15.jpg,Abyssinian,cat,0
/kaggle/input/datasets/tanlikesmath/the-oxfordiiit-pet-dataset/images/keeshond_20.jpg,keeshond,dog,24
/kaggle/input/datasets/tanlikesmath/the-oxfordiiit-pet-dataset/images/american_bulldog_75.jpg,american_bulldog,dog,12
/kaggle/input/datasets/tanlikesmath/the-oxfordiiit-pet-dataset/images/japanese_chin_2.jpg,japanese_chin,dog,23
/kaggle/input/datasets/tanlikesmath/the-oxfordiiit-pet-dataset/images/Bengal_29.jpg,Bengal,cat,1
/kaggle/input/datasets/tanlikesmath/the-oxfordiiit-pet-dataset/images/Russian_Blue_215.jpg,Russian_Blue,cat,9
/kaggle/input/datasets/tanlikesmath/the-oxfordiiit-pet-dataset/images/pug_159.jpg,pug,dog,29
/kaggle/input/datasets/tanlikesmath/the-oxfordiiit-pet-dataset/images/english_setter_100.jpg,english_setter,dog,19
/kaggle/input/datasets/tanlikesmath/the-oxfordiiit-pet-dataset/images/samoyed_157.jpg,samoyed,dog,31
/kaggle/input/datasets/tanlikesmath/the-oxfordiiit-pet-dataset/images/japanese_chin_183.jpg,japanese_chin,dog,23
/kaggle/input/datasets/tanlikesmath/the-oxfordiiit-pet-dataset/images/scottish_terrier_147.jpg,scottish_terrier,dog,32
/kaggle/input/datasets/tanlikesmath/the-oxfordiiit-pet-dataset/images/Bengal_2.jpg,Bengal,cat,1
/kaggle/input/datasets/tanlikesmath/the-oxfordiiit-pet-dataset/images/Abyssinian_225.jpg,Abyssinian,cat,0
/kaggle/input/datasets/tanlikesmath/the-oxfordiiit-pet-dataset/images/staffordshire_bull_terrier_36.jpg,staffordshire_bull_terrier,dog,34
/kaggle/input/datasets/tanlikesmath/the-oxfordiiit-pet-dataset/images/staffordshire_bull_terrier_130.jpg,staffordshire_bull_terrier,dog,34
/kaggle/input/datasets/tanlikesmath/the-oxfordiiit-pet-dataset/images/Birman_34.jpg,Birman,cat,2
/kaggle/input/datasets/tanlikesmath/the-oxfordiiit-pet-dataset/images/english_cocker_spaniel_151.jpg,english_cocker_spaniel,dog,18
/kaggle/input/datasets/tanlikesmath/the-oxfordiiit-pet-dataset/images/Maine_Coon_131.jpg,Maine_Coon,cat,6
/kaggle/input/datasets/tanlikesmath/the-oxfordiiit-pet-dataset/images/chihuahua_28.jpg,chihuahua,dog,17
/kaggle/input/datasets/tanlikesmath/the-oxfordiiit-pet-dataset/images/Egyptian_Mau_176.jpg,Egyptian_Mau,cat,5
/kaggle/input/datasets/tanlikesmath/the-oxfordiiit-pet-dataset/images/samoyed_129.jpg,samoyed,dog,31
/kaggle/input/datasets/tanlikesmath/the-oxfordiiit-pet-dataset/images/pomeranian_5.jpg,pomeranian,dog,28
/kaggle/input/datasets/tanlikesmath/the-oxfordiiit-pet-dataset/images/Birman_123.jpg,Birman,cat,2
/kaggle/input/datasets/tanlikesmath/the-oxfordiiit-pet-dataset/images/scottish_terrier_131.jpg,scottish_terrier,dog,32
/kaggle/input/datasets/tanlikesmath/the-oxfordiiit-pet-dataset/images/Ragdoll_76.jpg,Ragdoll,cat,8
/kaggle/input/datasets/tanlikesmath/the-oxfordiiit-pet-dataset/images/scottish_terrier_31.jpg,scottish_terrier,dog,32
/kaggle/input/datasets/tanlikesmath/the-oxfordiiit-pet-dataset/images/staffordshire_bull_terrier_198.jpg,staffordshire_bull_terrier,dog,34
/kaggle/input/datasets/tanlikesmath/the-oxfordiiit-pet-dataset/images/Siamese_104.jpg,Siamese,cat,10
/kaggle/input/datasets/tanlikesmath/the-oxfordiiit-pet-dataset/images/beagle_188.jpg,beagle,dog,15
/kaggle/input/datasets/tanlikesmath/the-oxfordiiit-pet-dataset/images/British_Shorthair_157.jpg,British_Shorthair,cat,4
/kaggle/input/datasets/tanlikesmath/the-oxfordiiit-pet-dataset/images/staffordshire_bull_terrier_141.jpg,staffordshire_bull_terrier,dog,34
/kaggle/input/datasets/tanlikesmath/the-oxfordiiit-pet-dataset/images/boxer_99.jpg,boxer,dog,16
/kaggle/input/datasets/tanlikesmath/the-oxfordiiit-pet-dataset/images/english_cocker_spaniel_142.jpg,english_cocker_spaniel,dog,18
/kaggle/input/datasets/tanlikesmath/the-oxfordiiit-pet-dataset/images/pug_186.jpg,pug,dog,29
/kaggle/input/datasets/tanlikesmath/the-oxfordiiit-pet-dataset/images/Abyssinian_115.jpg,Abyssinian,cat,0
/kaggle/input/datasets/tanlikesmath/the-oxfordiiit-pet-dataset/images/Siamese_128.jpg,Siamese,cat,10
/kaggle/input/datasets/tanlikesmath/the-oxfordiiit-pet-dataset/images/leonberger_86.jpg,leonberger,dog,25
/kaggle/input/datasets/tanlikesmath/the-oxfordiiit-pet-dataset/images/Persian_103.jpg,Persian,cat,7
/kaggle/input/datasets/tanlikesmath/the-oxfordiiit-pet-dataset/images/Ragdoll_177.jpg,Ragdoll,cat,8
/kaggle/input/datasets/tanlikesmath/the-oxfordiiit-pet-dataset/images/Siamese_224.jpg,Siamese,cat,10
/kaggle/input/datasets/tanlikesmath/the-oxfordiiit-pet-dataset/images/american_bulldog_209.jpg,american_bulldog,dog,12
/kaggle/input/datasets/tanlikesmath/the-oxfordiiit-pet-dataset/images/japanese_chin_3.jpg,japanese_chin,dog,23
/kaggle/input/datasets/tanlikesmath/the-oxfordiiit-pet-dataset/images/saint_bernard_163.jpg,saint_bernard,dog,30
/kaggle/input/datasets/tanlikesmath/the-oxfordiiit-pet-dataset/images/american_bulldog_211.jpg,american_bulldog,dog,12
/kaggle/input/datasets/tanlikesmath/the-oxfordiiit-pet-dataset/images/samoyed_74.jpg,samoyed,dog,31
/kaggle/input/datasets/tanlikesmath/the-oxfordiiit-pet-dataset/images/Ragdoll_193.jpg,Ragdoll,cat,8
/kaggle/input/datasets/tanlikesmath/the-oxfordiiit-pet-dataset/images/Persian_87.jpg,Persian,cat,7
/kaggle/input/datasets/tanlikesmath/the-oxfordiiit-pet-dataset/images/British_Shorthair_123.jpg,British_Shorthair,cat,4
/kaggle/input/datasets/tanlikesmath/the-oxfordiiit-pet-dataset/images/leonberger_9.jpg,leonberger,dog,25
/kaggle/input/datasets/tanlikesmath/the-oxfordiiit-pet-dataset/images/saint_bernard_193.jpg,saint_bernard,dog,30
/kaggle/input/datasets/tanlikesmath/the-oxfordiiit-pet-dataset/images/beagle_29.jpg,beagle,dog,15
/kaggle/input/datasets/tanlikesmath/the-oxfordiiit-pet-dataset/images/pug_118.jpg,pug,dog,29
/kaggle/input/datasets/tanlikesmath/the-oxfordiiit-pet-dataset/images/Maine_Coon_106.jpg,Maine_Coon,cat,6
/kaggle/input/datasets/tanlikesmath/the-oxfordiiit-pet-dataset/images/Abyssinian_159.jpg,Abyssinian,cat,0
/kaggle/input/datasets/tanlikesmath/the-oxfordiiit-pet-dataset/images/scottish_terrier_156.jpg,scottish_terrier,dog,32
/kaggle/input/datasets/tanlikesmath/the-oxfordiiit-pet-dataset/images/pug_65.jpg,pug,dog,29
/kaggle/input/datasets/tanlikesmath/the-oxfordiiit-pet-dataset/images/Ragdoll_84.jpg,Ragdoll,cat,8
/kaggle/input/datasets/tanlikesmath/the-oxfordiiit-pet-dataset/images/Egyptian_Mau_95.jpg,Egyptian_Mau,cat,5
/kaggle/input/datasets/tanlikesmath/the-oxfordiiit-pet-dataset/images/samoyed_92.jpg,samoyed,dog,31
/kaggle/input/datasets/tanlikesmath/the-oxfordiiit-pet-dataset/images/pug_6.jpg,pug,dog,29
/kaggle/input/datasets/tanlikesmath/the-oxfordiiit-pet-dataset/images/Bombay_203.jpg,Bombay,cat,3
/kaggle/input/datasets/tanlikesmath/the-oxfordiiit-pet-dataset/images/shiba_inu_40.jpg,shiba_inu,dog,33
/kaggle/input/datasets/tanlikesmath/the-oxfordiiit-pet-dataset/images/Sphynx_202.jpg,Sphynx,cat,11
/kaggle/input/datasets/tanlikesmath/the-oxfordiiit-pet-dataset/images/wheaten_terrier_159.jpg,wheaten_terrier,dog,35
/kaggle/input/datasets/tanlikesmath/the-oxfordiiit-pet-dataset/images/havanese_30.jpg,havanese,dog,22
/kaggle/input/datasets/tanlikesmath/the-oxfordiiit-pet-dataset/images/keeshond_56.jpg,keeshond,dog,24
/kaggle/input/datasets/tanlikesmath/the-oxfordiiit-pet-dataset/images/British_Shorthair_263.jpg,British_Shorthair,cat,4
/kaggle/input/datasets/tanlikesmath/the-oxfordiiit-pet-dataset/images/Bombay_112.jpg,Bombay,cat,3
/kaggle/input/datasets/tanlikesmath/the-oxfordiiit-pet-dataset/images/British_Shorthair_22.jpg,British_Shorthair,cat,4
/kaggle/input/datasets/tanlikesmath/the-oxfordiiit-pet-dataset/images/american_pit_bull_terrier_201.jpg,american_pit_bull_terrier,dog,13
/kaggle/input/datasets/tanlikesmath/the-oxfordiiit-pet-dataset/images/yorkshire_terrier_9.jpg,yorkshire_terrier,dog,36
/kaggle/input/datasets/tanlikesmath/the-oxfordiiit-pet-dataset/images/pug_125.jpg,pug,dog,29
/kaggle/input/datasets/tanlikesmath/the-oxfordiiit-pet-dataset/images/wheaten_terrier_145.jpg,wheaten_terrier,dog,35
/kaggle/input/datasets/tanlikesmath/the-oxfordiiit-pet-dataset/images/Sphynx_251.jpg,Sphynx,cat,11
/kaggle/input/datasets/tanlikesmath/the-oxfordiiit-pet-dataset/images/samoyed_76.jpg,samoyed,dog,31
/kaggle/input/datasets/tanlikesmath/the-oxfordiiit-pet-dataset/images/Bombay_52.jpg,Bombay,cat,3
/kaggle/input/datasets/tanlikesmath/the-oxfordiiit-pet-dataset/images/japanese_chin_146.jpg,japanese_chin,dog,23
/kaggle/input/datasets/tanlikesmath/the-oxfordiiit-pet-dataset/images/japanese_chin_145.jpg,japanese_chin,dog,23
/kaggle/input/datasets/tanlikesmath/the-oxfordiiit-pet-dataset/images/german_shorthaired_90.jpg,german_shorthaired,dog,20
/kaggle/input/datasets/tanlikesmath/the-oxfordiiit-pet-dataset/images/Abyssinian_228.jpg,Abyssinian,cat,0
/kaggle/input/datasets/tanlikesmath/the-oxfordiiit-pet-dataset/images/american_bulldog_173.jpg,american_bulldog,dog,12
/kaggle/input/datasets/tanlikesmath/the-oxfordiiit-pet-dataset/images/english_cocker_spaniel_48.jpg,english_cocker_spaniel,dog,18
/kaggle/input/datasets/tanlikesmath/the-oxfordiiit-pet-dataset/images/shiba_inu_76.jpg,shiba_inu,dog,33
/kaggle/input/datasets/tanlikesmath/the-oxfordiiit-pet-dataset/images/leonberger_175.jpg,leonberger,dog,25
/kaggle/input/datasets/tanlikesmath/the-oxfordiiit-pet-dataset/images/havanese_8.jpg,havanese,dog,22
/kaggle/input/datasets/tanlikesmath/the-oxfordiiit-pet-dataset/images/Abyssinian_224.jpg,Abyssinian,cat,0
/kaggle/input/datasets/tanlikesmath/the-oxfordiiit-pet-dataset/images/pomeranian_101.jpg,pomeranian,dog,28
/kaggle/input/datasets/tanlikesmath/the-oxfordiiit-pet-dataset/images/great_pyrenees_191.jpg,great_pyrenees,dog,21
/kaggle/input/datasets/tanlikesmath/the-oxfordiiit-pet-dataset/images/scottish_terrier_164.jpg,scottish_terrier,dog,32
/kaggle/input/datasets/tanlikesmath/the-oxfordiiit-pet-dataset/images/Bengal_128.jpg,Bengal,cat,1
/kaggle/input/datasets/tanlikesmath/the-oxfordiiit-pet-dataset/images/basset_hound_81.jpg,basset_hound,dog,14
/kaggle/input/datasets/tanlikesmath/the-oxfordiiit-pet-dataset/images/american_pit_bull_terrier_204.jpg,american_pit_bull_terrier,dog,13
/kaggle/input/datasets/tanlikesmath/the-oxfordiiit-pet-dataset/images/samoyed_46.jpg,samoyed,dog,31
/kaggle/input/datasets/tanlikesmath/the-oxfordiiit-pet-dataset/images/american_pit_bull_terrier_69.jpg,american_pit_bull_terrier,dog,13
/kaggle/input/datasets/tanlikesmath/the-oxfordiiit-pet-dataset/images/scottish_terrier_35.jpg,scottish_terrier,dog,32
/kaggle/input/datasets/tanlikesmath/the-oxfordiiit-pet-dataset/images/havanese_37.jpg,havanese,dog,22
/kaggle/input/datasets/tanlikesmath/the-oxfordiiit-pet-dataset/images/great_pyrenees_147.jpg,great_pyrenees,dog,21
/kaggle/input/datasets/tanlikesmath/the-oxfordiiit-pet-dataset/images/keeshond_75.jpg,keeshond,dog,24
/kaggle/input/datasets/tanlikesmath/the-oxfordiiit-pet-dataset/images/Ragdoll_6.jpg,Ragdoll,cat,8
/kaggle/input/datasets/tanlikesmath/the-oxfordiiit-pet-dataset/images/german_shorthaired_19.jpg,german_shorthaired,dog,20
/kaggle/input/datasets/tanlikesmath/the-oxfordiiit-pet-dataset/images/samoyed_166.jpg,samoyed,dog,31
/kaggle/input/datasets/tanlikesmath/the-oxfordiiit-pet-dataset/images/scottish_terrier_85.jpg,scottish_terrier,dog,32
/kaggle/input/datasets/tanlikesmath/the-oxfordiiit-pet-dataset/images/Bombay_151.jpg,Bombay,cat,3
/kaggle/input/datasets/tanlikesmath/the-oxfordiiit-pet-dataset/images/Maine_Coon_104.jpg,Maine_Coon,cat,6
/kaggle/input/datasets/tanlikesmath/the-oxfordiiit-pet-dataset/images/Siamese_29.jpg,Siamese,cat,10
/kaggle/input/datasets/tanlikesmath/the-oxfordiiit-pet-dataset/images/japanese_chin_192.jpg,japanese_chin,dog,23
/kaggle/input/datasets/tanlikesmath/the-oxfordiiit-pet-dataset/images/keeshond_151.jpg,keeshond,dog,24
/kaggle/input/datasets/tanlikesmath/the-oxfordiiit-pet-dataset/images/english_cocker_spaniel_34.jpg,english_cocker_spaniel,dog,18
/kaggle/input/datasets/tanlikesmath/the-oxfordiiit-pet-dataset/images/samoyed_161.jpg,samoyed,dog,31
/kaggle/input/datasets/tanlikesmath/the-oxfordiiit-pet-dataset/images/american_bulldog_53.jpg,american_bulldog,dog,12
/kaggle/input/datasets/tanlikesmath/the-oxfordiiit-pet-dataset/images/Birman_95.jpg,Birman,cat,2
/kaggle/input/datasets/tanlikesmath/the-oxfordiiit-pet-dataset/images/miniature_pinscher_198.jpg,miniature_pinscher,dog,26
/kaggle/input/datasets/tanlikesmath/the-oxfordiiit-pet-dataset/images/yorkshire_terrier_43.jpg,yorkshire_terrier,dog,36
/kaggle/input/datasets/tanlikesmath/the-oxfordiiit-pet-dataset/images/Bengal_1.jpg,Bengal,cat,1
/kaggle/input/datasets/tanlikesmath/the-oxfordiiit-pet-dataset/images/Ragdoll_122.jpg,Ragdoll,cat,8
/kaggle/input/datasets/tanlikesmath/the-oxfordiiit-pet-dataset/images/boxer_171.jpg,boxer,dog,16
/kaggle/input/datasets/tanlikesmath/the-oxfordiiit-pet-dataset/images/chihuahua_37.jpg,chihuahua,dog,17
/kaggle/input/datasets/tanlikesmath/the-oxfordiiit-pet-dataset/images/Bombay_119.jpg,Bombay,cat,3
/kaggle/input/datasets/tanlikesmath/the-oxfordiiit-pet-dataset/images/Sphynx_46.jpg,Sphynx,cat,11
/kaggle/input/datasets/tanlikesmath/the-oxfordiiit-pet-dataset/images/Bombay_63.jpg,Bombay,cat,3
/kaggle/input/datasets/tanlikesmath/the-oxfordiiit-pet-dataset/images/saint_bernard_52.jpg,saint_bernard,dog,30
/kaggle/input/datasets/tanlikesmath/the-oxfordiiit-pet-dataset/images/Bombay_93.jpg,Bombay,cat,3
/kaggle/input/datasets/tanlikesmath/the-oxfordiiit-pet-dataset/images/saint_bernard_68.jpg,saint_bernard,dog,30
/kaggle/input/datasets/tanlikesmath/the-oxfordiiit-pet-dataset/images/beagle_26.jpg,beagle,dog,15
/kaggle/input/datasets/tanlikesmath/the-oxfordiiit-pet-dataset/images/english_cocker_spaniel_168.jpg,english_cocker_spaniel,dog,18
/kaggle/input/datasets/tanlikesmath/the-oxfordiiit-pet-dataset/images/beagle_43.jpg,beagle,dog,15
/kaggle/input/datasets/tanlikesmath/the-oxfordiiit-pet-dataset/images/Persian_54.jpg,Persian,cat,7
/kaggle/input/datasets/tanlikesmath/the-oxfordiiit-pet-dataset/images/japanese_chin_113.jpg,japanese_chin,dog,23
/kaggle/input/datasets/tanlikesmath/the-oxfordiiit-pet-dataset/images/British_Shorthair_112.jpg,British_Shorthair,cat,4
/kaggle/input/datasets/tanlikesmath/the-oxfordiiit-pet-dataset/images/pug_185.jpg,pug,dog,29
/kaggle/input/datasets/tanlikesmath/the-oxfordiiit-pet-dataset/images/american_bulldog_111.jpg,american_bulldog,dog,12
/kaggle/input/datasets/tanlikesmath/the-oxfordiiit-pet-dataset/images/english_cocker_spaniel_83.jpg,english_cocker_spaniel,dog,18
/kaggle/input/datasets/tanlikesmath/the-oxfordiiit-pet-dataset/images/pomeranian_67.jpg,pomeranian,dog,28
/kaggle/input/datasets/tanlikesmath/the-oxfordiiit-pet-dataset/images/basset_hound_107.jpg,basset_hound,dog,14
/kaggle/input/datasets/tanlikesmath/the-oxfordiiit-pet-dataset/images/havanese_47.jpg,havanese,dog,22
/kaggle/input/datasets/tanlikesmath/the-oxfordiiit-pet-dataset/images/havanese_134.jpg,havanese,dog,22
/kaggle/input/datasets/tanlikesmath/the-oxfordiiit-pet-dataset/images/newfoundland_45.jpg,newfoundland,dog,27
/kaggle/input/datasets/tanlikesmath/the-oxfordiiit-pet-dataset/images/wheaten_terrier_30.jpg,wheaten_terrier,dog,35
/kaggle/input/datasets/tanlikesmath/the-oxfordiiit-pet-dataset/images/Egyptian_Mau_140.jpg,Egyptian_Mau,cat,5
/kaggle/input/datasets/tanlikesmath/the-oxfordiiit-pet-dataset/images/chihuahua_117.jpg,chihuahua,dog,17
/kaggle/input/datasets/tanlikesmath/the-oxfordiiit-pet-dataset/images/chihuahua_78.jpg,chihuahua,dog,17
/kaggle/input/datasets/tanlikesmath/the-oxfordiiit-pet-dataset/images/Ragdoll_112.jpg,Ragdoll,cat,8
/kaggle/input/datasets/tanlikesmath/the-oxfordiiit-pet-dataset/images/Russian_Blue_186.jpg,Russian_Blue,cat,9
/kaggle/input/datasets/tanlikesmath/the-oxfordiiit-pet-dataset/images/Abyssinian_84.jpg,Abyssinian,cat,0
/kaggle/input/datasets/tanlikesmath/the-oxfordiiit-pet-dataset/images/Sphynx_87.jpg,Sphynx,cat,11
/kaggle/input/datasets/tanlikesmath/the-oxfordiiit-pet-dataset/images/pomeranian_128.jpg,pomeranian,dog,28
/kaggle/input/datasets/tanlikesmath/the-oxfordiiit-pet-dataset/images/newfoundland_44.jpg,newfoundland,dog,27
/kaggle/input/datasets/tanlikesmath/the-oxfordiiit-pet-dataset/images/pug_196.jpg,pug,dog,29
/kaggle/input/datasets/tanlikesmath/the-oxfordiiit-pet-dataset/images/basset_hound_191.jpg,basset_hound,dog,14
/kaggle/input/datasets/tanlikesmath/the-oxfordiiit-pet-dataset/images/Persian_217.jpg,Persian,cat,7
/kaggle/input/datasets/tanlikesmath/the-oxfordiiit-pet-dataset/images/newfoundland_161.jpg,newfoundland,dog,27
/kaggle/input/datasets/tanlikesmath/the-oxfordiiit-pet-dataset/images/keeshond_167.jpg,keeshond,dog,24
/kaggle/input/datasets/tanlikesmath/the-oxfordiiit-pet-dataset/images/yorkshire_terrier_18.jpg,yorkshire_terrier,dog,36
/kaggle/input/datasets/tanlikesmath/the-oxfordiiit-pet-dataset/images/keeshond_133.jpg,keeshond,dog,24
/kaggle/input/datasets/tanlikesmath/the-oxfordiiit-pet-dataset/images/Ragdoll_67.jpg,Ragdoll,cat,8
/kaggle/input/datasets/tanlikesmath/the-oxfordiiit-pet-dataset/images/miniature_pinscher_121.jpg,miniature_pinscher,dog,26
/kaggle/input/datasets/tanlikesmath/the-oxfordiiit-pet-dataset/images/pomeranian_133.jpg,pomeranian,dog,28
/kaggle/input/datasets/tanlikesmath/the-oxfordiiit-pet-dataset/images/samoyed_43.jpg,samoyed,dog,31
/kaggle/input/datasets/tanlikesmath/the-oxfordiiit-pet-dataset/images/miniature_pinscher_131.jpg,miniature_pinscher,dog,26
/kaggle/input/datasets/tanlikesmath/the-oxfordiiit-pet-dataset/images/British_Shorthair_184.jpg,British_Shorthair,cat,4
/kaggle/input/datasets/tanlikesmath/the-oxfordiiit-pet-dataset/images/yorkshire_terrier_80.jpg,yorkshire_terrier,dog,36
/kaggle/input/datasets/tanlikesmath/the-oxfordiiit-pet-dataset/images/american_bulldog_129.jpg,american_bulldog,dog,12
/kaggle/input/datasets/tanlikesmath/the-oxfordiiit-pet-dataset/images/newfoundland_96.jpg,newfoundland,dog,27
/kaggle/input/datasets/tanlikesmath/the-oxfordiiit-pet-dataset/images/Maine_Coon_194.jpg,Maine_Coon,cat,6
/kaggle/input/datasets/tanlikesmath/the-oxfordiiit-pet-dataset/images/Sphynx_104.jpg,Sphynx,cat,11
/kaggle/input/datasets/tanlikesmath/the-oxfordiiit-pet-dataset/images/beagle_2.jpg,beagle,dog,15
/kaggle/input/datasets/tanlikesmath/the-oxfordiiit-pet-dataset/images/english_cocker_spaniel_180.jpg,english_cocker_spaniel,dog,18
/kaggle/input/datasets/tanlikesmath/the-oxfordiiit-pet-dataset/images/staffordshire_bull_terrier_129.jpg,staffordshire_bull_terrier,dog,34
/kaggle/input/datasets/tanlikesmath/the-oxfordiiit-pet-dataset/images/boxer_127.jpg,boxer,dog,16
/kaggle/input/datasets/tanlikesmath/the-oxfordiiit-pet-dataset/images/basset_hound_129.jpg,basset_hound,dog,14
/kaggle/input/datasets/tanlikesmath/the-oxfordiiit-pet-dataset/images/Abyssinian_232.jpg,Abyssinian,cat,0
/kaggle/input/datasets/tanlikesmath/the-oxfordiiit-pet-dataset/images/Ragdoll_136.jpg,Ragdoll,cat,8
/kaggle/input/datasets/tanlikesmath/the-oxfordiiit-pet-dataset/images/wheaten_terrier_16.jpg,wheaten_terrier,dog,35
/kaggle/input/datasets/tanlikesmath/the-oxfordiiit-pet-dataset/images/Birman_68.jpg,Birman,cat,2
/kaggle/input/datasets/tanlikesmath/the-oxfordiiit-pet-dataset/images/Egyptian_Mau_177.jpg,Egyptian_Mau,cat,5
/kaggle/input/datasets/tanlikesmath/the-oxfordiiit-pet-dataset/images/chihuahua_195.jpg,chihuahua,dog,17
/kaggle/input/datasets/tanlikesmath/the-oxfordiiit-pet-dataset/images/pug_67.jpg,pug,dog,29
/kaggle/input/datasets/tanlikesmath/the-oxfordiiit-pet-dataset/images/Sphynx_74.jpg,Sphynx,cat,11
/kaggle/input/datasets/tanlikesmath/the-oxfordiiit-pet-dataset/images/miniature_pinscher_48.jpg,miniature_pinscher,dog,26
/kaggle/input/datasets/tanlikesmath/the-oxfordiiit-pet-dataset/images/pomeranian_57.jpg,pomeranian,dog,28
/kaggle/input/datasets/tanlikesmath/the-oxfordiiit-pet-dataset/images/american_pit_bull_terrier_122.jpg,american_pit_bull_terrier,dog,13
/kaggle/input/datasets/tanlikesmath/the-oxfordiiit-pet-dataset/images/scottish_terrier_41.jpg,scottish_terrier,dog,32
/kaggle/input/datasets/tanlikesmath/the-oxfordiiit-pet-dataset/images/basset_hound_111.jpg,basset_hound,dog,14
/kaggle/input/datasets/tanlikesmath/the-oxfordiiit-pet-dataset/images/havanese_143.jpg,havanese,dog,22
/kaggle/input/datasets/tanlikesmath/the-oxfordiiit-pet-dataset/images/Abyssinian_114.jpg,Abyssinian,cat,0
/kaggle/input/datasets/tanlikesmath/the-oxfordiiit-pet-dataset/images/scottish_terrier_10.jpg,scottish_terrier,dog,32
/kaggle/input/datasets/tanlikesmath/the-oxfordiiit-pet-dataset/images/pug_184.jpg,pug,dog,29
/kaggle/input/datasets/tanlikesmath/the-oxfordiiit-pet-dataset/images/Persian_45.jpg,Persian,cat,7
/kaggle/input/datasets/tanlikesmath/the-oxfordiiit-pet-dataset/images/pomeranian_156.jpg,pomeranian,dog,28
/kaggle/input/datasets/tanlikesmath/the-oxfordiiit-pet-dataset/images/japanese_chin_108.jpg,japanese_chin,dog,23
/kaggle/input/datasets/tanlikesmath/the-oxfordiiit-pet-dataset/images/american_pit_bull_terrier_117.jpg,american_pit_bull_terrier,dog,13
/kaggle/input/datasets/tanlikesmath/the-oxfordiiit-pet-dataset/images/chihuahua_84.jpg,chihuahua,dog,17
/kaggle/input/datasets/tanlikesmath/the-oxfordiiit-pet-dataset/images/Siamese_72.jpg,Siamese,cat,10
/kaggle/input/datasets/tanlikesmath/the-oxfordiiit-pet-dataset/images/english_setter_33.jpg,english_setter,dog,19
/kaggle/input/datasets/tanlikesmath/the-oxfordiiit-pet-dataset/images/chihuahua_43.jpg,chihuahua,dog,17
/kaggle/input/datasets/tanlikesmath/the-oxfordiiit-pet-dataset/images/Maine_Coon_47.jpg,Maine_Coon,cat,6
/kaggle/input/datasets/tanlikesmath/the-oxfordiiit-pet-dataset/images/english_setter_102.jpg,english_setter,dog,19
/kaggle/input/datasets/tanlikesmath/the-oxfordiiit-pet-dataset/images/saint_bernard_99.jpg,saint_bernard,dog,30
/kaggle/input/datasets/tanlikesmath/the-oxfordiiit-pet-dataset/images/Bombay_185.jpg,Bombay,cat,3
/kaggle/input/datasets/tanlikesmath/the-oxfordiiit-pet-dataset/images/shiba_inu_160.jpg,shiba_inu,dog,33
/kaggle/input/datasets/tanlikesmath/the-oxfordiiit-pet-dataset/images/basset_hound_147.jpg,basset_hound,dog,14
/kaggle/input/datasets/tanlikesmath/the-oxfordiiit-pet-dataset/images/shiba_inu_93.jpg,shiba_inu,dog,33
/kaggle/input/datasets/tanlikesmath/the-oxfordiiit-pet-dataset/images/havanese_14.jpg,havanese,dog,22
/kaggle/input/datasets/tanlikesmath/the-oxfordiiit-pet-dataset/images/Russian_Blue_222.jpg,Russian_Blue,cat,9
/kaggle/input/datasets/tanlikesmath/the-oxfordiiit-pet-dataset/images/Siamese_40.jpg,Siamese,cat,10
/kaggle/input/datasets/tanlikesmath/the-oxfordiiit-pet-dataset/images/great_pyrenees_158.jpg,great_pyrenees,dog,21
/kaggle/input/datasets/tanlikesmath/the-oxfordiiit-pet-dataset/images/yorkshire_terrier_106.jpg,yorkshire_terrier,dog,36
/kaggle/input/datasets/tanlikesmath/the-oxfordiiit-pet-dataset/images/german_shorthaired_157.jpg,german_shorthaired,dog,20
/kaggle/input/datasets/tanlikesmath/the-oxfordiiit-pet-dataset/images/Abyssinian_117.jpg,Abyssinian,cat,0
/kaggle/input/datasets/tanlikesmath/the-oxfordiiit-pet-dataset/images/Abyssinian_91.jpg,Abyssinian,cat,0
/kaggle/input/datasets/tanlikesmath/the-oxfordiiit-pet-dataset/images/pomeranian_176.jpg,pomeranian,dog,28
/kaggle/input/datasets/tanlikesmath/the-oxfordiiit-pet-dataset/images/Birman_65.jpg,Birman,cat,2
/kaggle/input/datasets/tanlikesmath/the-oxfordiiit-pet-dataset/images/japanese_chin_127.jpg,japanese_chin,dog,23
/kaggle/input/datasets/tanlikesmath/the-oxfordiiit-pet-dataset/images/British_Shorthair_148.jpg,British_Shorthair,cat,4
/kaggle/input/datasets/tanlikesmath/the-oxfordiiit-pet-dataset/images/english_cocker_spaniel_4.jpg,english_cocker_spaniel,dog,18
/kaggle/input/datasets/tanlikesmath/the-oxfordiiit-pet-dataset/images/Sphynx_30.jpg,Sphynx,cat,11
/kaggle/input/datasets/tanlikesmath/the-oxfordiiit-pet-dataset/images/american_bulldog_110.jpg,american_bulldog,dog,12
/kaggle/input/datasets/tanlikesmath/the-oxfordiiit-pet-dataset/images/beagle_180.jpg,beagle,dog,15
/kaggle/input/datasets/tanlikesmath/the-oxfordiiit-pet-dataset/images/Maine_Coon_117.jpg,Maine_Coon,cat,6
/kaggle/input/datasets/tanlikesmath/the-oxfordiiit-pet-dataset/images/japanese_chin_23.jpg,japanese_chin,dog,23
/kaggle/input/datasets/tanlikesmath/the-oxfordiiit-pet-dataset/images/Abyssinian_66.jpg,Abyssinian,cat,0
/kaggle/input/datasets/tanlikesmath/the-oxfordiiit-pet-dataset/images/Siamese_122.jpg,Siamese,cat,10
/kaggle/input/datasets/tanlikesmath/the-oxfordiiit-pet-dataset/images/american_pit_bull_terrier_197.jpg,american_pit_bull_terrier,dog,13
/kaggle/input/datasets/tanlikesmath/the-oxfordiiit-pet-dataset/images/wheaten_terrier_73.jpg,wheaten_terrier,dog,35
/kaggle/input/datasets/tanlikesmath/the-oxfordiiit-pet-dataset/images/Abyssinian_133.jpg,Abyssinian,cat,0
/kaggle/input/datasets/tanlikesmath/the-oxfordiiit-pet-dataset/images/chihuahua_158.jpg,chihuahua,dog,17
/kaggle/input/datasets/tanlikesmath/the-oxfordiiit-pet-dataset/images/Sphynx_89.jpg,Sphynx,cat,11
/kaggle/input/datasets/tanlikesmath/the-oxfordiiit-pet-dataset/images/american_pit_bull_terrier_76.jpg,american_pit_bull_terrier,dog,13
/kaggle/input/datasets/tanlikesmath/the-oxfordiiit-pet-dataset/images/Abyssinian_217.jpg,Abyssinian,cat,0
/kaggle/input/datasets/tanlikesmath/the-oxfordiiit-pet-dataset/images/Bombay_111.jpg,Bombay,cat,3
/kaggle/input/datasets/tanlikesmath/the-oxfordiiit-pet-dataset/images/British_Shorthair_31.jpg,British_Shorthair,cat,4
/kaggle/input/datasets/tanlikesmath/the-oxfordiiit-pet-dataset/images/leonberger_161.jpg,leonberger,dog,25
/kaggle/input/datasets/tanlikesmath/the-oxfordiiit-pet-dataset/images/Siamese_99.jpg,Siamese,cat,10
/kaggle/input/datasets/tanlikesmath/the-oxfordiiit-pet-dataset/images/Ragdoll_100.jpg,Ragdoll,cat,8
/kaggle/input/datasets/tanlikesmath/the-oxfordiiit-pet-dataset/images/saint_bernard_117.jpg,saint_bernard,dog,30
/kaggle/input/datasets/tanlikesmath/the-oxfordiiit-pet-dataset/images/Persian_264.jpg,Persian,cat,7
/kaggle/input/datasets/tanlikesmath/the-oxfordiiit-pet-dataset/images/Ragdoll_145.jpg,Ragdoll,cat,8
/kaggle/input/datasets/tanlikesmath/the-oxfordiiit-pet-dataset/images/shiba_inu_146.jpg,shiba_inu,dog,33
/kaggle/input/datasets/tanlikesmath/the-oxfordiiit-pet-dataset/images/yorkshire_terrier_184.jpg,yorkshire_terrier,dog,36
/kaggle/input/datasets/tanlikesmath/the-oxfordiiit-pet-dataset/images/wheaten_terrier_99.jpg,wheaten_terrier,dog,35
/kaggle/input/datasets/tanlikesmath/the-oxfordiiit-pet-dataset/images/english_setter_184.jpg,english_setter,dog,19
/kaggle/input/datasets/tanlikesmath/the-oxfordiiit-pet-dataset/images/beagle_134.jpg,beagle,dog,15
/kaggle/input/datasets/tanlikesmath/the-oxfordiiit-pet-dataset/images/great_pyrenees_174.jpg,great_pyrenees,dog,21
/kaggle/input/datasets/tanlikesmath/the-oxfordiiit-pet-dataset/images/saint_bernard_192.jpg,saint_bernard,dog,30
/kaggle/input/datasets/tanlikesmath/the-oxfordiiit-pet-dataset/images/Siamese_187.jpg,Siamese,cat,10
/kaggle/input/datasets/tanlikesmath/the-oxfordiiit-pet-dataset/images/samoyed_126.jpg,samoyed,dog,31
/kaggle/input/datasets/tanlikesmath/the-oxfordiiit-pet-dataset/images/german_shorthaired_176.jpg,german_shorthaired,dog,20
/kaggle/input/datasets/tanlikesmath/the-oxfordiiit-pet-dataset/images/havanese_159.jpg,havanese,dog,22
/kaggle/input/datasets/tanlikesmath/the-oxfordiiit-pet-dataset/images/Ragdoll_57.jpg,Ragdoll,cat,8
/kaggle/input/datasets/tanlikesmath/the-oxfordiiit-pet-dataset/images/leonberger_121.jpg,leonberger,dog,25
/kaggle/input/datasets/tanlikesmath/the-oxfordiiit-pet-dataset/images/miniature_pinscher_32.jpg,miniature_pinscher,dog,26
/kaggle/input/datasets/tanlikesmath/the-oxfordiiit-pet-dataset/images/japanese_chin_51.jpg,japanese_chin,dog,23
/kaggle/input/datasets/tanlikesmath/the-oxfordiiit-pet-dataset/images/english_cocker_spaniel_61.jpg,english_cocker_spaniel,dog,18
/kaggle/input/datasets/tanlikesmath/the-oxfordiiit-pet-dataset/images/staffordshire_bull_terrier_23.jpg,staffordshire_bull_terrier,dog,34
/kaggle/input/datasets/tanlikesmath/the-oxfordiiit-pet-dataset/images/chihuahua_73.jpg,chihuahua,dog,17
/kaggle/input/datasets/tanlikesmath/the-oxfordiiit-pet-dataset/images/shiba_inu_132.jpg,shiba_inu,dog,33
/kaggle/input/datasets/tanlikesmath/the-oxfordiiit-pet-dataset/images/Egyptian_Mau_73.jpg,Egyptian_Mau,cat,5
/kaggle/input/datasets/tanlikesmath/the-oxfordiiit-pet-dataset/images/staffordshire_bull_terrier_170.jpg,staffordshire_bull_terrier,dog,34
/kaggle/input/datasets/tanlikesmath/the-oxfordiiit-pet-dataset/images/Bengal_10.jpg,Bengal,cat,1
/kaggle/input/datasets/tanlikesmath/the-oxfordiiit-pet-dataset/images/beagle_100.jpg,beagle,dog,15
/kaggle/input/datasets/tanlikesmath/the-oxfordiiit-pet-dataset/images/staffordshire_bull_terrier_122.jpg,staffordshire_bull_terrier,dog,34
/kaggle/input/datasets/tanlikesmath/the-oxfordiiit-pet-dataset/images/havanese_46.jpg,havanese,dog,22
/kaggle/input/datasets/tanlikesmath/the-oxfordiiit-pet-dataset/images/Ragdoll_210.jpg,Ragdoll,cat,8
/kaggle/input/datasets/tanlikesmath/the-oxfordiiit-pet-dataset/images/Abyssinian_95.jpg,Abyssinian,cat,0
/kaggle/input/datasets/tanlikesmath/the-oxfordiiit-pet-dataset/images/Maine_Coon_57.jpg,Maine_Coon,cat,6
/kaggle/input/datasets/tanlikesmath/the-oxfordiiit-pet-dataset/images/Maine_Coon_134.jpg,Maine_Coon,cat,6
/kaggle/input/datasets/tanlikesmath/the-oxfordiiit-pet-dataset/images/newfoundland_75.jpg,newfoundland,dog,27
/kaggle/input/datasets/tanlikesmath/the-oxfordiiit-pet-dataset/images/Sphynx_53.jpg,Sphynx,cat,11
/kaggle/input/datasets/tanlikesmath/the-oxfordiiit-pet-dataset/images/chihuahua_153.jpg,chihuahua,dog,17
/kaggle/input/datasets/tanlikesmath/the-oxfordiiit-pet-dataset/images/Siamese_44.jpg,Siamese,cat,10
/kaggle/input/datasets/tanlikesmath/the-oxfordiiit-pet-dataset/images/miniature_pinscher_183.jpg,miniature_pinscher,dog,26
/kaggle/input/datasets/tanlikesmath/the-oxfordiiit-pet-dataset/images/Sphynx_188.jpg,Sphynx,cat,11
/kaggle/input/datasets/tanlikesmath/the-oxfordiiit-pet-dataset/images/english_cocker_spaniel_55.jpg,english_cocker_spaniel,dog,18
/kaggle/input/datasets/tanlikesmath/the-oxfordiiit-pet-dataset/images/Birman_154.jpg,Birman,cat,2
/kaggle/input/datasets/tanlikesmath/the-oxfordiiit-pet-dataset/images/Russian_Blue_184.jpg,Russian_Blue,cat,9
/kaggle/input/datasets/tanlikesmath/the-oxfordiiit-pet-dataset/images/newfoundland_92.jpg,newfoundland,dog,27
/kaggle/input/datasets/tanlikesmath/the-oxfordiiit-pet-dataset/images/basset_hound_144.jpg,basset_hound,dog,14
/kaggle/input/datasets/tanlikesmath/the-oxfordiiit-pet-dataset/images/english_cocker_spaniel_18.jpg,english_cocker_spaniel,dog,18
/kaggle/input/datasets/tanlikesmath/the-oxfordiiit-pet-dataset/images/keeshond_184.jpg,keeshond,dog,24
/kaggle/input/datasets/tanlikesmath/the-oxfordiiit-pet-dataset/images/Birman_140.jpg,Birman,cat,2
/kaggle/input/datasets/tanlikesmath/the-oxfordiiit-pet-dataset/images/american_bulldog_30.jpg,american_bulldog,dog,12
/kaggle/input/datasets/tanlikesmath/the-oxfordiiit-pet-dataset/images/shiba_inu_201.jpg,shiba_inu,dog,33
/kaggle/input/datasets/tanlikesmath/the-oxfordiiit-pet-dataset/images/Bombay_198.jpg,Bombay,cat,3
/kaggle/input/datasets/tanlikesmath/the-oxfordiiit-pet-dataset/images/British_Shorthair_161.jpg,British_Shorthair,cat,4
/kaggle/input/datasets/tanlikesmath/the-oxfordiiit-pet-dataset/images/english_setter_137.jpg,english_setter,dog,19
/kaggle/input/datasets/tanlikesmath/the-oxfordiiit-pet-dataset/images/Sphynx_130.jpg,Sphynx,cat,11
/kaggle/input/datasets/tanlikesmath/the-oxfordiiit-pet-dataset/images/Maine_Coon_1.jpg,Maine_Coon,cat,6
/kaggle/input/datasets/tanlikesmath/the-oxfordiiit-pet-dataset/images/japanese_chin_58.jpg,japanese_chin,dog,23
/kaggle/input/datasets/tanlikesmath/the-oxfordiiit-pet-dataset/images/american_bulldog_16.jpg,american_bulldog,dog,12
/kaggle/input/datasets/tanlikesmath/the-oxfordiiit-pet-dataset/images/samoyed_139.jpg,samoyed,dog,31
/kaggle/input/datasets/tanlikesmath/the-oxfordiiit-pet-dataset/images/keeshond_1.jpg,keeshond,dog,24
/kaggle/input/datasets/tanlikesmath/the-oxfordiiit-pet-dataset/images/japanese_chin_85.jpg,japanese_chin,dog,23
/kaggle/input/datasets/tanlikesmath/the-oxfordiiit-pet-dataset/images/saint_bernard_20.jpg,saint_bernard,dog,30
/kaggle/input/datasets/tanlikesmath/the-oxfordiiit-pet-dataset/images/Persian_25.jpg,Persian,cat,7
/kaggle/input/datasets/tanlikesmath/the-oxfordiiit-pet-dataset/images/english_setter_80.jpg,english_setter,dog,19
/kaggle/input/datasets/tanlikesmath/the-oxfordiiit-pet-dataset/images/wheaten_terrier_117.jpg,wheaten_terrier,dog,35
/kaggle/input/datasets/tanlikesmath/the-oxfordiiit-pet-dataset/images/Birman_150.jpg,Birman,cat,2
/kaggle/input/datasets/tanlikesmath/the-oxfordiiit-pet-dataset/images/newfoundland_145.jpg,newfoundland,dog,27
/kaggle/input/datasets/tanlikesmath/the-oxfordiiit-pet-dataset/images/Siamese_238.jpg,Siamese,cat,10
/kaggle/input/datasets/tanlikesmath/the-oxfordiiit-pet-dataset/images/scottish_terrier_183.jpg,scottish_terrier,dog,32
/kaggle/input/datasets/tanlikesmath/the-oxfordiiit-pet-dataset/images/Birman_45.jpg,Birman,cat,2
/kaggle/input/datasets/tanlikesmath/the-oxfordiiit-pet-dataset/images/saint_bernard_105.jpg,saint_bernard,dog,30
/kaggle/input/datasets/tanlikesmath/the-oxfordiiit-pet-dataset/images/pomeranian_40.jpg,pomeranian,dog,28
/kaggle/input/datasets/tanlikesmath/the-oxfordiiit-pet-dataset/images/great_pyrenees_109.jpg,great_pyrenees,dog,21
/kaggle/input/datasets/tanlikesmath/the-oxfordiiit-pet-dataset/images/British_Shorthair_274.jpg,British_Shorthair,cat,4
/kaggle/input/datasets/tanlikesmath/the-oxfordiiit-pet-dataset/images/yorkshire_terrier_125.jpg,yorkshire_terrier,dog,36
/kaggle/input/datasets/tanlikesmath/the-oxfordiiit-pet-dataset/images/english_cocker_spaniel_199.jpg,english_cocker_spaniel,dog,18
/kaggle/input/datasets/tanlikesmath/the-oxfordiiit-pet-dataset/images/Bombay_143.jpg,Bombay,cat,3
/kaggle/input/datasets/tanlikesmath/the-oxfordiiit-pet-dataset/images/Egyptian_Mau_2.jpg,Egyptian_Mau,cat,5
/kaggle/input/datasets/tanlikesmath/the-oxfordiiit-pet-dataset/images/great_pyrenees_27.jpg,great_pyrenees,dog,21
/kaggle/input/datasets/tanlikesmath/the-oxfordiiit-pet-dataset/images/japanese_chin_136.jpg,japanese_chin,dog,23
/kaggle/input/datasets/tanlikesmath/the-oxfordiiit-pet-dataset/images/Persian_228.jpg,Persian,cat,7
/kaggle/input/datasets/tanlikesmath/the-oxfordiiit-pet-dataset/images/miniature_pinscher_6.jpg,miniature_pinscher,dog,26
/kaggle/input/datasets/tanlikesmath/the-oxfordiiit-pet-dataset/images/boxer_173.jpg,boxer,dog,16
/kaggle/input/datasets/tanlikesmath/the-oxfordiiit-pet-dataset/images/scottish_terrier_189.jpg,scottish_terrier,dog,32
/kaggle/input/datasets/tanlikesmath/the-oxfordiiit-pet-dataset/images/english_cocker_spaniel_23.jpg,english_cocker_spaniel,dog,18
/kaggle/input/datasets/tanlikesmath/the-oxfordiiit-pet-dataset/images/english_cocker_spaniel_58.jpg,english_cocker_spaniel,dog,18
/kaggle/input/datasets/tanlikesmath/the-oxfordiiit-pet-dataset/images/Siamese_114.jpg,Siamese,cat,10
/kaggle/input/datasets/tanlikesmath/the-oxfordiiit-pet-dataset/images/wheaten_terrier_137.jpg,wheaten_terrier,dog,35
/kaggle/input/datasets/tanlikesmath/the-oxfordiiit-pet-dataset/images/english_setter_2.jpg,english_setter,dog,19
/kaggle/input/datasets/tanlikesmath/the-oxfordiiit-pet-dataset/images/newfoundland_125.jpg,newfoundland,dog,27
/kaggle/input/datasets/tanlikesmath/the-oxfordiiit-pet-dataset/images/Maine_Coon_191.jpg,Maine_Coon,cat,6
/kaggle/input/datasets/tanlikesmath/the-oxfordiiit-pet-dataset/images/american_bulldog_132.jpg,american_bulldog,dog,12
/kaggle/input/datasets/tanlikesmath/the-oxfordiiit-pet-dataset/images/keeshond_177.jpg,keeshond,dog,24
/kaggle/input/datasets/tanlikesmath/the-oxfordiiit-pet-dataset/images/german_shorthaired_48.jpg,german_shorthaired,dog,20
/kaggle/input/datasets/tanlikesmath/the-oxfordiiit-pet-dataset/images/english_cocker_spaniel_99.jpg,english_cocker_spaniel,dog,18
/kaggle/input/datasets/tanlikesmath/the-oxfordiiit-pet-dataset/images/yorkshire_terrier_200.jpg,yorkshire_terrier,dog,36
/kaggle/input/datasets/tanlikesmath/the-oxfordiiit-pet-dataset/images/great_pyrenees_181.jpg,great_pyrenees,dog,21
/kaggle/input/datasets/tanlikesmath/the-oxfordiiit-pet-dataset/images/boxer_185.jpg,boxer,dog,16
/kaggle/input/datasets/tanlikesmath/the-oxfordiiit-pet-dataset/images/saint_bernard_82.jpg,saint_bernard,dog,30
/kaggle/input/datasets/tanlikesmath/the-oxfordiiit-pet-dataset/images/japanese_chin_167.jpg,japanese_chin,dog,23
/kaggle/input/datasets/tanlikesmath/the-oxfordiiit-pet-dataset/images/Abyssinian_90.jpg,Abyssinian,cat,0
/kaggle/input/datasets/tanlikesmath/the-oxfordiiit-pet-dataset/images/chihuahua_156.jpg,chihuahua,dog,17
/kaggle/input/datasets/tanlikesmath/the-oxfordiiit-pet-dataset/images/yorkshire_terrier_167.jpg,yorkshire_terrier,dog,36
/kaggle/input/datasets/tanlikesmath/the-oxfordiiit-pet-dataset/images/Bengal_27.jpg,Bengal,cat,1
/kaggle/input/datasets/tanlikesmath/the-oxfordiiit-pet-dataset/images/wheaten_terrier_53.jpg,wheaten_terrier,dog,35
/kaggle/input/datasets/tanlikesmath/the-oxfordiiit-pet-dataset/images/japanese_chin_161.jpg,japanese_chin,dog,23
/kaggle/input/datasets/tanlikesmath/the-oxfordiiit-pet-dataset/images/Sphynx_148.jpg,Sphynx,cat,11
/kaggle/input/datasets/tanlikesmath/the-oxfordiiit-pet-dataset/images/Sphynx_203.jpg,Sphynx,cat,11
/kaggle/input/datasets/tanlikesmath/the-oxfordiiit-pet-dataset/images/Bengal_42.jpg,Bengal,cat,1
/kaggle/input/datasets/tanlikesmath/the-oxfordiiit-pet-dataset/images/pug_203.jpg,pug,dog,29
/kaggle/input/datasets/tanlikesmath/the-oxfordiiit-pet-dataset/images/Birman_35.jpg,Birman,cat,2
/kaggle/input/datasets/tanlikesmath/the-oxfordiiit-pet-dataset/images/basset_hound_146.jpg,basset_hound,dog,14
/kaggle/input/datasets/tanlikesmath/the-oxfordiiit-pet-dataset/images/pomeranian_152.jpg,pomeranian,dog,28
/kaggle/input/datasets/tanlikesmath/the-oxfordiiit-pet-dataset/images/staffordshire_bull_terrier_107.jpg,staffordshire_bull_terrier,dog,34
/kaggle/input/datasets/tanlikesmath/the-oxfordiiit-pet-dataset/images/american_bulldog_192.jpg,american_bulldog,dog,12
/kaggle/input/datasets/tanlikesmath/the-oxfordiiit-pet-dataset/images/Ragdoll_93.jpg,Ragdoll,cat,8
/kaggle/input/datasets/tanlikesmath/the-oxfordiiit-pet-dataset/images/Bombay_69.jpg,Bombay,cat,3
/kaggle/input/datasets/tanlikesmath/the-oxfordiiit-pet-dataset/images/american_pit_bull_terrier_135.jpg,american_pit_bull_terrier,dog,13
/kaggle/input/datasets/tanlikesmath/the-oxfordiiit-pet-dataset/images/havanese_18.jpg,havanese,dog,22
/kaggle/input/datasets/tanlikesmath/the-oxfordiiit-pet-dataset/images/Bengal_12.jpg,Bengal,cat,1
/kaggle/input/datasets/tanlikesmath/the-oxfordiiit-pet-dataset/images/beagle_60.jpg,beagle,dog,15
/kaggle/input/datasets/tanlikesmath/the-oxfordiiit-pet-dataset/images/Abyssinian_16.jpg,Abyssinian,cat,0
/kaggle/input/datasets/tanlikesmath/the-oxfordiiit-pet-dataset/images/yorkshire_terrier_194.jpg,yorkshire_terrier,dog,36
/kaggle/input/datasets/tanlikesmath/the-oxfordiiit-pet-dataset/images/american_bulldog_136.jpg,american_bulldog,dog,12
/kaggle/input/datasets/tanlikesmath/the-oxfordiiit-pet-dataset/images/wheaten_terrier_112.jpg,wheaten_terrier,dog,35
/kaggle/input/datasets/tanlikesmath/the-oxfordiiit-pet-dataset/images/great_pyrenees_113.jpg,great_pyrenees,dog,21
/kaggle/input/datasets/tanlikesmath/the-oxfordiiit-pet-dataset/images/pomeranian_28.jpg,pomeranian,dog,28
/kaggle/input/datasets/tanlikesmath/the-oxfordiiit-pet-dataset/images/shiba_inu_77.jpg,shiba_inu,dog,33
/kaggle/input/datasets/tanlikesmath/the-oxfordiiit-pet-dataset/images/staffordshire_bull_terrier_123.jpg,staffordshire_bull_terrier,dog,34
/kaggle/input/datasets/tanlikesmath/the-oxfordiiit-pet-dataset/images/wheaten_terrier_2.jpg,wheaten_terrier,dog,35
/kaggle/input/datasets/tanlikesmath/the-oxfordiiit-pet-dataset/images/Ragdoll_48.jpg,Ragdoll,cat,8
/kaggle/input/datasets/tanlikesmath/the-oxfordiiit-pet-dataset/images/english_setter_183.jpg,english_setter,dog,19
/kaggle/input/datasets/tanlikesmath/the-oxfordiiit-pet-dataset/images/wheaten_terrier_180.jpg,wheaten_terrier,dog,35
/kaggle/input/datasets/tanlikesmath/the-oxfordiiit-pet-dataset/images/american_bulldog_6.jpg,american_bulldog,dog,12
/kaggle/input/datasets/tanlikesmath/the-oxfordiiit-pet-dataset/images/scottish_terrier_142.jpg,scottish_terrier,dog,32
/kaggle/input/datasets/tanlikesmath/the-oxfordiiit-pet-dataset/images/Abyssinian_27.jpg,Abyssinian,cat,0
/kaggle/input/datasets/tanlikesmath/the-oxfordiiit-pet-dataset/images/american_pit_bull_terrier_37.jpg,american_pit_bull_terrier,dog,13
/kaggle/input/datasets/tanlikesmath/the-oxfordiiit-pet-dataset/images/american_pit_bull_terrier_1.jpg,american_pit_bull_terrier,dog,13
/kaggle/input/datasets/tanlikesmath/the-oxfordiiit-pet-dataset/images/boxer_97.jpg,boxer,dog,16
/kaggle/input/datasets/tanlikesmath/the-oxfordiiit-pet-dataset/images/Bengal_118.jpg,Bengal,cat,1
/kaggle/input/datasets/tanlikesmath/the-oxfordiiit-pet-dataset/images/miniature_pinscher_112.jpg,miniature_pinscher,dog,26
/kaggle/input/datasets/tanlikesmath/the-oxfordiiit-pet-dataset/images/german_shorthaired_197.jpg,german_shorthaired,dog,20
/kaggle/input/datasets/tanlikesmath/the-oxfordiiit-pet-dataset/images/german_shorthaired_194.jpg,german_shorthaired,dog,20
/kaggle/input/datasets/tanlikesmath/the-oxfordiiit-pet-dataset/images/german_shorthaired_57.jpg,german_shorthaired,dog,20
/kaggle/input/datasets/tanlikesmath/the-oxfordiiit-pet-dataset/images/english_cocker_spaniel_108.jpg,english_cocker_spaniel,dog,18
/kaggle/input/datasets/tanlikesmath/the-oxfordiiit-pet-dataset/images/miniature_pinscher_25.jpg,miniature_pinscher,dog,26
/kaggle/input/datasets/tanlikesmath/the-oxfordiiit-pet-dataset/images/pomeranian_118.jpg,pomeranian,dog,28
/kaggle/input/datasets/tanlikesmath/the-oxfordiiit-pet-dataset/images/wheaten_terrier_124.jpg,wheaten_terrier,dog,35
/kaggle/input/datasets/tanlikesmath/the-oxfordiiit-pet-dataset/images/Egyptian_Mau_130.jpg,Egyptian_Mau,cat,5
/kaggle/input/datasets/tanlikesmath/the-oxfordiiit-pet-dataset/images/Persian_135.jpg,Persian,cat,7
/kaggle/input/datasets/tanlikesmath/the-oxfordiiit-pet-dataset/images/Birman_172.jpg,Birman,cat,2
/kaggle/input/datasets/tanlikesmath/the-oxfordiiit-pet-dataset/images/saint_bernard_51.jpg,saint_bernard,dog,30
/kaggle/input/datasets/tanlikesmath/the-oxfordiiit-pet-dataset/images/wheaten_terrier_135.jpg,wheaten_terrier,dog,35
/kaggle/input/datasets/tanlikesmath/the-oxfordiiit-pet-dataset/images/keeshond_68.jpg,keeshond,dog,24
/kaggle/input/datasets/tanlikesmath/the-oxfordiiit-pet-dataset/images/german_shorthaired_159.jpg,german_shorthaired,dog,20
/kaggle/input/datasets/tanlikesmath/the-oxfordiiit-pet-dataset/images/american_pit_bull_terrier_80.jpg,american_pit_bull_terrier,dog,13
/kaggle/input/datasets/tanlikesmath/the-oxfordiiit-pet-dataset/images/great_pyrenees_50.jpg,great_pyrenees,dog,21
/kaggle/input/datasets/tanlikesmath/the-oxfordiiit-pet-dataset/images/basset_hound_24.jpg,basset_hound,dog,14
/kaggle/input/datasets/tanlikesmath/the-oxfordiiit-pet-dataset/images/Birman_145.jpg,Birman,cat,2
/kaggle/input/datasets/tanlikesmath/the-oxfordiiit-pet-dataset/images/staffordshire_bull_terrier_90.jpg,staffordshire_bull_terrier,dog,34
/kaggle/input/datasets/tanlikesmath/the-oxfordiiit-pet-dataset/images/scottish_terrier_83.jpg,scottish_terrier,dog,32
/kaggle/input/datasets/tanlikesmath/the-oxfordiiit-pet-dataset/images/shiba_inu_205.jpg,shiba_inu,dog,33
/kaggle/input/datasets/tanlikesmath/the-oxfordiiit-pet-dataset/images/english_setter_97.jpg,english_setter,dog,19
/kaggle/input/datasets/tanlikesmath/the-oxfordiiit-pet-dataset/images/american_bulldog_130.jpg,american_bulldog,dog,12
/kaggle/input/datasets/tanlikesmath/the-oxfordiiit-pet-dataset/images/american_bulldog_151.jpg,american_bulldog,dog,12
/kaggle/input/datasets/tanlikesmath/the-oxfordiiit-pet-dataset/images/Birman_133.jpg,Birman,cat,2
/kaggle/input/datasets/tanlikesmath/the-oxfordiiit-pet-dataset/images/scottish_terrier_105.jpg,scottish_terrier,dog,32
/kaggle/input/datasets/tanlikesmath/the-oxfordiiit-pet-dataset/images/pomeranian_186.jpg,pomeranian,dog,28
/kaggle/input/datasets/tanlikesmath/the-oxfordiiit-pet-dataset/images/american_bulldog_58.jpg,american_bulldog,dog,12
/kaggle/input/datasets/tanlikesmath/the-oxfordiiit-pet-dataset/images/scottish_terrier_193.jpg,scottish_terrier,dog,32
/kaggle/input/datasets/tanlikesmath/the-oxfordiiit-pet-dataset/images/Russian_Blue_103.jpg,Russian_Blue,cat,9
/kaggle/input/datasets/tanlikesmath/the-oxfordiiit-pet-dataset/images/keeshond_62.jpg,keeshond,dog,24
/kaggle/input/datasets/tanlikesmath/the-oxfordiiit-pet-dataset/images/Russian_Blue_201.jpg,Russian_Blue,cat,9
/kaggle/input/datasets/tanlikesmath/the-oxfordiiit-pet-dataset/images/american_bulldog_5.jpg,american_bulldog,dog,12
/kaggle/input/datasets/tanlikesmath/the-oxfordiiit-pet-dataset/images/miniature_pinscher_23.jpg,miniature_pinscher,dog,26
/kaggle/input/datasets/tanlikesmath/the-oxfordiiit-pet-dataset/images/Sphynx_229.jpg,Sphynx,cat,11
/kaggle/input/datasets/tanlikesmath/the-oxfordiiit-pet-dataset/images/Sphynx_66.jpg,Sphynx,cat,11
/kaggle/input/datasets/tanlikesmath/the-oxfordiiit-pet-dataset/images/leonberger_73.jpg,leonberger,dog,25
/kaggle/input/datasets/tanlikesmath/the-oxfordiiit-pet-dataset/images/shiba_inu_157.jpg,shiba_inu,dog,33
/kaggle/input/datasets/tanlikesmath/the-oxfordiiit-pet-dataset/images/Ragdoll_185.jpg,Ragdoll,cat,8
/kaggle/input/datasets/tanlikesmath/the-oxfordiiit-pet-dataset/images/Bombay_169.jpg,Bombay,cat,3
/kaggle/input/datasets/tanlikesmath/the-oxfordiiit-pet-dataset/images/miniature_pinscher_39.jpg,miniature_pinscher,dog,26
/kaggle/input/datasets/tanlikesmath/the-oxfordiiit-pet-dataset/images/yorkshire_terrier_100.jpg,yorkshire_terrier,dog,36
/kaggle/input/datasets/tanlikesmath/the-oxfordiiit-pet-dataset/images/scottish_terrier_66.jpg,scottish_terrier,dog,32
/kaggle/input/datasets/tanlikesmath/the-oxfordiiit-pet-dataset/images/havanese_56.jpg,havanese,dog,22
/kaggle/input/datasets/tanlikesmath/the-oxfordiiit-pet-dataset/images/samoyed_36.jpg,samoyed,dog,31
/kaggle/input/datasets/tanlikesmath/the-oxfordiiit-pet-dataset/images/Ragdoll_31.jpg,Ragdoll,cat,8
/kaggle/input/datasets/tanlikesmath/the-oxfordiiit-pet-dataset/images/yorkshire_terrier_168.jpg,yorkshire_terrier,dog,36
/kaggle/input/datasets/tanlikesmath/the-oxfordiiit-pet-dataset/images/shiba_inu_18.jpg,shiba_inu,dog,33
/kaggle/input/datasets/tanlikesmath/the-oxfordiiit-pet-dataset/images/english_cocker_spaniel_200.jpg,english_cocker_spaniel,dog,18
/kaggle/input/datasets/tanlikesmath/the-oxfordiiit-pet-dataset/images/pomeranian_164.jpg,pomeranian,dog,28
/kaggle/input/datasets/tanlikesmath/the-oxfordiiit-pet-dataset/images/Egyptian_Mau_146.jpg,Egyptian_Mau,cat,5
/kaggle/input/datasets/tanlikesmath/the-oxfordiiit-pet-dataset/images/wheaten_terrier_65.jpg,wheaten_terrier,dog,35
/kaggle/input/datasets/tanlikesmath/the-oxfordiiit-pet-dataset/images/yorkshire_terrier_136.jpg,yorkshire_terrier,dog,36
/kaggle/input/datasets/tanlikesmath/the-oxfordiiit-pet-dataset/images/shiba_inu_5.jpg,shiba_inu,dog,33
/kaggle/input/datasets/tanlikesmath/the-oxfordiiit-pet-dataset/images/samoyed_84.jpg,samoyed,dog,31
/kaggle/input/datasets/tanlikesmath/the-oxfordiiit-pet-dataset/images/Persian_114.jpg,Persian,cat,7
/kaggle/input/datasets/tanlikesmath/the-oxfordiiit-pet-dataset/images/boxer_124.jpg,boxer,dog,16
/kaggle/input/datasets/tanlikesmath/the-oxfordiiit-pet-dataset/images/newfoundland_2.jpg,newfoundland,dog,27
/kaggle/input/datasets/tanlikesmath/the-oxfordiiit-pet-dataset/images/saint_bernard_75.jpg,saint_bernard,dog,30
/kaggle/input/datasets/tanlikesmath/the-oxfordiiit-pet-dataset/images/leonberger_41.jpg,leonberger,dog,25
/kaggle/input/datasets/tanlikesmath/the-oxfordiiit-pet-dataset/images/shiba_inu_128.jpg,shiba_inu,dog,33
/kaggle/input/datasets/tanlikesmath/the-oxfordiiit-pet-dataset/images/Russian_Blue_164.jpg,Russian_Blue,cat,9
/kaggle/input/datasets/tanlikesmath/the-oxfordiiit-pet-dataset/images/Maine_Coon_18.jpg,Maine_Coon,cat,6
/kaggle/input/datasets/tanlikesmath/the-oxfordiiit-pet-dataset/images/newfoundland_178.jpg,newfoundland,dog,27
/kaggle/input/datasets/tanlikesmath/the-oxfordiiit-pet-dataset/images/pug_49.jpg,pug,dog,29
/kaggle/input/datasets/tanlikesmath/the-oxfordiiit-pet-dataset/images/Bombay_81.jpg,Bombay,cat,3
/kaggle/input/datasets/tanlikesmath/the-oxfordiiit-pet-dataset/images/wheaten_terrier_19.jpg,wheaten_terrier,dog,35
/kaggle/input/datasets/tanlikesmath/the-oxfordiiit-pet-dataset/images/japanese_chin_109.jpg,japanese_chin,dog,23
/kaggle/input/datasets/tanlikesmath/the-oxfordiiit-pet-dataset/images/keeshond_168.jpg,keeshond,dog,24
/kaggle/input/datasets/tanlikesmath/the-oxfordiiit-pet-dataset/images/english_cocker_spaniel_112.jpg,english_cocker_spaniel,dog,18
/kaggle/input/datasets/tanlikesmath/the-oxfordiiit-pet-dataset/images/Russian_Blue_160.jpg,Russian_Blue,cat,9
/kaggle/input/datasets/tanlikesmath/the-oxfordiiit-pet-dataset/images/newfoundland_100.jpg,newfoundland,dog,27
/kaggle/input/datasets/tanlikesmath/the-oxfordiiit-pet-dataset/images/american_bulldog_51.jpg,american_bulldog,dog,12
/kaggle/input/datasets/tanlikesmath/the-oxfordiiit-pet-dataset/images/pug_136.jpg,pug,dog,29
/kaggle/input/datasets/tanlikesmath/the-oxfordiiit-pet-dataset/images/Egyptian_Mau_161.jpg,Egyptian_Mau,cat,5
/kaggle/input/datasets/tanlikesmath/the-oxfordiiit-pet-dataset/images/wheaten_terrier_71.jpg,wheaten_terrier,dog,35
/kaggle/input/datasets/tanlikesmath/the-oxfordiiit-pet-dataset/images/great_pyrenees_102.jpg,great_pyrenees,dog,21
/kaggle/input/datasets/tanlikesmath/the-oxfordiiit-pet-dataset/images/boxer_200.jpg,boxer,dog,16
/kaggle/input/datasets/tanlikesmath/the-oxfordiiit-pet-dataset/images/german_shorthaired_135.jpg,german_shorthaired,dog,20
/kaggle/input/datasets/tanlikesmath/the-oxfordiiit-pet-dataset/images/Russian_Blue_78.jpg,Russian_Blue,cat,9
/kaggle/input/datasets/tanlikesmath/the-oxfordiiit-pet-dataset/images/american_pit_bull_terrier_157.jpg,american_pit_bull_terrier,dog,13
/kaggle/input/datasets/tanlikesmath/the-oxfordiiit-pet-dataset/images/Maine_Coon_246.jpg,Maine_Coon,cat,6
/kaggle/input/datasets/tanlikesmath/the-oxfordiiit-pet-dataset/images/pug_134.jpg,pug,dog,29
/kaggle/input/datasets/tanlikesmath/the-oxfordiiit-pet-dataset/images/american_bulldog_146.jpg,american_bulldog,dog,12
/kaggle/input/datasets/tanlikesmath/the-oxfordiiit-pet-dataset/images/miniature_pinscher_163.jpg,miniature_pinscher,dog,26
/kaggle/input/datasets/tanlikesmath/the-oxfordiiit-pet-dataset/images/samoyed_22.jpg,samoyed,dog,31
/kaggle/input/datasets/tanlikesmath/the-oxfordiiit-pet-dataset/images/saint_bernard_149.jpg,saint_bernard,dog,30
/kaggle/input/datasets/tanlikesmath/the-oxfordiiit-pet-dataset/images/keeshond_106.jpg,keeshond,dog,24
/kaggle/input/datasets/tanlikesmath/the-oxfordiiit-pet-dataset/images/keeshond_83.jpg,keeshond,dog,24
/kaggle/input/datasets/tanlikesmath/the-oxfordiiit-pet-dataset/images/great_pyrenees_132.jpg,great_pyrenees,dog,21
/kaggle/input/datasets/tanlikesmath/the-oxfordiiit-pet-dataset/images/great_pyrenees_57.jpg,great_pyrenees,dog,21
/kaggle/input/datasets/tanlikesmath/the-oxfordiiit-pet-dataset/images/Maine_Coon_247.jpg,Maine_Coon,cat,6
/kaggle/input/datasets/tanlikesmath/the-oxfordiiit-pet-dataset/images/Bombay_21.jpg,Bombay,cat,3
/kaggle/input/datasets/tanlikesmath/the-oxfordiiit-pet-dataset/images/japanese_chin_30.jpg,japanese_chin,dog,23
/kaggle/input/datasets/tanlikesmath/the-oxfordiiit-pet-dataset/images/Bengal_58.jpg,Bengal,cat,1
/kaggle/input/datasets/tanlikesmath/the-oxfordiiit-pet-dataset/images/keeshond_26.jpg,keeshond,dog,24
/kaggle/input/datasets/tanlikesmath/the-oxfordiiit-pet-dataset/images/havanese_87.jpg,havanese,dog,22
/kaggle/input/datasets/tanlikesmath/the-oxfordiiit-pet-dataset/images/great_pyrenees_99.jpg,great_pyrenees,dog,21
/kaggle/input/datasets/tanlikesmath/the-oxfordiiit-pet-dataset/images/Abyssinian_57.jpg,Abyssinian,cat,0
/kaggle/input/datasets/tanlikesmath/the-oxfordiiit-pet-dataset/images/english_cocker_spaniel_1.jpg,english_cocker_spaniel,dog,18
/kaggle/input/datasets/tanlikesmath/the-oxfordiiit-pet-dataset/images/english_cocker_spaniel_183.jpg,english_cocker_spaniel,dog,18
/kaggle/input/datasets/tanlikesmath/the-oxfordiiit-pet-dataset/images/japanese_chin_163.jpg,japanese_chin,dog,23
/kaggle/input/datasets/tanlikesmath/the-oxfordiiit-pet-dataset/images/Bombay_141.jpg,Bombay,cat,3
/kaggle/input/datasets/tanlikesmath/the-oxfordiiit-pet-dataset/images/newfoundland_73.jpg,newfoundland,dog,27
/kaggle/input/datasets/tanlikesmath/the-oxfordiiit-pet-dataset/images/Egyptian_Mau_39.jpg,Egyptian_Mau,cat,5
/kaggle/input/datasets/tanlikesmath/the-oxfordiiit-pet-dataset/images/Birman_142.jpg,Birman,cat,2
/kaggle/input/datasets/tanlikesmath/the-oxfordiiit-pet-dataset/images/Ragdoll_205.jpg,Ragdoll,cat,8
/kaggle/input/datasets/tanlikesmath/the-oxfordiiit-pet-dataset/images/Persian_13.jpg,Persian,cat,7
/kaggle/input/datasets/tanlikesmath/the-oxfordiiit-pet-dataset/images/Birman_46.jpg,Birman,cat,2
/kaggle/input/datasets/tanlikesmath/the-oxfordiiit-pet-dataset/images/english_setter_7.jpg,english_setter,dog,19
/kaggle/input/datasets/tanlikesmath/the-oxfordiiit-pet-dataset/images/pomeranian_181.jpg,pomeranian,dog,28
/kaggle/input/datasets/tanlikesmath/the-oxfordiiit-pet-dataset/images/Egyptian_Mau_46.jpg,Egyptian_Mau,cat,5
/kaggle/input/datasets/tanlikesmath/the-oxfordiiit-pet-dataset/images/german_shorthaired_4.jpg,german_shorthaired,dog,20
/kaggle/input/datasets/tanlikesmath/the-oxfordiiit-pet-dataset/images/japanese_chin_11.jpg,japanese_chin,dog,23
/kaggle/input/datasets/tanlikesmath/the-oxfordiiit-pet-dataset/images/newfoundland_181.jpg,newfoundland,dog,27
/kaggle/input/datasets/tanlikesmath/the-oxfordiiit-pet-dataset/images/Bengal_194.jpg,Bengal,cat,1
/kaggle/input/datasets/tanlikesmath/the-oxfordiiit-pet-dataset/images/staffordshire_bull_terrier_25.jpg,staffordshire_bull_terrier,dog,34
/kaggle/input/datasets/tanlikesmath/the-oxfordiiit-pet-dataset/images/american_pit_bull_terrier_128.jpg,american_pit_bull_terrier,dog,13
/kaggle/input/datasets/tanlikesmath/the-oxfordiiit-pet-dataset/images/samoyed_192.jpg,samoyed,dog,31
/kaggle/input/datasets/tanlikesmath/the-oxfordiiit-pet-dataset/images/British_Shorthair_200.jpg,British_Shorthair,cat,4
/kaggle/input/datasets/tanlikesmath/the-oxfordiiit-pet-dataset/images/japanese_chin_162.jpg,japanese_chin,dog,23
/kaggle/input/datasets/tanlikesmath/the-oxfordiiit-pet-dataset/images/american_pit_bull_terrier_42.jpg,american_pit_bull_terrier,dog,13
/kaggle/input/datasets/tanlikesmath/the-oxfordiiit-pet-dataset/images/keeshond_182.jpg,keeshond,dog,24
/kaggle/input/datasets/tanlikesmath/the-oxfordiiit-pet-dataset/images/american_bulldog_78.jpg,american_bulldog,dog,12
/kaggle/input/datasets/tanlikesmath/the-oxfordiiit-pet-dataset/images/Birman_100.jpg,Birman,cat,2
/kaggle/input/datasets/tanlikesmath/the-oxfordiiit-pet-dataset/images/boxer_12.jpg,boxer,dog,16
/kaggle/input/datasets/tanlikesmath/the-oxfordiiit-pet-dataset/images/Ragdoll_121.jpg,Ragdoll,cat,8
/kaggle/input/datasets/tanlikesmath/the-oxfordiiit-pet-dataset/images/beagle_158.jpg,beagle,dog,15
/kaggle/input/datasets/tanlikesmath/the-oxfordiiit-pet-dataset/images/american_pit_bull_terrier_139.jpg,american_pit_bull_terrier,dog,13
/kaggle/input/datasets/tanlikesmath/the-oxfordiiit-pet-dataset/images/chihuahua_139.jpg,chihuahua,dog,17
/kaggle/input/datasets/tanlikesmath/the-oxfordiiit-pet-dataset/images/Abyssinian_44.jpg,Abyssinian,cat,0
/kaggle/input/datasets/tanlikesmath/the-oxfordiiit-pet-dataset/images/staffordshire_bull_terrier_6.jpg,staffordshire_bull_terrier,dog,34
/kaggle/input/datasets/tanlikesmath/the-oxfordiiit-pet-dataset/images/leonberger_47.jpg,leonberger,dog,25
/kaggle/input/datasets/tanlikesmath/the-oxfordiiit-pet-dataset/images/leonberger_75.jpg,leonberger,dog,25
/kaggle/input/datasets/tanlikesmath/the-oxfordiiit-pet-dataset/images/samoyed_185.jpg,samoyed,dog,31
/kaggle/input/datasets/tanlikesmath/the-oxfordiiit-pet-dataset/images/British_Shorthair_137.jpg,British_Shorthair,cat,4
/kaggle/input/datasets/tanlikesmath/the-oxfordiiit-pet-dataset/images/Bengal_193.jpg,Bengal,cat,1
/kaggle/input/datasets/tanlikesmath/the-oxfordiiit-pet-dataset/images/Sphynx_11.jpg,Sphynx,cat,11
/kaggle/input/datasets/tanlikesmath/the-oxfordiiit-pet-dataset/images/Ragdoll_125.jpg,Ragdoll,cat,8
/kaggle/input/datasets/tanlikesmath/the-oxfordiiit-pet-dataset/images/pomeranian_192.jpg,pomeranian,dog,28
/kaggle/input/datasets/tanlikesmath/the-oxfordiiit-pet-dataset/images/Bombay_157.jpg,Bombay,cat,3
/kaggle/input/datasets/tanlikesmath/the-oxfordiiit-pet-dataset/images/Siamese_170.jpg,Siamese,cat,10
/kaggle/input/datasets/tanlikesmath/the-oxfordiiit-pet-dataset/images/american_pit_bull_terrier_20.jpg,american_pit_bull_terrier,dog,13
/kaggle/input/datasets/tanlikesmath/the-oxfordiiit-pet-dataset/images/american_pit_bull_terrier_202.jpg,american_pit_bull_terrier,dog,13
/kaggle/input/datasets/tanlikesmath/the-oxfordiiit-pet-dataset/images/Birman_2.jpg,Birman,cat,2
/kaggle/input/datasets/tanlikesmath/the-oxfordiiit-pet-dataset/images/Abyssinian_137.jpg,Abyssinian,cat,0
/kaggle/input/datasets/tanlikesmath/the-oxfordiiit-pet-dataset/images/leonberger_20.jpg,leonberger,dog,25
/kaggle/input/datasets/tanlikesmath/the-oxfordiiit-pet-dataset/images/leonberger_135.jpg,leonberger,dog,25
/kaggle/input/datasets/tanlikesmath/the-oxfordiiit-pet-dataset/images/great_pyrenees_49.jpg,great_pyrenees,dog,21
/kaggle/input/datasets/tanlikesmath/the-oxfordiiit-pet-dataset/images/japanese_chin_198.jpg,japanese_chin,dog,23
/kaggle/input/datasets/tanlikesmath/the-oxfordiiit-pet-dataset/images/scottish_terrier_93.jpg,scottish_terrier,dog,32
/kaggle/input/datasets/tanlikesmath/the-oxfordiiit-pet-dataset/images/american_bulldog_81.jpg,american_bulldog,dog,12
/kaggle/input/datasets/tanlikesmath/the-oxfordiiit-pet-dataset/images/wheaten_terrier_98.jpg,wheaten_terrier,dog,35
/kaggle/input/datasets/tanlikesmath/the-oxfordiiit-pet-dataset/images/shiba_inu_36.jpg,shiba_inu,dog,33
/kaggle/input/datasets/tanlikesmath/the-oxfordiiit-pet-dataset/images/american_pit_bull_terrier_181.jpg,american_pit_bull_terrier,dog,13
/kaggle/input/datasets/tanlikesmath/the-oxfordiiit-pet-dataset/images/american_bulldog_121.jpg,american_bulldog,dog,12
/kaggle/input/datasets/tanlikesmath/the-oxfordiiit-pet-dataset/images/leonberger_92.jpg,leonberger,dog,25
/kaggle/input/datasets/tanlikesmath/the-oxfordiiit-pet-dataset/images/havanese_125.jpg,havanese,dog,22
/kaggle/input/datasets/tanlikesmath/the-oxfordiiit-pet-dataset/images/english_setter_17.jpg,english_setter,dog,19
/kaggle/input/datasets/tanlikesmath/the-oxfordiiit-pet-dataset/images/staffordshire_bull_terrier_150.jpg,staffordshire_bull_terrier,dog,34
/kaggle/input/datasets/tanlikesmath/the-oxfordiiit-pet-dataset/images/staffordshire_bull_terrier_138.jpg,staffordshire_bull_terrier,dog,34
/kaggle/input/datasets/tanlikesmath/the-oxfordiiit-pet-dataset/images/pug_72.jpg,pug,dog,29
/kaggle/input/datasets/tanlikesmath/the-oxfordiiit-pet-dataset/images/great_pyrenees_107.jpg,great_pyrenees,dog,21
/kaggle/input/datasets/tanlikesmath/the-oxfordiiit-pet-dataset/images/scottish_terrier_30.jpg,scottish_terrier,dog,32
/kaggle/input/datasets/tanlikesmath/the-oxfordiiit-pet-dataset/images/yorkshire_terrier_141.jpg,yorkshire_terrier,dog,36
/kaggle/input/datasets/tanlikesmath/the-oxfordiiit-pet-dataset/images/samoyed_62.jpg,samoyed,dog,31
/kaggle/input/datasets/tanlikesmath/the-oxfordiiit-pet-dataset/images/great_pyrenees_135.jpg,great_pyrenees,dog,21
/kaggle/input/datasets/tanlikesmath/the-oxfordiiit-pet-dataset/images/samoyed_160.jpg,samoyed,dog,31
/kaggle/input/datasets/tanlikesmath/the-oxfordiiit-pet-dataset/images/newfoundland_190.jpg,newfoundland,dog,27
/kaggle/input/datasets/tanlikesmath/the-oxfordiiit-pet-dataset/images/Maine_Coon_25.jpg,Maine_Coon,cat,6
/kaggle/input/datasets/tanlikesmath/the-oxfordiiit-pet-dataset/images/saint_bernard_187.jpg,saint_bernard,dog,30
/kaggle/input/datasets/tanlikesmath/the-oxfordiiit-pet-dataset/images/yorkshire_terrier_161.jpg,yorkshire_terrier,dog,36
/kaggle/input/datasets/tanlikesmath/the-oxfordiiit-pet-dataset/images/american_bulldog_82.jpg,american_bulldog,dog,12
/kaggle/input/datasets/tanlikesmath/the-oxfordiiit-pet-dataset/images/havanese_15.jpg,havanese,dog,22
/kaggle/input/datasets/tanlikesmath/the-oxfordiiit-pet-dataset/images/yorkshire_terrier_5.jpg,yorkshire_terrier,dog,36
/kaggle/input/datasets/tanlikesmath/the-oxfordiiit-pet-dataset/images/great_pyrenees_160.jpg,great_pyrenees,dog,21
/kaggle/input/datasets/tanlikesmath/the-oxfordiiit-pet-dataset/images/Siamese_143.jpg,Siamese,cat,10
/kaggle/input/datasets/tanlikesmath/the-oxfordiiit-pet-dataset/images/Russian_Blue_64.jpg,Russian_Blue,cat,9
/kaggle/input/datasets/tanlikesmath/the-oxfordiiit-pet-dataset/images/english_cocker_spaniel_54.jpg,english_cocker_spaniel,dog,18
/kaggle/input/datasets/tanlikesmath/the-oxfordiiit-pet-dataset/images/scottish_terrier_34.jpg,scottish_terrier,dog,32
/kaggle/input/datasets/tanlikesmath/the-oxfordiiit-pet-dataset/images/miniature_pinscher_26.jpg,miniature_pinscher,dog,26
/kaggle/input/datasets/tanlikesmath/the-oxfordiiit-pet-dataset/images/keeshond_16.jpg,keeshond,dog,24
/kaggle/input/datasets/tanlikesmath/the-oxfordiiit-pet-dataset/images/pug_8.jpg,pug,dog,29
/kaggle/input/datasets/tanlikesmath/the-oxfordiiit-pet-dataset/images/beagle_145.jpg,beagle,dog,15
/kaggle/input/datasets/tanlikesmath/the-oxfordiiit-pet-dataset/images/Abyssinian_8.jpg,Abyssinian,cat,0
/kaggle/input/datasets/tanlikesmath/the-oxfordiiit-pet-dataset/images/english_cocker_spaniel_195.jpg,english_cocker_spaniel,dog,18
/kaggle/input/datasets/tanlikesmath/the-oxfordiiit-pet-dataset/images/leonberger_126.jpg,leonberger,dog,25
/kaggle/input/datasets/tanlikesmath/the-oxfordiiit-pet-dataset/images/saint_bernard_79.jpg,saint_bernard,dog,30
/kaggle/input/datasets/tanlikesmath/the-oxfordiiit-pet-dataset/images/Siamese_65.jpg,Siamese,cat,10
/kaggle/input/datasets/tanlikesmath/the-oxfordiiit-pet-dataset/images/Siamese_200.jpg,Siamese,cat,10
/kaggle/input/datasets/tanlikesmath/the-oxfordiiit-pet-dataset/images/Persian_106.jpg,Persian,cat,7
/kaggle/input/datasets/tanlikesmath/the-oxfordiiit-pet-dataset/images/Egyptian_Mau_93.jpg,Egyptian_Mau,cat,5
/kaggle/input/datasets/tanlikesmath/the-oxfordiiit-pet-dataset/images/Egyptian_Mau_63.jpg,Egyptian_Mau,cat,5
/kaggle/input/datasets/tanlikesmath/the-oxfordiiit-pet-dataset/images/pug_47.jpg,pug,dog,29
/kaggle/input/datasets/tanlikesmath/the-oxfordiiit-pet-dataset/images/miniature_pinscher_37.jpg,miniature_pinscher,dog,26
/kaggle/input/datasets/tanlikesmath/the-oxfordiiit-pet-dataset/images/Ragdoll_203.jpg,Ragdoll,cat,8
/kaggle/input/datasets/tanlikesmath/the-oxfordiiit-pet-dataset/images/chihuahua_169.jpg,chihuahua,dog,17
/kaggle/input/datasets/tanlikesmath/the-oxfordiiit-pet-dataset/images/Egyptian_Mau_196.jpg,Egyptian_Mau,cat,5
/kaggle/input/datasets/tanlikesmath/the-oxfordiiit-pet-dataset/images/yorkshire_terrier_185.jpg,yorkshire_terrier,dog,36
/kaggle/input/datasets/tanlikesmath/the-oxfordiiit-pet-dataset/images/shiba_inu_70.jpg,shiba_inu,dog,33
/kaggle/input/datasets/tanlikesmath/the-oxfordiiit-pet-dataset/images/wheaten_terrier_126.jpg,wheaten_terrier,dog,35
/kaggle/input/datasets/tanlikesmath/the-oxfordiiit-pet-dataset/images/german_shorthaired_70.jpg,german_shorthaired,dog,20
/kaggle/input/datasets/tanlikesmath/the-oxfordiiit-pet-dataset/images/beagle_39.jpg,beagle,dog,15
/kaggle/input/datasets/tanlikesmath/the-oxfordiiit-pet-dataset/images/shiba_inu_104.jpg,shiba_inu,dog,33
/kaggle/input/datasets/tanlikesmath/the-oxfordiiit-pet-dataset/images/yorkshire_terrier_64.jpg,yorkshire_terrier,dog,36
/kaggle/input/datasets/tanlikesmath/the-oxfordiiit-pet-dataset/images/Maine_Coon_35.jpg,Maine_Coon,cat,6
/kaggle/input/datasets/tanlikesmath/the-oxfordiiit-pet-dataset/images/english_cocker_spaniel_32.jpg,english_cocker_spaniel,dog,18
/kaggle/input/datasets/tanlikesmath/the-oxfordiiit-pet-dataset/images/staffordshire_bull_terrier_85.jpg,staffordshire_bull_terrier,dog,34
/kaggle/input/datasets/tanlikesmath/the-oxfordiiit-pet-dataset/images/Bombay_206.jpg,Bombay,cat,3
/kaggle/input/datasets/tanlikesmath/the-oxfordiiit-pet-dataset/images/american_bulldog_24.jpg,american_bulldog,dog,12
/kaggle/input/datasets/tanlikesmath/the-oxfordiiit-pet-dataset/images/chihuahua_70.jpg,chihuahua,dog,17
/kaggle/input/datasets/tanlikesmath/the-oxfordiiit-pet-dataset/images/beagle_94.jpg,beagle,dog,15
/kaggle/input/datasets/tanlikesmath/the-oxfordiiit-pet-dataset/images/Russian_Blue_69.jpg,Russian_Blue,cat,9
/kaggle/input/datasets/tanlikesmath/the-oxfordiiit-pet-dataset/images/Abyssinian_30.jpg,Abyssinian,cat,0
/kaggle/input/datasets/tanlikesmath/the-oxfordiiit-pet-dataset/images/Ragdoll_161.jpg,Ragdoll,cat,8
/kaggle/input/datasets/tanlikesmath/the-oxfordiiit-pet-dataset/images/leonberger_154.jpg,leonberger,dog,25
/kaggle/input/datasets/tanlikesmath/the-oxfordiiit-pet-dataset/images/shiba_inu_101.jpg,shiba_inu,dog,33
/kaggle/input/datasets/tanlikesmath/the-oxfordiiit-pet-dataset/images/shiba_inu_51.jpg,shiba_inu,dog,33
/kaggle/input/datasets/tanlikesmath/the-oxfordiiit-pet-dataset/images/Bombay_125.jpg,Bombay,cat,3
/kaggle/input/datasets/tanlikesmath/the-oxfordiiit-pet-dataset/images/Ragdoll_159.jpg,Ragdoll,cat,8
/kaggle/input/datasets/tanlikesmath/the-oxfordiiit-pet-dataset/images/Maine_Coon_189.jpg,Maine_Coon,cat,6
/kaggle/input/datasets/tanlikesmath/the-oxfordiiit-pet-dataset/images/Ragdoll_36.jpg,Ragdoll,cat,8
/kaggle/input/datasets/tanlikesmath/the-oxfordiiit-pet-dataset/images/Siamese_18.jpg,Siamese,cat,10
/kaggle/input/datasets/tanlikesmath/the-oxfordiiit-pet-dataset/images/leonberger_99.jpg,leonberger,dog,25
/kaggle/input/datasets/tanlikesmath/the-oxfordiiit-pet-dataset/images/Bengal_87.jpg,Bengal,cat,1
/kaggle/input/datasets/tanlikesmath/the-oxfordiiit-pet-dataset/images/newfoundland_59.jpg,newfoundland,dog,27
/kaggle/input/datasets/tanlikesmath/the-oxfordiiit-pet-dataset/images/Siamese_159.jpg,Siamese,cat,10
/kaggle/input/datasets/tanlikesmath/the-oxfordiiit-pet-dataset/images/Birman_62.jpg,Birman,cat,2
/kaggle/input/datasets/tanlikesmath/the-oxfordiiit-pet-dataset/images/great_pyrenees_60.jpg,great_pyrenees,dog,21
/kaggle/input/datasets/tanlikesmath/the-oxfordiiit-pet-dataset/images/chihuahua_3.jpg,chihuahua,dog,17
/kaggle/input/datasets/tanlikesmath/the-oxfordiiit-pet-dataset/images/pomeranian_189.jpg,pomeranian,dog,28
/kaggle/input/datasets/tanlikesmath/the-oxfordiiit-pet-dataset/images/saint_bernard_113.jpg,saint_bernard,dog,30
/kaggle/input/datasets/tanlikesmath/the-oxfordiiit-pet-dataset/images/Bengal_77.jpg,Bengal,cat,1
/kaggle/input/datasets/tanlikesmath/the-oxfordiiit-pet-dataset/images/miniature_pinscher_125.jpg,miniature_pinscher,dog,26
/kaggle/input/datasets/tanlikesmath/the-oxfordiiit-pet-dataset/images/Birman_6.jpg,Birman,cat,2
/kaggle/input/datasets/tanlikesmath/the-oxfordiiit-pet-dataset/images/Egyptian_Mau_60.jpg,Egyptian_Mau,cat,5
/kaggle/input/datasets/tanlikesmath/the-oxfordiiit-pet-dataset/images/american_pit_bull_terrier_192.jpg,american_pit_bull_terrier,dog,13
/kaggle/input/datasets/tanlikesmath/the-oxfordiiit-pet-dataset/images/saint_bernard_38.jpg,saint_bernard,dog,30
/kaggle/input/datasets/tanlikesmath/the-oxfordiiit-pet-dataset/images/Birman_158.jpg,Birman,cat,2
/kaggle/input/datasets/tanlikesmath/the-oxfordiiit-pet-dataset/images/staffordshire_bull_terrier_14.jpg,staffordshire_bull_terrier,dog,34
/kaggle/input/datasets/tanlikesmath/the-oxfordiiit-pet-dataset/images/staffordshire_bull_terrier_55.jpg,staffordshire_bull_terrier,dog,34
/kaggle/input/datasets/tanlikesmath/the-oxfordiiit-pet-dataset/images/leonberger_191.jpg,leonberger,dog,25
/kaggle/input/datasets/tanlikesmath/the-oxfordiiit-pet-dataset/images/Russian_Blue_93.jpg,Russian_Blue,cat,9
/kaggle/input/datasets/tanlikesmath/the-oxfordiiit-pet-dataset/images/german_shorthaired_56.jpg,german_shorthaired,dog,20
/kaggle/input/datasets/tanlikesmath/the-oxfordiiit-pet-dataset/images/Persian_261.jpg,Persian,cat,7
/kaggle/input/datasets/tanlikesmath/the-oxfordiiit-pet-dataset/images/german_shorthaired_163.jpg,german_shorthaired,dog,20
/kaggle/input/datasets/tanlikesmath/the-oxfordiiit-pet-dataset/images/boxer_156.jpg,boxer,dog,16
/kaggle/input/datasets/tanlikesmath/the-oxfordiiit-pet-dataset/images/Abyssinian_173.jpg,Abyssinian,cat,0
/kaggle/input/datasets/tanlikesmath/the-oxfordiiit-pet-dataset/images/Russian_Blue_60.jpg,Russian_Blue,cat,9
/kaggle/input/datasets/tanlikesmath/the-oxfordiiit-pet-dataset/images/pomeranian_157.jpg,pomeranian,dog,28
/kaggle/input/datasets/tanlikesmath/the-oxfordiiit-pet-dataset/images/keeshond_166.jpg,keeshond,dog,24
/kaggle/input/datasets/tanlikesmath/the-oxfordiiit-pet-dataset/images/wheaten_terrier_94.jpg,wheaten_terrier,dog,35
/kaggle/input/datasets/tanlikesmath/the-oxfordiiit-pet-dataset/images/Bengal_55.jpg,Bengal,cat,1
/kaggle/input/datasets/tanlikesmath/the-oxfordiiit-pet-dataset/images/shiba_inu_99.jpg,shiba_inu,dog,33
/kaggle/input/datasets/tanlikesmath/the-oxfordiiit-pet-dataset/images/Sphynx_199.jpg,Sphynx,cat,11
/kaggle/input/datasets/tanlikesmath/the-oxfordiiit-pet-dataset/images/saint_bernard_63.jpg,saint_bernard,dog,30
/kaggle/input/datasets/tanlikesmath/the-oxfordiiit-pet-dataset/images/basset_hound_137.jpg,basset_hound,dog,14
/kaggle/input/datasets/tanlikesmath/the-oxfordiiit-pet-dataset/images/Siamese_209.jpg,Siamese,cat,10
/kaggle/input/datasets/tanlikesmath/the-oxfordiiit-pet-dataset/images/japanese_chin_67.jpg,japanese_chin,dog,23
/kaggle/input/datasets/tanlikesmath/the-oxfordiiit-pet-dataset/images/miniature_pinscher_21.jpg,miniature_pinscher,dog,26
/kaggle/input/datasets/tanlikesmath/the-oxfordiiit-pet-dataset/images/samoyed_105.jpg,samoyed,dog,31
/kaggle/input/datasets/tanlikesmath/the-oxfordiiit-pet-dataset/images/chihuahua_63.jpg,chihuahua,dog,17
/kaggle/input/datasets/tanlikesmath/the-oxfordiiit-pet-dataset/images/Russian_Blue_68.jpg,Russian_Blue,cat,9
/kaggle/input/datasets/tanlikesmath/the-oxfordiiit-pet-dataset/images/saint_bernard_189.jpg,saint_bernard,dog,30
/kaggle/input/datasets/tanlikesmath/the-oxfordiiit-pet-dataset/images/Bengal_174.jpg,Bengal,cat,1
/kaggle/input/datasets/tanlikesmath/the-oxfordiiit-pet-dataset/images/Russian_Blue_72.jpg,Russian_Blue,cat,9
/kaggle/input/datasets/tanlikesmath/the-oxfordiiit-pet-dataset/images/american_bulldog_19.jpg,american_bulldog,dog,12
/kaggle/input/datasets/tanlikesmath/the-oxfordiiit-pet-dataset/images/British_Shorthair_168.jpg,British_Shorthair,cat,4
/kaggle/input/datasets/tanlikesmath/the-oxfordiiit-pet-dataset/images/Birman_177.jpg,Birman,cat,2
/kaggle/input/datasets/tanlikesmath/the-oxfordiiit-pet-dataset/images/yorkshire_terrier_109.jpg,yorkshire_terrier,dog,36
/kaggle/input/datasets/tanlikesmath/the-oxfordiiit-pet-dataset/images/scottish_terrier_40.jpg,scottish_terrier,dog,32
/kaggle/input/datasets/tanlikesmath/the-oxfordiiit-pet-dataset/images/basset_hound_69.jpg,basset_hound,dog,14
/kaggle/input/datasets/tanlikesmath/the-oxfordiiit-pet-dataset/images/British_Shorthair_30.jpg,British_Shorthair,cat,4
/kaggle/input/datasets/tanlikesmath/the-oxfordiiit-pet-dataset/images/american_bulldog_3.jpg,american_bulldog,dog,12
/kaggle/input/datasets/tanlikesmath/the-oxfordiiit-pet-dataset/images/British_Shorthair_27.jpg,British_Shorthair,cat,4
/kaggle/input/datasets/tanlikesmath/the-oxfordiiit-pet-dataset/images/pug_193.jpg,pug,dog,29
/kaggle/input/datasets/tanlikesmath/the-oxfordiiit-pet-dataset/images/leonberger_62.jpg,leonberger,dog,25
/kaggle/input/datasets/tanlikesmath/the-oxfordiiit-pet-dataset/images/pomeranian_21.jpg,pomeranian,dog,28
/kaggle/input/datasets/tanlikesmath/the-oxfordiiit-pet-dataset/images/Maine_Coon_171.jpg,Maine_Coon,cat,6
/kaggle/input/datasets/tanlikesmath/the-oxfordiiit-pet-dataset/images/samoyed_187.jpg,samoyed,dog,31
/kaggle/input/datasets/tanlikesmath/the-oxfordiiit-pet-dataset/images/basset_hound_121.jpg,basset_hound,dog,14
/kaggle/input/datasets/tanlikesmath/the-oxfordiiit-pet-dataset/images/chihuahua_182.jpg,chihuahua,dog,17
/kaggle/input/datasets/tanlikesmath/the-oxfordiiit-pet-dataset/images/pomeranian_132.jpg,pomeranian,dog,28
/kaggle/input/datasets/tanlikesmath/the-oxfordiiit-pet-dataset/images/boxer_146.jpg,boxer,dog,16
/kaggle/input/datasets/tanlikesmath/the-oxfordiiit-pet-dataset/images/wheaten_terrier_192.jpg,wheaten_terrier,dog,35
/kaggle/input/datasets/tanlikesmath/the-oxfordiiit-pet-dataset/images/Ragdoll_134.jpg,Ragdoll,cat,8
/kaggle/input/datasets/tanlikesmath/the-oxfordiiit-pet-dataset/images/Abyssinian_223.jpg,Abyssinian,cat,0
/kaggle/input/datasets/tanlikesmath/the-oxfordiiit-pet-dataset/images/beagle_142.jpg,beagle,dog,15
/kaggle/input/datasets/tanlikesmath/the-oxfordiiit-pet-dataset/images/samoyed_45.jpg,samoyed,dog,31
/kaggle/input/datasets/tanlikesmath/the-oxfordiiit-pet-dataset/images/miniature_pinscher_67.jpg,miniature_pinscher,dog,26
/kaggle/input/datasets/tanlikesmath/the-oxfordiiit-pet-dataset/images/american_pit_bull_terrier_11.jpg,american_pit_bull_terrier,dog,13
/kaggle/input/datasets/tanlikesmath/the-oxfordiiit-pet-dataset/images/samoyed_145.jpg,samoyed,dog,31
/kaggle/input/datasets/tanlikesmath/the-oxfordiiit-pet-dataset/images/beagle_62.jpg,beagle,dog,15
/kaggle/input/datasets/tanlikesmath/the-oxfordiiit-pet-dataset/images/Siamese_203.jpg,Siamese,cat,10
/kaggle/input/datasets/tanlikesmath/the-oxfordiiit-pet-dataset/images/leonberger_140.jpg,leonberger,dog,25
/kaggle/input/datasets/tanlikesmath/the-oxfordiiit-pet-dataset/images/chihuahua_102.jpg,chihuahua,dog,17
/kaggle/input/datasets/tanlikesmath/the-oxfordiiit-pet-dataset/images/japanese_chin_42.jpg,japanese_chin,dog,23
/kaggle/input/datasets/tanlikesmath/the-oxfordiiit-pet-dataset/images/saint_bernard_3.jpg,saint_bernard,dog,30
/kaggle/input/datasets/tanlikesmath/the-oxfordiiit-pet-dataset/images/beagle_22.jpg,beagle,dog,15
/kaggle/input/datasets/tanlikesmath/the-oxfordiiit-pet-dataset/images/miniature_pinscher_69.jpg,miniature_pinscher,dog,26
/kaggle/input/datasets/tanlikesmath/the-oxfordiiit-pet-dataset/images/Sphynx_42.jpg,Sphynx,cat,11
/kaggle/input/datasets/tanlikesmath/the-oxfordiiit-pet-dataset/images/Egyptian_Mau_67.jpg,Egyptian_Mau,cat,5
/kaggle/input/datasets/tanlikesmath/the-oxfordiiit-pet-dataset/images/Egyptian_Mau_150.jpg,Egyptian_Mau,cat,5
/kaggle/input/datasets/tanlikesmath/the-oxfordiiit-pet-dataset/images/Russian_Blue_77.jpg,Russian_Blue,cat,9
/kaggle/input/datasets/tanlikesmath/the-oxfordiiit-pet-dataset/images/english_setter_41.jpg,english_setter,dog,19
/kaggle/input/datasets/tanlikesmath/the-oxfordiiit-pet-dataset/images/Siamese_86.jpg,Siamese,cat,10
/kaggle/input/datasets/tanlikesmath/the-oxfordiiit-pet-dataset/images/leonberger_14.jpg,leonberger,dog,25
/kaggle/input/datasets/tanlikesmath/the-oxfordiiit-pet-dataset/images/Abyssinian_153.jpg,Abyssinian,cat,0
/kaggle/input/datasets/tanlikesmath/the-oxfordiiit-pet-dataset/images/english_cocker_spaniel_133.jpg,english_cocker_spaniel,dog,18
/kaggle/input/datasets/tanlikesmath/the-oxfordiiit-pet-dataset/images/saint_bernard_137.jpg,saint_bernard,dog,30
/kaggle/input/datasets/tanlikesmath/the-oxfordiiit-pet-dataset/images/shiba_inu_26.jpg,shiba_inu,dog,33
/kaggle/input/datasets/tanlikesmath/the-oxfordiiit-pet-dataset/images/american_bulldog_54.jpg,american_bulldog,dog,12
/kaggle/input/datasets/tanlikesmath/the-oxfordiiit-pet-dataset/images/scottish_terrier_14.jpg,scottish_terrier,dog,32
/kaggle/input/datasets/tanlikesmath/the-oxfordiiit-pet-dataset/images/wheaten_terrier_48.jpg,wheaten_terrier,dog,35
/kaggle/input/datasets/tanlikesmath/the-oxfordiiit-pet-dataset/images/staffordshire_bull_terrier_173.jpg,staffordshire_bull_terrier,dog,34
/kaggle/input/datasets/tanlikesmath/the-oxfordiiit-pet-dataset/images/Ragdoll_94.jpg,Ragdoll,cat,8
/kaggle/input/datasets/tanlikesmath/the-oxfordiiit-pet-dataset/images/english_setter_173.jpg,english_setter,dog,19
/kaggle/input/datasets/tanlikesmath/the-oxfordiiit-pet-dataset/images/shiba_inu_210.jpg,shiba_inu,dog,33
/kaggle/input/datasets/tanlikesmath/the-oxfordiiit-pet-dataset/images/havanese_1.jpg,havanese,dog,22
/kaggle/input/datasets/tanlikesmath/the-oxfordiiit-pet-dataset/images/english_setter_32.jpg,english_setter,dog,19
/kaggle/input/datasets/tanlikesmath/the-oxfordiiit-pet-dataset/images/Ragdoll_198.jpg,Ragdoll,cat,8
/kaggle/input/datasets/tanlikesmath/the-oxfordiiit-pet-dataset/images/boxer_141.jpg,boxer,dog,16
/kaggle/input/datasets/tanlikesmath/the-oxfordiiit-pet-dataset/images/Bengal_110.jpg,Bengal,cat,1
/kaggle/input/datasets/tanlikesmath/the-oxfordiiit-pet-dataset/images/saint_bernard_28.jpg,saint_bernard,dog,30
/kaggle/input/datasets/tanlikesmath/the-oxfordiiit-pet-dataset/images/Abyssinian_122.jpg,Abyssinian,cat,0
/kaggle/input/datasets/tanlikesmath/the-oxfordiiit-pet-dataset/images/havanese_107.jpg,havanese,dog,22
/kaggle/input/datasets/tanlikesmath/the-oxfordiiit-pet-dataset/images/german_shorthaired_58.jpg,german_shorthaired,dog,20
/kaggle/input/datasets/tanlikesmath/the-oxfordiiit-pet-dataset/images/american_pit_bull_terrier_90.jpg,american_pit_bull_terrier,dog,13
/kaggle/input/datasets/tanlikesmath/the-oxfordiiit-pet-dataset/images/beagle_93.jpg,beagle,dog,15
/kaggle/input/datasets/tanlikesmath/the-oxfordiiit-pet-dataset/images/keeshond_109.jpg,keeshond,dog,24
/kaggle/input/datasets/tanlikesmath/the-oxfordiiit-pet-dataset/images/american_bulldog_123.jpg,american_bulldog,dog,12
/kaggle/input/datasets/tanlikesmath/the-oxfordiiit-pet-dataset/images/Abyssinian_60.jpg,Abyssinian,cat,0
/kaggle/input/datasets/tanlikesmath/the-oxfordiiit-pet-dataset/images/British_Shorthair_83.jpg,British_Shorthair,cat,4
/kaggle/input/datasets/tanlikesmath/the-oxfordiiit-pet-dataset/images/american_pit_bull_terrier_82.jpg,american_pit_bull_terrier,dog,13
/kaggle/input/datasets/tanlikesmath/the-oxfordiiit-pet-dataset/images/Russian_Blue_133.jpg,Russian_Blue,cat,9
/kaggle/input/datasets/tanlikesmath/the-oxfordiiit-pet-dataset/images/keeshond_146.jpg,keeshond,dog,24
/kaggle/input/datasets/tanlikesmath/the-oxfordiiit-pet-dataset/images/Persian_126.jpg,Persian,cat,7
/kaggle/input/datasets/tanlikesmath/the-oxfordiiit-pet-dataset/images/american_bulldog_76.jpg,american_bulldog,dog,12
/kaggle/input/datasets/tanlikesmath/the-oxfordiiit-pet-dataset/images/havanese_152.jpg,havanese,dog,22
/kaggle/input/datasets/tanlikesmath/the-oxfordiiit-pet-dataset/images/beagle_55.jpg,beagle,dog,15
/kaggle/input/datasets/tanlikesmath/the-oxfordiiit-pet-dataset/images/Sphynx_77.jpg,Sphynx,cat,11
/kaggle/input/datasets/tanlikesmath/the-oxfordiiit-pet-dataset/images/Maine_Coon_214.jpg,Maine_Coon,cat,6
/kaggle/input/datasets/tanlikesmath/the-oxfordiiit-pet-dataset/images/Russian_Blue_106.jpg,Russian_Blue,cat,9
/kaggle/input/datasets/tanlikesmath/the-oxfordiiit-pet-dataset/images/keeshond_171.jpg,keeshond,dog,24
/kaggle/input/datasets/tanlikesmath/the-oxfordiiit-pet-dataset/images/saint_bernard_57.jpg,saint_bernard,dog,30
/kaggle/input/datasets/tanlikesmath/the-oxfordiiit-pet-dataset/images/samoyed_181.jpg,samoyed,dog,31
/kaggle/input/datasets/tanlikesmath/the-oxfordiiit-pet-dataset/images/Bombay_191.jpg,Bombay,cat,3
/kaggle/input/datasets/tanlikesmath/the-oxfordiiit-pet-dataset/images/Egyptian_Mau_213.jpg,Egyptian_Mau,cat,5
/kaggle/input/datasets/tanlikesmath/the-oxfordiiit-pet-dataset/images/shiba_inu_191.jpg,shiba_inu,dog,33
/kaggle/input/datasets/tanlikesmath/the-oxfordiiit-pet-dataset/images/Siamese_196.jpg,Siamese,cat,10
/kaggle/input/datasets/tanlikesmath/the-oxfordiiit-pet-dataset/images/german_shorthaired_125.jpg,german_shorthaired,dog,20
/kaggle/input/datasets/tanlikesmath/the-oxfordiiit-pet-dataset/images/British_Shorthair_223.jpg,British_Shorthair,cat,4
/kaggle/input/datasets/tanlikesmath/the-oxfordiiit-pet-dataset/images/pug_121.jpg,pug,dog,29
/kaggle/input/datasets/tanlikesmath/the-oxfordiiit-pet-dataset/images/american_bulldog_135.jpg,american_bulldog,dog,12
/kaggle/input/datasets/tanlikesmath/the-oxfordiiit-pet-dataset/images/Siamese_206.jpg,Siamese,cat,10
/kaggle/input/datasets/tanlikesmath/the-oxfordiiit-pet-dataset/images/english_cocker_spaniel_141.jpg,english_cocker_spaniel,dog,18
/kaggle/input/datasets/tanlikesmath/the-oxfordiiit-pet-dataset/images/yorkshire_terrier_59.jpg,yorkshire_terrier,dog,36
/kaggle/input/datasets/tanlikesmath/the-oxfordiiit-pet-dataset/images/shiba_inu_170.jpg,shiba_inu,dog,33
/kaggle/input/datasets/tanlikesmath/the-oxfordiiit-pet-dataset/images/saint_bernard_34.jpg,saint_bernard,dog,30
/kaggle/input/datasets/tanlikesmath/the-oxfordiiit-pet-dataset/images/pug_43.jpg,pug,dog,29
/kaggle/input/datasets/tanlikesmath/the-oxfordiiit-pet-dataset/images/newfoundland_187.jpg,newfoundland,dog,27
/kaggle/input/datasets/tanlikesmath/the-oxfordiiit-pet-dataset/images/Russian_Blue_191.jpg,Russian_Blue,cat,9
/kaggle/input/datasets/tanlikesmath/the-oxfordiiit-pet-dataset/images/pomeranian_43.jpg,pomeranian,dog,28
/kaggle/input/datasets/tanlikesmath/the-oxfordiiit-pet-dataset/images/Maine_Coon_163.jpg,Maine_Coon,cat,6
/kaggle/input/datasets/tanlikesmath/the-oxfordiiit-pet-dataset/images/beagle_169.jpg,beagle,dog,15
/kaggle/input/datasets/tanlikesmath/the-oxfordiiit-pet-dataset/images/newfoundland_90.jpg,newfoundland,dog,27
/kaggle/input/datasets/tanlikesmath/the-oxfordiiit-pet-dataset/images/Persian_259.jpg,Persian,cat,7
/kaggle/input/datasets/tanlikesmath/the-oxfordiiit-pet-dataset/images/samoyed_125.jpg,samoyed,dog,31
/kaggle/input/datasets/tanlikesmath/the-oxfordiiit-pet-dataset/images/Russian_Blue_144.jpg,Russian_Blue,cat,9
/kaggle/input/datasets/tanlikesmath/the-oxfordiiit-pet-dataset/images/Sphynx_138.jpg,Sphynx,cat,11
/kaggle/input/datasets/tanlikesmath/the-oxfordiiit-pet-dataset/images/Persian_20.jpg,Persian,cat,7
/kaggle/input/datasets/tanlikesmath/the-oxfordiiit-pet-dataset/images/staffordshire_bull_terrier_127.jpg,staffordshire_bull_terrier,dog,34
/kaggle/input/datasets/tanlikesmath/the-oxfordiiit-pet-dataset/images/havanese_17.jpg,havanese,dog,22
/kaggle/input/datasets/tanlikesmath/the-oxfordiiit-pet-dataset/images/Ragdoll_149.jpg,Ragdoll,cat,8
/kaggle/input/datasets/tanlikesmath/the-oxfordiiit-pet-dataset/images/english_setter_194.jpg,english_setter,dog,19
/kaggle/input/datasets/tanlikesmath/the-oxfordiiit-pet-dataset/images/chihuahua_119.jpg,chihuahua,dog,17
/kaggle/input/datasets/tanlikesmath/the-oxfordiiit-pet-dataset/images/British_Shorthair_75.jpg,British_Shorthair,cat,4
/kaggle/input/datasets/tanlikesmath/the-oxfordiiit-pet-dataset/images/British_Shorthair_135.jpg,British_Shorthair,cat,4
/kaggle/input/datasets/tanlikesmath/the-oxfordiiit-pet-dataset/images/Egyptian_Mau_83.jpg,Egyptian_Mau,cat,5
/kaggle/input/datasets/tanlikesmath/the-oxfordiiit-pet-dataset/images/leonberger_162.jpg,leonberger,dog,25
/kaggle/input/datasets/tanlikesmath/the-oxfordiiit-pet-dataset/images/pomeranian_42.jpg,pomeranian,dog,28
/kaggle/input/datasets/tanlikesmath/the-oxfordiiit-pet-dataset/images/beagle_172.jpg,beagle,dog,15
/kaggle/input/datasets/tanlikesmath/the-oxfordiiit-pet-dataset/images/havanese_151.jpg,havanese,dog,22
/kaggle/input/datasets/tanlikesmath/the-oxfordiiit-pet-dataset/images/wheaten_terrier_17.jpg,wheaten_terrier,dog,35
/kaggle/input/datasets/tanlikesmath/the-oxfordiiit-pet-dataset/images/shiba_inu_7.jpg,shiba_inu,dog,33
/kaggle/input/datasets/tanlikesmath/the-oxfordiiit-pet-dataset/images/Maine_Coon_61.jpg,Maine_Coon,cat,6
/kaggle/input/datasets/tanlikesmath/the-oxfordiiit-pet-dataset/images/Bengal_5.jpg,Bengal,cat,1
/kaggle/input/datasets/tanlikesmath/the-oxfordiiit-pet-dataset/images/japanese_chin_141.jpg,japanese_chin,dog,23
/kaggle/input/datasets/tanlikesmath/the-oxfordiiit-pet-dataset/images/english_setter_107.jpg,english_setter,dog,19
/kaggle/input/datasets/tanlikesmath/the-oxfordiiit-pet-dataset/images/havanese_129.jpg,havanese,dog,22
/kaggle/input/datasets/tanlikesmath/the-oxfordiiit-pet-dataset/images/pug_1.jpg,pug,dog,29
/kaggle/input/datasets/tanlikesmath/the-oxfordiiit-pet-dataset/images/english_cocker_spaniel_65.jpg,english_cocker_spaniel,dog,18
/kaggle/input/datasets/tanlikesmath/the-oxfordiiit-pet-dataset/images/Bengal_182.jpg,Bengal,cat,1
/kaggle/input/datasets/tanlikesmath/the-oxfordiiit-pet-dataset/images/japanese_chin_21.jpg,japanese_chin,dog,23
/kaggle/input/datasets/tanlikesmath/the-oxfordiiit-pet-dataset/images/havanese_96.jpg,havanese,dog,22
/kaggle/input/datasets/tanlikesmath/the-oxfordiiit-pet-dataset/images/german_shorthaired_97.jpg,german_shorthaired,dog,20
/kaggle/input/datasets/tanlikesmath/the-oxfordiiit-pet-dataset/images/american_bulldog_190.jpg,american_bulldog,dog,12
/kaggle/input/datasets/tanlikesmath/the-oxfordiiit-pet-dataset/images/beagle_76.jpg,beagle,dog,15
/kaggle/input/datasets/tanlikesmath/the-oxfordiiit-pet-dataset/images/german_shorthaired_78.jpg,german_shorthaired,dog,20
/kaggle/input/datasets/tanlikesmath/the-oxfordiiit-pet-dataset/images/english_cocker_spaniel_72.jpg,english_cocker_spaniel,dog,18
/kaggle/input/datasets/tanlikesmath/the-oxfordiiit-pet-dataset/images/japanese_chin_74.jpg,japanese_chin,dog,23
/kaggle/input/datasets/tanlikesmath/the-oxfordiiit-pet-dataset/images/chihuahua_4.jpg,chihuahua,dog,17
/kaggle/input/datasets/tanlikesmath/the-oxfordiiit-pet-dataset/images/scottish_terrier_119.jpg,scottish_terrier,dog,32
/kaggle/input/datasets/tanlikesmath/the-oxfordiiit-pet-dataset/images/pug_38.jpg,pug,dog,29
/kaggle/input/datasets/tanlikesmath/the-oxfordiiit-pet-dataset/images/Abyssinian_49.jpg,Abyssinian,cat,0
/kaggle/input/datasets/tanlikesmath/the-oxfordiiit-pet-dataset/images/yorkshire_terrier_6.jpg,yorkshire_terrier,dog,36
/kaggle/input/datasets/tanlikesmath/the-oxfordiiit-pet-dataset/images/scottish_terrier_143.jpg,scottish_terrier,dog,32
/kaggle/input/datasets/tanlikesmath/the-oxfordiiit-pet-dataset/images/Bengal_80.jpg,Bengal,cat,1
/kaggle/input/datasets/tanlikesmath/the-oxfordiiit-pet-dataset/images/english_setter_63.jpg,english_setter,dog,19
/kaggle/input/datasets/tanlikesmath/the-oxfordiiit-pet-dataset/images/german_shorthaired_53.jpg,german_shorthaired,dog,20
/kaggle/input/datasets/tanlikesmath/the-oxfordiiit-pet-dataset/images/saint_bernard_128.jpg,saint_bernard,dog,30
/kaggle/input/datasets/tanlikesmath/the-oxfordiiit-pet-dataset/images/Maine_Coon_208.jpg,Maine_Coon,cat,6
/kaggle/input/datasets/tanlikesmath/the-oxfordiiit-pet-dataset/images/Bombay_126.jpg,Bombay,cat,3
/kaggle/input/datasets/tanlikesmath/the-oxfordiiit-pet-dataset/images/boxer_186.jpg,boxer,dog,16
/kaggle/input/datasets/tanlikesmath/the-oxfordiiit-pet-dataset/images/american_bulldog_79.jpg,american_bulldog,dog,12
/kaggle/input/datasets/tanlikesmath/the-oxfordiiit-pet-dataset/images/havanese_94.jpg,havanese,dog,22
/kaggle/input/datasets/tanlikesmath/the-oxfordiiit-pet-dataset/images/Abyssinian_85.jpg,Abyssinian,cat,0
/kaggle/input/datasets/tanlikesmath/the-oxfordiiit-pet-dataset/images/great_pyrenees_101.jpg,great_pyrenees,dog,21
/kaggle/input/datasets/tanlikesmath/the-oxfordiiit-pet-dataset/images/Maine_Coon_197.jpg,Maine_Coon,cat,6
/kaggle/input/datasets/tanlikesmath/the-oxfordiiit-pet-dataset/images/yorkshire_terrier_63.jpg,yorkshire_terrier,dog,36
/kaggle/input/datasets/tanlikesmath/the-oxfordiiit-pet-dataset/images/english_setter_155.jpg,english_setter,dog,19
/kaggle/input/datasets/tanlikesmath/the-oxfordiiit-pet-dataset/images/wheaten_terrier_64.jpg,wheaten_terrier,dog,35
/kaggle/input/datasets/tanlikesmath/the-oxfordiiit-pet-dataset/images/Egyptian_Mau_70.jpg,Egyptian_Mau,cat,5
/kaggle/input/datasets/tanlikesmath/the-oxfordiiit-pet-dataset/images/Persian_59.jpg,Persian,cat,7
/kaggle/input/datasets/tanlikesmath/the-oxfordiiit-pet-dataset/images/boxer_178.jpg,boxer,dog,16
/kaggle/input/datasets/tanlikesmath/the-oxfordiiit-pet-dataset/images/pomeranian_36.jpg,pomeranian,dog,28
/kaggle/input/datasets/tanlikesmath/the-oxfordiiit-pet-dataset/images/leonberger_93.jpg,leonberger,dog,25
/kaggle/input/datasets/tanlikesmath/the-oxfordiiit-pet-dataset/images/basset_hound_192.jpg,basset_hound,dog,14
/kaggle/input/datasets/tanlikesmath/the-oxfordiiit-pet-dataset/images/great_pyrenees_119.jpg,great_pyrenees,dog,21
/kaggle/input/datasets/tanlikesmath/the-oxfordiiit-pet-dataset/images/american_pit_bull_terrier_120.jpg,american_pit_bull_terrier,dog,13
/kaggle/input/datasets/tanlikesmath/the-oxfordiiit-pet-dataset/images/english_setter_148.jpg,english_setter,dog,19
/kaggle/input/datasets/tanlikesmath/the-oxfordiiit-pet-dataset/images/pug_117.jpg,pug,dog,29
/kaggle/input/datasets/tanlikesmath/the-oxfordiiit-pet-dataset/images/Bombay_33.jpg,Bombay,cat,3
/kaggle/input/datasets/tanlikesmath/the-oxfordiiit-pet-dataset/images/Sphynx_137.jpg,Sphynx,cat,11
/kaggle/input/datasets/tanlikesmath/the-oxfordiiit-pet-dataset/images/staffordshire_bull_terrier_201.jpg,staffordshire_bull_terrier,dog,34
/kaggle/input/datasets/tanlikesmath/the-oxfordiiit-pet-dataset/images/leonberger_2.jpg,leonberger,dog,25
/kaggle/input/datasets/tanlikesmath/the-oxfordiiit-pet-dataset/images/Siamese_168.jpg,Siamese,cat,10
/kaggle/input/datasets/tanlikesmath/the-oxfordiiit-pet-dataset/images/Maine_Coon_24.jpg,Maine_Coon,cat,6
/kaggle/input/datasets/tanlikesmath/the-oxfordiiit-pet-dataset/images/pomeranian_200.jpg,pomeranian,dog,28
/kaggle/input/datasets/tanlikesmath/the-oxfordiiit-pet-dataset/images/Abyssinian_184.jpg,Abyssinian,cat,0
/kaggle/input/datasets/tanlikesmath/the-oxfordiiit-pet-dataset/images/newfoundland_87.jpg,newfoundland,dog,27
/kaggle/input/datasets/tanlikesmath/the-oxfordiiit-pet-dataset/images/newfoundland_15.jpg,newfoundland,dog,27
/kaggle/input/datasets/tanlikesmath/the-oxfordiiit-pet-dataset/images/english_setter_167.jpg,english_setter,dog,19
/kaggle/input/datasets/tanlikesmath/the-oxfordiiit-pet-dataset/images/Abyssinian_1.jpg,Abyssinian,cat,0
/kaggle/input/datasets/tanlikesmath/the-oxfordiiit-pet-dataset/images/staffordshire_bull_terrier_12.jpg,staffordshire_bull_terrier,dog,34
/kaggle/input/datasets/tanlikesmath/the-oxfordiiit-pet-dataset/images/Siamese_51.jpg,Siamese,cat,10
/kaggle/input/datasets/tanlikesmath/the-oxfordiiit-pet-dataset/images/Ragdoll_37.jpg,Ragdoll,cat,8
/kaggle/input/datasets/tanlikesmath/the-oxfordiiit-pet-dataset/images/Bengal_53.jpg,Bengal,cat,1
/kaggle/input/datasets/tanlikesmath/the-oxfordiiit-pet-dataset/images/shiba_inu_150.jpg,shiba_inu,dog,33
/kaggle/input/datasets/tanlikesmath/the-oxfordiiit-pet-dataset/images/chihuahua_101.jpg,chihuahua,dog,17
/kaggle/input/datasets/tanlikesmath/the-oxfordiiit-pet-dataset/images/japanese_chin_155.jpg,japanese_chin,dog,23
/kaggle/input/datasets/tanlikesmath/the-oxfordiiit-pet-dataset/images/japanese_chin_80.jpg,japanese_chin,dog,23
/kaggle/input/datasets/tanlikesmath/the-oxfordiiit-pet-dataset/images/pomeranian_170.jpg,pomeranian,dog,28
/kaggle/input/datasets/tanlikesmath/the-oxfordiiit-pet-dataset/images/Russian_Blue_146.jpg,Russian_Blue,cat,9
/kaggle/input/datasets/tanlikesmath/the-oxfordiiit-pet-dataset/images/japanese_chin_197.jpg,japanese_chin,dog,23
/kaggle/input/datasets/tanlikesmath/the-oxfordiiit-pet-dataset/images/staffordshire_bull_terrier_57.jpg,staffordshire_bull_terrier,dog,34
/kaggle/input/datasets/tanlikesmath/the-oxfordiiit-pet-dataset/images/shiba_inu_90.jpg,shiba_inu,dog,33
/kaggle/input/datasets/tanlikesmath/the-oxfordiiit-pet-dataset/images/Bombay_91.jpg,Bombay,cat,3
/kaggle/input/datasets/tanlikesmath/the-oxfordiiit-pet-dataset/images/japanese_chin_134.jpg,japanese_chin,dog,23
/kaggle/input/datasets/tanlikesmath/the-oxfordiiit-pet-dataset/images/great_pyrenees_67.jpg,great_pyrenees,dog,21
/kaggle/input/datasets/tanlikesmath/the-oxfordiiit-pet-dataset/images/miniature_pinscher_16.jpg,miniature_pinscher,dog,26
/kaggle/input/datasets/tanlikesmath/the-oxfordiiit-pet-dataset/images/leonberger_170.jpg,leonberger,dog,25
/kaggle/input/datasets/tanlikesmath/the-oxfordiiit-pet-dataset/images/newfoundland_132.jpg,newfoundland,dog,27
/kaggle/input/datasets/tanlikesmath/the-oxfordiiit-pet-dataset/images/saint_bernard_112.jpg,saint_bernard,dog,30
/kaggle/input/datasets/tanlikesmath/the-oxfordiiit-pet-dataset/images/beagle_140.jpg,beagle,dog,15
/kaggle/input/datasets/tanlikesmath/the-oxfordiiit-pet-dataset/images/Birman_38.jpg,Birman,cat,2
/kaggle/input/datasets/tanlikesmath/the-oxfordiiit-pet-dataset/images/pomeranian_18.jpg,pomeranian,dog,28
/kaggle/input/datasets/tanlikesmath/the-oxfordiiit-pet-dataset/images/Ragdoll_132.jpg,Ragdoll,cat,8
/kaggle/input/datasets/tanlikesmath/the-oxfordiiit-pet-dataset/images/saint_bernard_108.jpg,saint_bernard,dog,30
/kaggle/input/datasets/tanlikesmath/the-oxfordiiit-pet-dataset/images/Birman_196.jpg,Birman,cat,2
/kaggle/input/datasets/tanlikesmath/the-oxfordiiit-pet-dataset/images/samoyed_200.jpg,samoyed,dog,31
/kaggle/input/datasets/tanlikesmath/the-oxfordiiit-pet-dataset/images/american_bulldog_217.jpg,american_bulldog,dog,12
/kaggle/input/datasets/tanlikesmath/the-oxfordiiit-pet-dataset/images/newfoundland_95.jpg,newfoundland,dog,27
/kaggle/input/datasets/tanlikesmath/the-oxfordiiit-pet-dataset/images/chihuahua_199.jpg,chihuahua,dog,17
/kaggle/input/datasets/tanlikesmath/the-oxfordiiit-pet-dataset/images/chihuahua_53.jpg,chihuahua,dog,17
/kaggle/input/datasets/tanlikesmath/the-oxfordiiit-pet-dataset/images/english_setter_174.jpg,english_setter,dog,19
/kaggle/input/datasets/tanlikesmath/the-oxfordiiit-pet-dataset/images/great_pyrenees_92.jpg,great_pyrenees,dog,21
/kaggle/input/datasets/tanlikesmath/the-oxfordiiit-pet-dataset/images/Ragdoll_117.jpg,Ragdoll,cat,8
/kaggle/input/datasets/tanlikesmath/the-oxfordiiit-pet-dataset/images/shiba_inu_12.jpg,shiba_inu,dog,33
/kaggle/input/datasets/tanlikesmath/the-oxfordiiit-pet-dataset/images/miniature_pinscher_4.jpg,miniature_pinscher,dog,26
/kaggle/input/datasets/tanlikesmath/the-oxfordiiit-pet-dataset/images/chihuahua_125.jpg,chihuahua,dog,17
/kaggle/input/datasets/tanlikesmath/the-oxfordiiit-pet-dataset/images/english_cocker_spaniel_60.jpg,english_cocker_spaniel,dog,18
/kaggle/input/datasets/tanlikesmath/the-oxfordiiit-pet-dataset/images/english_setter_68.jpg,english_setter,dog,19
/kaggle/input/datasets/tanlikesmath/the-oxfordiiit-pet-dataset/images/chihuahua_106.jpg,chihuahua,dog,17
/kaggle/input/datasets/tanlikesmath/the-oxfordiiit-pet-dataset/images/staffordshire_bull_terrier_199.jpg,staffordshire_bull_terrier,dog,34
/kaggle/input/datasets/tanlikesmath/the-oxfordiiit-pet-dataset/images/miniature_pinscher_194.jpg,miniature_pinscher,dog,26
/kaggle/input/datasets/tanlikesmath/the-oxfordiiit-pet-dataset/images/Maine_Coon_262.jpg,Maine_Coon,cat,6
/kaggle/input/datasets/tanlikesmath/the-oxfordiiit-pet-dataset/images/leonberger_136.jpg,leonberger,dog,25
/kaggle/input/datasets/tanlikesmath/the-oxfordiiit-pet-dataset/images/Sphynx_247.jpg,Sphynx,cat,11
/kaggle/input/datasets/tanlikesmath/the-oxfordiiit-pet-dataset/images/saint_bernard_46.jpg,saint_bernard,dog,30
/kaggle/input/datasets/tanlikesmath/the-oxfordiiit-pet-dataset/images/beagle_40.jpg,beagle,dog,15
/kaggle/input/datasets/tanlikesmath/the-oxfordiiit-pet-dataset/images/american_bulldog_65.jpg,american_bulldog,dog,12
/kaggle/input/datasets/tanlikesmath/the-oxfordiiit-pet-dataset/images/Egyptian_Mau_191.jpg,Egyptian_Mau,cat,5
/kaggle/input/datasets/tanlikesmath/the-oxfordiiit-pet-dataset/images/english_cocker_spaniel_194.jpg,english_cocker_spaniel,dog,18
/kaggle/input/datasets/tanlikesmath/the-oxfordiiit-pet-dataset/images/pug_169.jpg,pug,dog,29
/kaggle/input/datasets/tanlikesmath/the-oxfordiiit-pet-dataset/images/scottish_terrier_55.jpg,scottish_terrier,dog,32
/kaggle/input/datasets/tanlikesmath/the-oxfordiiit-pet-dataset/images/British_Shorthair_64.jpg,British_Shorthair,cat,4
/kaggle/input/datasets/tanlikesmath/the-oxfordiiit-pet-dataset/images/samoyed_159.jpg,samoyed,dog,31
/kaggle/input/datasets/tanlikesmath/the-oxfordiiit-pet-dataset/images/beagle_7.jpg,beagle,dog,15
/kaggle/input/datasets/tanlikesmath/the-oxfordiiit-pet-dataset/images/Bombay_155.jpg,Bombay,cat,3
/kaggle/input/datasets/tanlikesmath/the-oxfordiiit-pet-dataset/images/pomeranian_138.jpg,pomeranian,dog,28
/kaggle/input/datasets/tanlikesmath/the-oxfordiiit-pet-dataset/images/havanese_89.jpg,havanese,dog,22
/kaggle/input/datasets/tanlikesmath/the-oxfordiiit-pet-dataset/images/english_setter_159.jpg,english_setter,dog,19
/kaggle/input/datasets/tanlikesmath/the-oxfordiiit-pet-dataset/images/american_bulldog_38.jpg,american_bulldog,dog,12
/kaggle/input/datasets/tanlikesmath/the-oxfordiiit-pet-dataset/images/leonberger_147.jpg,leonberger,dog,25
/kaggle/input/datasets/tanlikesmath/the-oxfordiiit-pet-dataset/images/staffordshire_bull_terrier_65.jpg,staffordshire_bull_terrier,dog,34
/kaggle/input/datasets/tanlikesmath/the-oxfordiiit-pet-dataset/images/leonberger_159.jpg,leonberger,dog,25
/kaggle/input/datasets/tanlikesmath/the-oxfordiiit-pet-dataset/images/english_cocker_spaniel_139.jpg,english_cocker_spaniel,dog,18
/kaggle/input/datasets/tanlikesmath/the-oxfordiiit-pet-dataset/images/american_pit_bull_terrier_99.jpg,american_pit_bull_terrier,dog,13
/kaggle/input/datasets/tanlikesmath/the-oxfordiiit-pet-dataset/images/american_pit_bull_terrier_150.jpg,american_pit_bull_terrier,dog,13
/kaggle/input/datasets/tanlikesmath/the-oxfordiiit-pet-dataset/images/pug_157.jpg,pug,dog,29
/kaggle/input/datasets/tanlikesmath/the-oxfordiiit-pet-dataset/images/Ragdoll_181.jpg,Ragdoll,cat,8
/kaggle/input/datasets/tanlikesmath/the-oxfordiiit-pet-dataset/images/yorkshire_terrier_53.jpg,yorkshire_terrier,dog,36
/kaggle/input/datasets/tanlikesmath/the-oxfordiiit-pet-dataset/images/keeshond_41.jpg,keeshond,dog,24
/kaggle/input/datasets/tanlikesmath/the-oxfordiiit-pet-dataset/images/Bengal_95.jpg,Bengal,cat,1
/kaggle/input/datasets/tanlikesmath/the-oxfordiiit-pet-dataset/images/leonberger_183.jpg,leonberger,dog,25
/kaggle/input/datasets/tanlikesmath/the-oxfordiiit-pet-dataset/images/yorkshire_terrier_158.jpg,yorkshire_terrier,dog,36
/kaggle/input/datasets/tanlikesmath/the-oxfordiiit-pet-dataset/images/havanese_140.jpg,havanese,dog,22
/kaggle/input/datasets/tanlikesmath/the-oxfordiiit-pet-dataset/images/english_cocker_spaniel_158.jpg,english_cocker_spaniel,dog,18
/kaggle/input/datasets/tanlikesmath/the-oxfordiiit-pet-dataset/images/english_setter_11.jpg,english_setter,dog,19
/kaggle/input/datasets/tanlikesmath/the-oxfordiiit-pet-dataset/images/chihuahua_40.jpg,chihuahua,dog,17
/kaggle/input/datasets/tanlikesmath/the-oxfordiiit-pet-dataset/images/samoyed_16.jpg,samoyed,dog,31
/kaggle/input/datasets/tanlikesmath/the-oxfordiiit-pet-dataset/images/Sphynx_164.jpg,Sphynx,cat,11
/kaggle/input/datasets/tanlikesmath/the-oxfordiiit-pet-dataset/images/pug_144.jpg,pug,dog,29
/kaggle/input/datasets/tanlikesmath/the-oxfordiiit-pet-dataset/images/leonberger_186.jpg,leonberger,dog,25
/kaggle/input/datasets/tanlikesmath/the-oxfordiiit-pet-dataset/images/american_pit_bull_terrier_102.jpg,american_pit_bull_terrier,dog,13
/kaggle/input/datasets/tanlikesmath/the-oxfordiiit-pet-dataset/images/Ragdoll_33.jpg,Ragdoll,cat,8
/kaggle/input/datasets/tanlikesmath/the-oxfordiiit-pet-dataset/images/scottish_terrier_53.jpg,scottish_terrier,dog,32
/kaggle/input/datasets/tanlikesmath/the-oxfordiiit-pet-dataset/images/german_shorthaired_131.jpg,german_shorthaired,dog,20
/kaggle/input/datasets/tanlikesmath/the-oxfordiiit-pet-dataset/images/shiba_inu_145.jpg,shiba_inu,dog,33
/kaggle/input/datasets/tanlikesmath/the-oxfordiiit-pet-dataset/images/havanese_19.jpg,havanese,dog,22
/kaggle/input/datasets/tanlikesmath/the-oxfordiiit-pet-dataset/images/Egyptian_Mau_22.jpg,Egyptian_Mau,cat,5
/kaggle/input/datasets/tanlikesmath/the-oxfordiiit-pet-dataset/images/havanese_34.jpg,havanese,dog,22
/kaggle/input/datasets/tanlikesmath/the-oxfordiiit-pet-dataset/images/japanese_chin_172.jpg,japanese_chin,dog,23
/kaggle/input/datasets/tanlikesmath/the-oxfordiiit-pet-dataset/images/english_setter_99.jpg,english_setter,dog,19
/kaggle/input/datasets/tanlikesmath/the-oxfordiiit-pet-dataset/images/saint_bernard_123.jpg,saint_bernard,dog,30
/kaggle/input/datasets/tanlikesmath/the-oxfordiiit-pet-dataset/images/wheaten_terrier_63.jpg,wheaten_terrier,dog,35
/kaggle/input/datasets/tanlikesmath/the-oxfordiiit-pet-dataset/images/basset_hound_48.jpg,basset_hound,dog,14
/kaggle/input/datasets/tanlikesmath/the-oxfordiiit-pet-dataset/images/beagle_125.jpg,beagle,dog,15
/kaggle/input/datasets/tanlikesmath/the-oxfordiiit-pet-dataset/images/Russian_Blue_171.jpg,Russian_Blue,cat,9
/kaggle/input/datasets/tanlikesmath/the-oxfordiiit-pet-dataset/images/havanese_110.jpg,havanese,dog,22
/kaggle/input/datasets/tanlikesmath/the-oxfordiiit-pet-dataset/images/leonberger_89.jpg,leonberger,dog,25
/kaggle/input/datasets/tanlikesmath/the-oxfordiiit-pet-dataset/images/pomeranian_110.jpg,pomeranian,dog,28
/kaggle/input/datasets/tanlikesmath/the-oxfordiiit-pet-dataset/images/staffordshire_bull_terrier_42.jpg,staffordshire_bull_terrier,dog,34
/kaggle/input/datasets/tanlikesmath/the-oxfordiiit-pet-dataset/images/Bombay_4.jpg,Bombay,cat,3
/kaggle/input/datasets/tanlikesmath/the-oxfordiiit-pet-dataset/images/British_Shorthair_15.jpg,British_Shorthair,cat,4
/kaggle/input/datasets/tanlikesmath/the-oxfordiiit-pet-dataset/images/american_bulldog_83.jpg,american_bulldog,dog,12
/kaggle/input/datasets/tanlikesmath/the-oxfordiiit-pet-dataset/images/basset_hound_140.jpg,basset_hound,dog,14
/kaggle/input/datasets/tanlikesmath/the-oxfordiiit-pet-dataset/images/great_pyrenees_98.jpg,great_pyrenees,dog,21
/kaggle/input/datasets/tanlikesmath/the-oxfordiiit-pet-dataset/images/havanese_74.jpg,havanese,dog,22
/kaggle/input/datasets/tanlikesmath/the-oxfordiiit-pet-dataset/images/Sphynx_171.jpg,Sphynx,cat,11
/kaggle/input/datasets/tanlikesmath/the-oxfordiiit-pet-dataset/images/Birman_183.jpg,Birman,cat,2
/kaggle/input/datasets/tanlikesmath/the-oxfordiiit-pet-dataset/images/pomeranian_16.jpg,pomeranian,dog,28
/kaggle/input/datasets/tanlikesmath/the-oxfordiiit-pet-dataset/images/german_shorthaired_83.jpg,german_shorthaired,dog,20
/kaggle/input/datasets/tanlikesmath/the-oxfordiiit-pet-dataset/images/Sphynx_12.jpg,Sphynx,cat,11
/kaggle/input/datasets/tanlikesmath/the-oxfordiiit-pet-dataset/images/Abyssinian_174.jpg,Abyssinian,cat,0
/kaggle/input/datasets/tanlikesmath/the-oxfordiiit-pet-dataset/images/pug_110.jpg,pug,dog,29
/kaggle/input/datasets/tanlikesmath/the-oxfordiiit-pet-dataset/images/Persian_34.jpg,Persian,cat,7
/kaggle/input/datasets/tanlikesmath/the-oxfordiiit-pet-dataset/images/boxer_98.jpg,boxer,dog,16
/kaggle/input/datasets/tanlikesmath/the-oxfordiiit-pet-dataset/images/wheaten_terrier_40.jpg,wheaten_terrier,dog,35
/kaggle/input/datasets/tanlikesmath/the-oxfordiiit-pet-dataset/images/leonberger_167.jpg,leonberger,dog,25
/kaggle/input/datasets/tanlikesmath/the-oxfordiiit-pet-dataset/images/Persian_75.jpg,Persian,cat,7
/kaggle/input/datasets/tanlikesmath/the-oxfordiiit-pet-dataset/images/japanese_chin_35.jpg,japanese_chin,dog,23
/kaggle/input/datasets/tanlikesmath/the-oxfordiiit-pet-dataset/images/pomeranian_72.jpg,pomeranian,dog,28
/kaggle/input/datasets/tanlikesmath/the-oxfordiiit-pet-dataset/images/Bombay_3.jpg,Bombay,cat,3
/kaggle/input/datasets/tanlikesmath/the-oxfordiiit-pet-dataset/images/havanese_147.jpg,havanese,dog,22
/kaggle/input/datasets/tanlikesmath/the-oxfordiiit-pet-dataset/images/american_pit_bull_terrier_51.jpg,american_pit_bull_terrier,dog,13
/kaggle/input/datasets/tanlikesmath/the-oxfordiiit-pet-dataset/images/english_setter_188.jpg,english_setter,dog,19
/kaggle/input/datasets/tanlikesmath/the-oxfordiiit-pet-dataset/images/pomeranian_33.jpg,pomeranian,dog,28
/kaggle/input/datasets/tanlikesmath/the-oxfordiiit-pet-dataset/images/miniature_pinscher_60.jpg,miniature_pinscher,dog,26
/kaggle/input/datasets/tanlikesmath/the-oxfordiiit-pet-dataset/images/leonberger_160.jpg,leonberger,dog,25
/kaggle/input/datasets/tanlikesmath/the-oxfordiiit-pet-dataset/images/Maine_Coon_129.jpg,Maine_Coon,cat,6
/kaggle/input/datasets/tanlikesmath/the-oxfordiiit-pet-dataset/images/english_cocker_spaniel_13.jpg,english_cocker_spaniel,dog,18
/kaggle/input/datasets/tanlikesmath/the-oxfordiiit-pet-dataset/images/Bombay_116.jpg,Bombay,cat,3
/kaggle/input/datasets/tanlikesmath/the-oxfordiiit-pet-dataset/images/chihuahua_12.jpg,chihuahua,dog,17
/kaggle/input/datasets/tanlikesmath/the-oxfordiiit-pet-dataset/images/Siamese_231.jpg,Siamese,cat,10
/kaggle/input/datasets/tanlikesmath/the-oxfordiiit-pet-dataset/images/Sphynx_119.jpg,Sphynx,cat,11
/kaggle/input/datasets/tanlikesmath/the-oxfordiiit-pet-dataset/images/german_shorthaired_30.jpg,german_shorthaired,dog,20
/kaggle/input/datasets/tanlikesmath/the-oxfordiiit-pet-dataset/images/staffordshire_bull_terrier_94.jpg,staffordshire_bull_terrier,dog,34
/kaggle/input/datasets/tanlikesmath/the-oxfordiiit-pet-dataset/images/havanese_194.jpg,havanese,dog,22
/kaggle/input/datasets/tanlikesmath/the-oxfordiiit-pet-dataset/images/beagle_101.jpg,beagle,dog,15
/kaggle/input/datasets/tanlikesmath/the-oxfordiiit-pet-dataset/images/Persian_22.jpg,Persian,cat,7
/kaggle/input/datasets/tanlikesmath/the-oxfordiiit-pet-dataset/images/american_pit_bull_terrier_95.jpg,american_pit_bull_terrier,dog,13
/kaggle/input/datasets/tanlikesmath/the-oxfordiiit-pet-dataset/images/yorkshire_terrier_113.jpg,yorkshire_terrier,dog,36
/kaggle/input/datasets/tanlikesmath/the-oxfordiiit-pet-dataset/images/shiba_inu_45.jpg,shiba_inu,dog,33
/kaggle/input/datasets/tanlikesmath/the-oxfordiiit-pet-dataset/images/newfoundland_148.jpg,newfoundland,dog,27
/kaggle/input/datasets/tanlikesmath/the-oxfordiiit-pet-dataset/images/Siamese_83.jpg,Siamese,cat,10
/kaggle/input/datasets/tanlikesmath/the-oxfordiiit-pet-dataset/images/leonberger_67.jpg,leonberger,dog,25
/kaggle/input/datasets/tanlikesmath/the-oxfordiiit-pet-dataset/images/english_setter_129.jpg,english_setter,dog,19
/kaggle/input/datasets/tanlikesmath/the-oxfordiiit-pet-dataset/images/Bombay_109.jpg,Bombay,cat,3
/kaggle/input/datasets/tanlikesmath/the-oxfordiiit-pet-dataset/images/Egyptian_Mau_111.jpg,Egyptian_Mau,cat,5
/kaggle/input/datasets/tanlikesmath/the-oxfordiiit-pet-dataset/images/British_Shorthair_70.jpg,British_Shorthair,cat,4
/kaggle/input/datasets/tanlikesmath/the-oxfordiiit-pet-dataset/images/Ragdoll_202.jpg,Ragdoll,cat,8
/kaggle/input/datasets/tanlikesmath/the-oxfordiiit-pet-dataset/images/Siamese_176.jpg,Siamese,cat,10
/kaggle/input/datasets/tanlikesmath/the-oxfordiiit-pet-dataset/images/samoyed_82.jpg,samoyed,dog,31
/kaggle/input/datasets/tanlikesmath/the-oxfordiiit-pet-dataset/images/japanese_chin_168.jpg,japanese_chin,dog,23
/kaggle/input/datasets/tanlikesmath/the-oxfordiiit-pet-dataset/images/shiba_inu_3.jpg,shiba_inu,dog,33
/kaggle/input/datasets/tanlikesmath/the-oxfordiiit-pet-dataset/images/Russian_Blue_242.jpg,Russian_Blue,cat,9
/kaggle/input/datasets/tanlikesmath/the-oxfordiiit-pet-dataset/images/boxer_27.jpg,boxer,dog,16
/kaggle/input/datasets/tanlikesmath/the-oxfordiiit-pet-dataset/images/japanese_chin_190.jpg,japanese_chin,dog,23
/kaggle/input/datasets/tanlikesmath/the-oxfordiiit-pet-dataset/images/chihuahua_95.jpg,chihuahua,dog,17
/kaggle/input/datasets/tanlikesmath/the-oxfordiiit-pet-dataset/images/Bombay_24.jpg,Bombay,cat,3
/kaggle/input/datasets/tanlikesmath/the-oxfordiiit-pet-dataset/images/japanese_chin_164.jpg,japanese_chin,dog,23
/kaggle/input/datasets/tanlikesmath/the-oxfordiiit-pet-dataset/images/yorkshire_terrier_131.jpg,yorkshire_terrier,dog,36
/kaggle/input/datasets/tanlikesmath/the-oxfordiiit-pet-dataset/images/Bombay_34.jpg,Bombay,cat,3
/kaggle/input/datasets/tanlikesmath/the-oxfordiiit-pet-dataset/images/beagle_148.jpg,beagle,dog,15
/kaggle/input/datasets/tanlikesmath/the-oxfordiiit-pet-dataset/images/miniature_pinscher_20.jpg,miniature_pinscher,dog,26
/kaggle/input/datasets/tanlikesmath/the-oxfordiiit-pet-dataset/images/scottish_terrier_72.jpg,scottish_terrier,dog,32
/kaggle/input/datasets/tanlikesmath/the-oxfordiiit-pet-dataset/images/newfoundland_51.jpg,newfoundland,dog,27
/kaggle/input/datasets/tanlikesmath/the-oxfordiiit-pet-dataset/images/american_bulldog_150.jpg,american_bulldog,dog,12
/kaggle/input/datasets/tanlikesmath/the-oxfordiiit-pet-dataset/images/havanese_90.jpg,havanese,dog,22
/kaggle/input/datasets/tanlikesmath/the-oxfordiiit-pet-dataset/images/Bengal_117.jpg,Bengal,cat,1
/kaggle/input/datasets/tanlikesmath/the-oxfordiiit-pet-dataset/images/german_shorthaired_142.jpg,german_shorthaired,dog,20
/kaggle/input/datasets/tanlikesmath/the-oxfordiiit-pet-dataset/images/pug_165.jpg,pug,dog,29
/kaggle/input/datasets/tanlikesmath/the-oxfordiiit-pet-dataset/images/newfoundland_134.jpg,newfoundland,dog,27
/kaggle/input/datasets/tanlikesmath/the-oxfordiiit-pet-dataset/images/keeshond_153.jpg,keeshond,dog,24
/kaggle/input/datasets/tanlikesmath/the-oxfordiiit-pet-dataset/images/yorkshire_terrier_22.jpg,yorkshire_terrier,dog,36
/kaggle/input/datasets/tanlikesmath/the-oxfordiiit-pet-dataset/images/Maine_Coon_98.jpg,Maine_Coon,cat,6
/kaggle/input/datasets/tanlikesmath/the-oxfordiiit-pet-dataset/images/leonberger_151.jpg,leonberger,dog,25
/kaggle/input/datasets/tanlikesmath/the-oxfordiiit-pet-dataset/images/samoyed_75.jpg,samoyed,dog,31
/kaggle/input/datasets/tanlikesmath/the-oxfordiiit-pet-dataset/images/saint_bernard_80.jpg,saint_bernard,dog,30
/kaggle/input/datasets/tanlikesmath/the-oxfordiiit-pet-dataset/images/scottish_terrier_70.jpg,scottish_terrier,dog,32
/kaggle/input/datasets/tanlikesmath/the-oxfordiiit-pet-dataset/images/english_setter_109.jpg,english_setter,dog,19
/kaggle/input/datasets/tanlikesmath/the-oxfordiiit-pet-dataset/images/beagle_83.jpg,beagle,dog,15
/kaggle/input/datasets/tanlikesmath/the-oxfordiiit-pet-dataset/images/samoyed_30.jpg,samoyed,dog,31
/kaggle/input/datasets/tanlikesmath/the-oxfordiiit-pet-dataset/images/pomeranian_172.jpg,pomeranian,dog,28
/kaggle/input/datasets/tanlikesmath/the-oxfordiiit-pet-dataset/images/japanese_chin_57.jpg,japanese_chin,dog,23
/kaggle/input/datasets/tanlikesmath/the-oxfordiiit-pet-dataset/images/Bombay_67.jpg,Bombay,cat,3
/kaggle/input/datasets/tanlikesmath/the-oxfordiiit-pet-dataset/images/american_bulldog_140.jpg,american_bulldog,dog,12
/kaggle/input/datasets/tanlikesmath/the-oxfordiiit-pet-dataset/images/Persian_46.jpg,Persian,cat,7
/kaggle/input/datasets/tanlikesmath/the-oxfordiiit-pet-dataset/images/Sphynx_222.jpg,Sphynx,cat,11
/kaggle/input/datasets/tanlikesmath/the-oxfordiiit-pet-dataset/images/american_bulldog_74.jpg,american_bulldog,dog,12
/kaggle/input/datasets/tanlikesmath/the-oxfordiiit-pet-dataset/images/shiba_inu_113.jpg,shiba_inu,dog,33
/kaggle/input/datasets/tanlikesmath/the-oxfordiiit-pet-dataset/images/american_pit_bull_terrier_61.jpg,american_pit_bull_terrier,dog,13
/kaggle/input/datasets/tanlikesmath/the-oxfordiiit-pet-dataset/images/german_shorthaired_178.jpg,german_shorthaired,dog,20
/kaggle/input/datasets/tanlikesmath/the-oxfordiiit-pet-dataset/images/Siamese_14.jpg,Siamese,cat,10
/kaggle/input/datasets/tanlikesmath/the-oxfordiiit-pet-dataset/images/beagle_34.jpg,beagle,dog,15
/kaggle/input/datasets/tanlikesmath/the-oxfordiiit-pet-dataset/images/Abyssinian_142.jpg,Abyssinian,cat,0
/kaggle/input/datasets/tanlikesmath/the-oxfordiiit-pet-dataset/images/Siamese_154.jpg,Siamese,cat,10
/kaggle/input/datasets/tanlikesmath/the-oxfordiiit-pet-dataset/images/havanese_97.jpg,havanese,dog,22
/kaggle/input/datasets/tanlikesmath/the-oxfordiiit-pet-dataset/images/Bengal_159.jpg,Bengal,cat,1
/kaggle/input/datasets/tanlikesmath/the-oxfordiiit-pet-dataset/images/keeshond_87.jpg,keeshond,dog,24
/kaggle/input/datasets/tanlikesmath/the-oxfordiiit-pet-dataset/images/miniature_pinscher_134.jpg,miniature_pinscher,dog,26
/kaggle/input/datasets/tanlikesmath/the-oxfordiiit-pet-dataset/images/japanese_chin_103.jpg,japanese_chin,dog,23
/kaggle/input/datasets/tanlikesmath/the-oxfordiiit-pet-dataset/images/american_pit_bull_terrier_5.jpg,american_pit_bull_terrier,dog,13
/kaggle/input/datasets/tanlikesmath/the-oxfordiiit-pet-dataset/images/pomeranian_47.jpg,pomeranian,dog,28
/kaggle/input/datasets/tanlikesmath/the-oxfordiiit-pet-dataset/images/shiba_inu_183.jpg,shiba_inu,dog,33
/kaggle/input/datasets/tanlikesmath/the-oxfordiiit-pet-dataset/images/great_pyrenees_40.jpg,great_pyrenees,dog,21
/kaggle/input/datasets/tanlikesmath/the-oxfordiiit-pet-dataset/images/beagle_15.jpg,beagle,dog,15
/kaggle/input/datasets/tanlikesmath/the-oxfordiiit-pet-dataset/images/Persian_108.jpg,Persian,cat,7
/kaggle/input/datasets/tanlikesmath/the-oxfordiiit-pet-dataset/images/Ragdoll_234.jpg,Ragdoll,cat,8
/kaggle/input/datasets/tanlikesmath/the-oxfordiiit-pet-dataset/images/great_pyrenees_65.jpg,great_pyrenees,dog,21
/kaggle/input/datasets/tanlikesmath/the-oxfordiiit-pet-dataset/images/pomeranian_15.jpg,pomeranian,dog,28
/kaggle/input/datasets/tanlikesmath/the-oxfordiiit-pet-dataset/images/pomeranian_53.jpg,pomeranian,dog,28
/kaggle/input/datasets/tanlikesmath/the-oxfordiiit-pet-dataset/images/great_pyrenees_31.jpg,great_pyrenees,dog,21
/kaggle/input/datasets/tanlikesmath/the-oxfordiiit-pet-dataset/images/British_Shorthair_248.jpg,British_Shorthair,cat,4
/kaggle/input/datasets/tanlikesmath/the-oxfordiiit-pet-dataset/images/Persian_118.jpg,Persian,cat,7
/kaggle/input/datasets/tanlikesmath/the-oxfordiiit-pet-dataset/images/english_cocker_spaniel_113.jpg,english_cocker_spaniel,dog,18
/kaggle/input/datasets/tanlikesmath/the-oxfordiiit-pet-dataset/images/boxer_31.jpg,boxer,dog,16
/kaggle/input/datasets/tanlikesmath/the-oxfordiiit-pet-dataset/images/great_pyrenees_163.jpg,great_pyrenees,dog,21
/kaggle/input/datasets/tanlikesmath/the-oxfordiiit-pet-dataset/images/Siamese_199.jpg,Siamese,cat,10
/kaggle/input/datasets/tanlikesmath/the-oxfordiiit-pet-dataset/images/Sphynx_211.jpg,Sphynx,cat,11
/kaggle/input/datasets/tanlikesmath/the-oxfordiiit-pet-dataset/images/yorkshire_terrier_195.jpg,yorkshire_terrier,dog,36
/kaggle/input/datasets/tanlikesmath/the-oxfordiiit-pet-dataset/images/Bombay_45.jpg,Bombay,cat,3
/kaggle/input/datasets/tanlikesmath/the-oxfordiiit-pet-dataset/images/basset_hound_55.jpg,basset_hound,dog,14
/kaggle/input/datasets/tanlikesmath/the-oxfordiiit-pet-dataset/images/Sphynx_85.jpg,Sphynx,cat,11
/kaggle/input/datasets/tanlikesmath/the-oxfordiiit-pet-dataset/images/British_Shorthair_133.jpg,British_Shorthair,cat,4
/kaggle/input/datasets/tanlikesmath/the-oxfordiiit-pet-dataset/images/yorkshire_terrier_20.jpg,yorkshire_terrier,dog,36
/kaggle/input/datasets/tanlikesmath/the-oxfordiiit-pet-dataset/images/scottish_terrier_123.jpg,scottish_terrier,dog,32
/kaggle/input/datasets/tanlikesmath/the-oxfordiiit-pet-dataset/images/havanese_11.jpg,havanese,dog,22
/kaggle/input/datasets/tanlikesmath/the-oxfordiiit-pet-dataset/images/Egyptian_Mau_41.jpg,Egyptian_Mau,cat,5
/kaggle/input/datasets/tanlikesmath/the-oxfordiiit-pet-dataset/images/shiba_inu_34.jpg,shiba_inu,dog,33
/kaggle/input/datasets/tanlikesmath/the-oxfordiiit-pet-dataset/images/wheaten_terrier_79.jpg,wheaten_terrier,dog,35
/kaggle/input/datasets/tanlikesmath/the-oxfordiiit-pet-dataset/images/great_pyrenees_120.jpg,great_pyrenees,dog,21
/kaggle/input/datasets/tanlikesmath/the-oxfordiiit-pet-dataset/images/english_cocker_spaniel_3.jpg,english_cocker_spaniel,dog,18
/kaggle/input/datasets/tanlikesmath/the-oxfordiiit-pet-dataset/images/Ragdoll_168.jpg,Ragdoll,cat,8
/kaggle/input/datasets/tanlikesmath/the-oxfordiiit-pet-dataset/images/Siamese_208.jpg,Siamese,cat,10
/kaggle/input/datasets/tanlikesmath/the-oxfordiiit-pet-dataset/images/english_cocker_spaniel_147.jpg,english_cocker_spaniel,dog,18
/kaggle/input/datasets/tanlikesmath/the-oxfordiiit-pet-dataset/images/english_setter_175.jpg,english_setter,dog,19
/kaggle/input/datasets/tanlikesmath/the-oxfordiiit-pet-dataset/images/german_shorthaired_175.jpg,german_shorthaired,dog,20
/kaggle/input/datasets/tanlikesmath/the-oxfordiiit-pet-dataset/images/yorkshire_terrier_35.jpg,yorkshire_terrier,dog,36
/kaggle/input/datasets/tanlikesmath/the-oxfordiiit-pet-dataset/images/wheaten_terrier_122.jpg,wheaten_terrier,dog,35
/kaggle/input/datasets/tanlikesmath/the-oxfordiiit-pet-dataset/images/english_setter_116.jpg,english_setter,dog,19
/kaggle/input/datasets/tanlikesmath/the-oxfordiiit-pet-dataset/images/Abyssinian_113.jpg,Abyssinian,cat,0
/kaggle/input/datasets/tanlikesmath/the-oxfordiiit-pet-dataset/images/shiba_inu_195.jpg,shiba_inu,dog,33
/kaggle/input/datasets/tanlikesmath/the-oxfordiiit-pet-dataset/images/scottish_terrier_24.jpg,scottish_terrier,dog,32
/kaggle/input/datasets/tanlikesmath/the-oxfordiiit-pet-dataset/images/great_pyrenees_138.jpg,great_pyrenees,dog,21
/kaggle/input/datasets/tanlikesmath/the-oxfordiiit-pet-dataset/images/boxer_102.jpg,boxer,dog,16
/kaggle/input/datasets/tanlikesmath/the-oxfordiiit-pet-dataset/images/english_cocker_spaniel_67.jpg,english_cocker_spaniel,dog,18
/kaggle/input/datasets/tanlikesmath/the-oxfordiiit-pet-dataset/images/scottish_terrier_2.jpg,scottish_terrier,dog,32
/kaggle/input/datasets/tanlikesmath/the-oxfordiiit-pet-dataset/images/Persian_95.jpg,Persian,cat,7
/kaggle/input/datasets/tanlikesmath/the-oxfordiiit-pet-dataset/images/keeshond_25.jpg,keeshond,dog,24
/kaggle/input/datasets/tanlikesmath/the-oxfordiiit-pet-dataset/images/Bengal_102.jpg,Bengal,cat,1
/kaggle/input/datasets/tanlikesmath/the-oxfordiiit-pet-dataset/images/newfoundland_55.jpg,newfoundland,dog,27
/kaggle/input/datasets/tanlikesmath/the-oxfordiiit-pet-dataset/images/scottish_terrier_185.jpg,scottish_terrier,dog,32
/kaggle/input/datasets/tanlikesmath/the-oxfordiiit-pet-dataset/images/Birman_155.jpg,Birman,cat,2
/kaggle/input/datasets/tanlikesmath/the-oxfordiiit-pet-dataset/images/Maine_Coon_75.jpg,Maine_Coon,cat,6
/kaggle/input/datasets/tanlikesmath/the-oxfordiiit-pet-dataset/images/newfoundland_186.jpg,newfoundland,dog,27
/kaggle/input/datasets/tanlikesmath/the-oxfordiiit-pet-dataset/images/wheaten_terrier_150.jpg,wheaten_terrier,dog,35
/kaggle/input/datasets/tanlikesmath/the-oxfordiiit-pet-dataset/images/keeshond_192.jpg,keeshond,dog,24
/kaggle/input/datasets/tanlikesmath/the-oxfordiiit-pet-dataset/images/staffordshire_bull_terrier_104.jpg,staffordshire_bull_terrier,dog,34
/kaggle/input/datasets/tanlikesmath/the-oxfordiiit-pet-dataset/images/Russian_Blue_150.jpg,Russian_Blue,cat,9
/kaggle/input/datasets/tanlikesmath/the-oxfordiiit-pet-dataset/images/keeshond_55.jpg,keeshond,dog,24
/kaggle/input/datasets/tanlikesmath/the-oxfordiiit-pet-dataset/images/beagle_147.jpg,beagle,dog,15
/kaggle/input/datasets/tanlikesmath/the-oxfordiiit-pet-dataset/images/basset_hound_5.jpg,basset_hound,dog,14
/kaggle/input/datasets/tanlikesmath/the-oxfordiiit-pet-dataset/images/Bombay_94.jpg,Bombay,cat,3
/kaggle/input/datasets/tanlikesmath/the-oxfordiiit-pet-dataset/images/Birman_119.jpg,Birman,cat,2
/kaggle/input/datasets/tanlikesmath/the-oxfordiiit-pet-dataset/images/Maine_Coon_204.jpg,Maine_Coon,cat,6
/kaggle/input/datasets/tanlikesmath/the-oxfordiiit-pet-dataset/images/miniature_pinscher_170.jpg,miniature_pinscher,dog,26
/kaggle/input/datasets/tanlikesmath/the-oxfordiiit-pet-dataset/images/staffordshire_bull_terrier_87.jpg,staffordshire_bull_terrier,dog,34
/kaggle/input/datasets/tanlikesmath/the-oxfordiiit-pet-dataset/images/chihuahua_83.jpg,chihuahua,dog,17
/kaggle/input/datasets/tanlikesmath/the-oxfordiiit-pet-dataset/images/newfoundland_146.jpg,newfoundland,dog,27
/kaggle/input/datasets/tanlikesmath/the-oxfordiiit-pet-dataset/images/pomeranian_147.jpg,pomeranian,dog,28
/kaggle/input/datasets/tanlikesmath/the-oxfordiiit-pet-dataset/images/British_Shorthair_93.jpg,British_Shorthair,cat,4
/kaggle/input/datasets/tanlikesmath/the-oxfordiiit-pet-dataset/images/havanese_38.jpg,havanese,dog,22
/kaggle/input/datasets/tanlikesmath/the-oxfordiiit-pet-dataset/images/wheaten_terrier_18.jpg,wheaten_terrier,dog,35
/kaggle/input/datasets/tanlikesmath/the-oxfordiiit-pet-dataset/images/British_Shorthair_71.jpg,British_Shorthair,cat,4
/kaggle/input/datasets/tanlikesmath/the-oxfordiiit-pet-dataset/images/newfoundland_38.jpg,newfoundland,dog,27
/kaggle/input/datasets/tanlikesmath/the-oxfordiiit-pet-dataset/images/japanese_chin_180.jpg,japanese_chin,dog,23
/kaggle/input/datasets/tanlikesmath/the-oxfordiiit-pet-dataset/images/samoyed_184.jpg,samoyed,dog,31
/kaggle/input/datasets/tanlikesmath/the-oxfordiiit-pet-dataset/images/newfoundland_106.jpg,newfoundland,dog,27
/kaggle/input/datasets/tanlikesmath/the-oxfordiiit-pet-dataset/images/wheaten_terrier_37.jpg,wheaten_terrier,dog,35
/kaggle/input/datasets/tanlikesmath/the-oxfordiiit-pet-dataset/images/Bengal_200.jpg,Bengal,cat,1
/kaggle/input/datasets/tanlikesmath/the-oxfordiiit-pet-dataset/images/beagle_131.jpg,beagle,dog,15
/kaggle/input/datasets/tanlikesmath/the-oxfordiiit-pet-dataset/images/basset_hound_198.jpg,basset_hound,dog,14
/kaggle/input/datasets/tanlikesmath/the-oxfordiiit-pet-dataset/images/pug_133.jpg,pug,dog,29
/kaggle/input/datasets/tanlikesmath/the-oxfordiiit-pet-dataset/images/saint_bernard_157.jpg,saint_bernard,dog,30
/kaggle/input/datasets/tanlikesmath/the-oxfordiiit-pet-dataset/images/Bombay_148.jpg,Bombay,cat,3
/kaggle/input/datasets/tanlikesmath/the-oxfordiiit-pet-dataset/images/Bengal_107.jpg,Bengal,cat,1
/kaggle/input/datasets/tanlikesmath/the-oxfordiiit-pet-dataset/images/american_pit_bull_terrier_131.jpg,american_pit_bull_terrier,dog,13
/kaggle/input/datasets/tanlikesmath/the-oxfordiiit-pet-dataset/images/yorkshire_terrier_152.jpg,yorkshire_terrier,dog,36
/kaggle/input/datasets/tanlikesmath/the-oxfordiiit-pet-dataset/images/Maine_Coon_271.jpg,Maine_Coon,cat,6
/kaggle/input/datasets/tanlikesmath/the-oxfordiiit-pet-dataset/images/Sphynx_24.jpg,Sphynx,cat,11
/kaggle/input/datasets/tanlikesmath/the-oxfordiiit-pet-dataset/images/staffordshire_bull_terrier_2.jpg,staffordshire_bull_terrier,dog,34
/kaggle/input/datasets/tanlikesmath/the-oxfordiiit-pet-dataset/images/english_cocker_spaniel_111.jpg,english_cocker_spaniel,dog,18
/kaggle/input/datasets/tanlikesmath/the-oxfordiiit-pet-dataset/images/japanese_chin_78.jpg,japanese_chin,dog,23
/kaggle/input/datasets/tanlikesmath/the-oxfordiiit-pet-dataset/images/Abyssinian_205.jpg,Abyssinian,cat,0
/kaggle/input/datasets/tanlikesmath/the-oxfordiiit-pet-dataset/images/Egyptian_Mau_167.jpg,Egyptian_Mau,cat,5
/kaggle/input/datasets/tanlikesmath/the-oxfordiiit-pet-dataset/images/beagle_70.jpg,beagle,dog,15
/kaggle/input/datasets/tanlikesmath/the-oxfordiiit-pet-dataset/images/Birman_122.jpg,Birman,cat,2
/kaggle/input/datasets/tanlikesmath/the-oxfordiiit-pet-dataset/images/leonberger_33.jpg,leonberger,dog,25
/kaggle/input/datasets/tanlikesmath/the-oxfordiiit-pet-dataset/images/Egyptian_Mau_100.jpg,Egyptian_Mau,cat,5
/kaggle/input/datasets/tanlikesmath/the-oxfordiiit-pet-dataset/images/Birman_138.jpg,Birman,cat,2
/kaggle/input/datasets/tanlikesmath/the-oxfordiiit-pet-dataset/images/British_Shorthair_94.jpg,British_Shorthair,cat,4
/kaggle/input/datasets/tanlikesmath/the-oxfordiiit-pet-dataset/images/samoyed_183.jpg,samoyed,dog,31
/kaggle/input/datasets/tanlikesmath/the-oxfordiiit-pet-dataset/images/staffordshire_bull_terrier_18.jpg,staffordshire_bull_terrier,dog,34
/kaggle/input/datasets/tanlikesmath/the-oxfordiiit-pet-dataset/images/scottish_terrier_102.jpg,scottish_terrier,dog,32
/kaggle/input/datasets/tanlikesmath/the-oxfordiiit-pet-dataset/images/miniature_pinscher_90.jpg,miniature_pinscher,dog,26
/kaggle/input/datasets/tanlikesmath/the-oxfordiiit-pet-dataset/images/newfoundland_171.jpg,newfoundland,dog,27
/kaggle/input/datasets/tanlikesmath/the-oxfordiiit-pet-dataset/images/Birman_55.jpg,Birman,cat,2
/kaggle/input/datasets/tanlikesmath/the-oxfordiiit-pet-dataset/images/scottish_terrier_61.jpg,scottish_terrier,dog,32
/kaggle/input/datasets/tanlikesmath/the-oxfordiiit-pet-dataset/images/pug_57.jpg,pug,dog,29
/kaggle/input/datasets/tanlikesmath/the-oxfordiiit-pet-dataset/images/Bombay_64.jpg,Bombay,cat,3
/kaggle/input/datasets/tanlikesmath/the-oxfordiiit-pet-dataset/images/german_shorthaired_144.jpg,german_shorthaired,dog,20
/kaggle/input/datasets/tanlikesmath/the-oxfordiiit-pet-dataset/images/english_cocker_spaniel_174.jpg,english_cocker_spaniel,dog,18
/kaggle/input/datasets/tanlikesmath/the-oxfordiiit-pet-dataset/images/chihuahua_50.jpg,chihuahua,dog,17
/kaggle/input/datasets/tanlikesmath/the-oxfordiiit-pet-dataset/images/Egyptian_Mau_133.jpg,Egyptian_Mau,cat,5
/kaggle/input/datasets/tanlikesmath/the-oxfordiiit-pet-dataset/images/great_pyrenees_175.jpg,great_pyrenees,dog,21
/kaggle/input/datasets/tanlikesmath/the-oxfordiiit-pet-dataset/images/saint_bernard_136.jpg,saint_bernard,dog,30
/kaggle/input/datasets/tanlikesmath/the-oxfordiiit-pet-dataset/images/staffordshire_bull_terrier_79.jpg,staffordshire_bull_terrier,dog,34
/kaggle/input/datasets/tanlikesmath/the-oxfordiiit-pet-dataset/images/staffordshire_bull_terrier_76.jpg,staffordshire_bull_terrier,dog,34
/kaggle/input/datasets/tanlikesmath/the-oxfordiiit-pet-dataset/images/basset_hound_77.jpg,basset_hound,dog,14
/kaggle/input/datasets/tanlikesmath/the-oxfordiiit-pet-dataset/images/staffordshire_bull_terrier_68.jpg,staffordshire_bull_terrier,dog,34
/kaggle/input/datasets/tanlikesmath/the-oxfordiiit-pet-dataset/images/keeshond_15.jpg,keeshond,dog,24
/kaggle/input/datasets/tanlikesmath/the-oxfordiiit-pet-dataset/images/shiba_inu_107.jpg,shiba_inu,dog,33
/kaggle/input/datasets/tanlikesmath/the-oxfordiiit-pet-dataset/images/yorkshire_terrier_105.jpg,yorkshire_terrier,dog,36
/kaggle/input/datasets/tanlikesmath/the-oxfordiiit-pet-dataset/images/basset_hound_145.jpg,basset_hound,dog,14
/kaggle/input/datasets/tanlikesmath/the-oxfordiiit-pet-dataset/images/leonberger_109.jpg,leonberger,dog,25
/kaggle/input/datasets/tanlikesmath/the-oxfordiiit-pet-dataset/images/Sphynx_250.jpg,Sphynx,cat,11
/kaggle/input/datasets/tanlikesmath/the-oxfordiiit-pet-dataset/images/yorkshire_terrier_39.jpg,yorkshire_terrier,dog,36
/kaggle/input/datasets/tanlikesmath/the-oxfordiiit-pet-dataset/images/japanese_chin_156.jpg,japanese_chin,dog,23
/kaggle/input/datasets/tanlikesmath/the-oxfordiiit-pet-dataset/images/samoyed_87.jpg,samoyed,dog,31
/kaggle/input/datasets/tanlikesmath/the-oxfordiiit-pet-dataset/images/american_pit_bull_terrier_160.jpg,american_pit_bull_terrier,dog,13
/kaggle/input/datasets/tanlikesmath/the-oxfordiiit-pet-dataset/images/Ragdoll_110.jpg,Ragdoll,cat,8
/kaggle/input/datasets/tanlikesmath/the-oxfordiiit-pet-dataset/images/Maine_Coon_70.jpg,Maine_Coon,cat,6
/kaggle/input/datasets/tanlikesmath/the-oxfordiiit-pet-dataset/images/english_cocker_spaniel_96.jpg,english_cocker_spaniel,dog,18
/kaggle/input/datasets/tanlikesmath/the-oxfordiiit-pet-dataset/images/boxer_24.jpg,boxer,dog,16
/kaggle/input/datasets/tanlikesmath/the-oxfordiiit-pet-dataset/images/saint_bernard_183.jpg,saint_bernard,dog,30
/kaggle/input/datasets/tanlikesmath/the-oxfordiiit-pet-dataset/images/saint_bernard_182.jpg,saint_bernard,dog,30
/kaggle/input/datasets/tanlikesmath/the-oxfordiiit-pet-dataset/images/pug_40.jpg,pug,dog,29
/kaggle/input/datasets/tanlikesmath/the-oxfordiiit-pet-dataset/images/leonberger_81.jpg,leonberger,dog,25
/kaggle/input/datasets/tanlikesmath/the-oxfordiiit-pet-dataset/images/chihuahua_123.jpg,chihuahua,dog,17
/kaggle/input/datasets/tanlikesmath/the-oxfordiiit-pet-dataset/images/newfoundland_153.jpg,newfoundland,dog,27
/kaggle/input/datasets/tanlikesmath/the-oxfordiiit-pet-dataset/images/yorkshire_terrier_198.jpg,yorkshire_terrier,dog,36
/kaggle/input/datasets/tanlikesmath/the-oxfordiiit-pet-dataset/images/Siamese_80.jpg,Siamese,cat,10
/kaggle/input/datasets/tanlikesmath/the-oxfordiiit-pet-dataset/images/pomeranian_151.jpg,pomeranian,dog,28
/kaggle/input/datasets/tanlikesmath/the-oxfordiiit-pet-dataset/images/american_pit_bull_terrier_111.jpg,american_pit_bull_terrier,dog,13
/kaggle/input/datasets/tanlikesmath/the-oxfordiiit-pet-dataset/images/great_pyrenees_42.jpg,great_pyrenees,dog,21
/kaggle/input/datasets/tanlikesmath/the-oxfordiiit-pet-dataset/images/Abyssinian_165.jpg,Abyssinian,cat,0
/kaggle/input/datasets/tanlikesmath/the-oxfordiiit-pet-dataset/images/scottish_terrier_170.jpg,scottish_terrier,dog,32
/kaggle/input/datasets/tanlikesmath/the-oxfordiiit-pet-dataset/images/Maine_Coon_85.jpg,Maine_Coon,cat,6
/kaggle/input/datasets/tanlikesmath/the-oxfordiiit-pet-dataset/images/Russian_Blue_124.jpg,Russian_Blue,cat,9
/kaggle/input/datasets/tanlikesmath/the-oxfordiiit-pet-dataset/images/Sphynx_121.jpg,Sphynx,cat,11
/kaggle/input/datasets/tanlikesmath/the-oxfordiiit-pet-dataset/images/havanese_88.jpg,havanese,dog,22
/kaggle/input/datasets/tanlikesmath/the-oxfordiiit-pet-dataset/images/Egyptian_Mau_81.jpg,Egyptian_Mau,cat,5
/kaggle/input/datasets/tanlikesmath/the-oxfordiiit-pet-dataset/images/wheaten_terrier_149.jpg,wheaten_terrier,dog,35
/kaggle/input/datasets/tanlikesmath/the-oxfordiiit-pet-dataset/images/yorkshire_terrier_87.jpg,yorkshire_terrier,dog,36
/kaggle/input/datasets/tanlikesmath/the-oxfordiiit-pet-dataset/images/beagle_154.jpg,beagle,dog,15
/kaggle/input/datasets/tanlikesmath/the-oxfordiiit-pet-dataset/images/scottish_terrier_8.jpg,scottish_terrier,dog,32
/kaggle/input/datasets/tanlikesmath/the-oxfordiiit-pet-dataset/images/havanese_186.jpg,havanese,dog,22
/kaggle/input/datasets/tanlikesmath/the-oxfordiiit-pet-dataset/images/miniature_pinscher_172.jpg,miniature_pinscher,dog,26
/kaggle/input/datasets/tanlikesmath/the-oxfordiiit-pet-dataset/images/chihuahua_190.jpg,chihuahua,dog,17
/kaggle/input/datasets/tanlikesmath/the-oxfordiiit-pet-dataset/images/Egyptian_Mau_138.jpg,Egyptian_Mau,cat,5
/kaggle/input/datasets/tanlikesmath/the-oxfordiiit-pet-dataset/images/newfoundland_77.jpg,newfoundland,dog,27
/kaggle/input/datasets/tanlikesmath/the-oxfordiiit-pet-dataset/images/Birman_146.jpg,Birman,cat,2
/kaggle/input/datasets/tanlikesmath/the-oxfordiiit-pet-dataset/images/Persian_165.jpg,Persian,cat,7
/kaggle/input/datasets/tanlikesmath/the-oxfordiiit-pet-dataset/images/wheaten_terrier_154.jpg,wheaten_terrier,dog,35
/kaggle/input/datasets/tanlikesmath/the-oxfordiiit-pet-dataset/images/yorkshire_terrier_88.jpg,yorkshire_terrier,dog,36
/kaggle/input/datasets/tanlikesmath/the-oxfordiiit-pet-dataset/images/english_cocker_spaniel_123.jpg,english_cocker_spaniel,dog,18
/kaggle/input/datasets/tanlikesmath/the-oxfordiiit-pet-dataset/images/american_pit_bull_terrier_155.jpg,american_pit_bull_terrier,dog,13
/kaggle/input/datasets/tanlikesmath/the-oxfordiiit-pet-dataset/images/newfoundland_65.jpg,newfoundland,dog,27
/kaggle/input/datasets/tanlikesmath/the-oxfordiiit-pet-dataset/images/Persian_175.jpg,Persian,cat,7
/kaggle/input/datasets/tanlikesmath/the-oxfordiiit-pet-dataset/images/great_pyrenees_75.jpg,great_pyrenees,dog,21
/kaggle/input/datasets/tanlikesmath/the-oxfordiiit-pet-dataset/images/beagle_96.jpg,beagle,dog,15
/kaggle/input/datasets/tanlikesmath/the-oxfordiiit-pet-dataset/images/american_pit_bull_terrier_35.jpg,american_pit_bull_terrier,dog,13
/kaggle/input/datasets/tanlikesmath/the-oxfordiiit-pet-dataset/images/leonberger_23.jpg,leonberger,dog,25
/kaggle/input/datasets/tanlikesmath/the-oxfordiiit-pet-dataset/images/British_Shorthair_210.jpg,British_Shorthair,cat,4
/kaggle/input/datasets/tanlikesmath/the-oxfordiiit-pet-dataset/images/Russian_Blue_142.jpg,Russian_Blue,cat,9
/kaggle/input/datasets/tanlikesmath/the-oxfordiiit-pet-dataset/images/British_Shorthair_84.jpg,British_Shorthair,cat,4
/kaggle/input/datasets/tanlikesmath/the-oxfordiiit-pet-dataset/images/Maine_Coon_176.jpg,Maine_Coon,cat,6
/kaggle/input/datasets/tanlikesmath/the-oxfordiiit-pet-dataset/images/beagle_80.jpg,beagle,dog,15
/kaggle/input/datasets/tanlikesmath/the-oxfordiiit-pet-dataset/images/miniature_pinscher_186.jpg,miniature_pinscher,dog,26
/kaggle/input/datasets/tanlikesmath/the-oxfordiiit-pet-dataset/images/Sphynx_196.jpg,Sphynx,cat,11
/kaggle/input/datasets/tanlikesmath/the-oxfordiiit-pet-dataset/images/Persian_77.jpg,Persian,cat,7
/kaggle/input/datasets/tanlikesmath/the-oxfordiiit-pet-dataset/images/Siamese_56.jpg,Siamese,cat,10
/kaggle/input/datasets/tanlikesmath/the-oxfordiiit-pet-dataset/images/Ragdoll_3.jpg,Ragdoll,cat,8
/kaggle/input/datasets/tanlikesmath/the-oxfordiiit-pet-dataset/images/saint_bernard_197.jpg,saint_bernard,dog,30
/kaggle/input/datasets/tanlikesmath/the-oxfordiiit-pet-dataset/images/British_Shorthair_230.jpg,British_Shorthair,cat,4
/kaggle/input/datasets/tanlikesmath/the-oxfordiiit-pet-dataset/images/Sphynx_70.jpg,Sphynx,cat,11
/kaggle/input/datasets/tanlikesmath/the-oxfordiiit-pet-dataset/images/Ragdoll_29.jpg,Ragdoll,cat,8
/kaggle/input/datasets/tanlikesmath/the-oxfordiiit-pet-dataset/images/german_shorthaired_44.jpg,german_shorthaired,dog,20
/kaggle/input/datasets/tanlikesmath/the-oxfordiiit-pet-dataset/images/leonberger_12.jpg,leonberger,dog,25
/kaggle/input/datasets/tanlikesmath/the-oxfordiiit-pet-dataset/images/Bengal_98.jpg,Bengal,cat,1
/kaggle/input/datasets/tanlikesmath/the-oxfordiiit-pet-dataset/images/miniature_pinscher_5.jpg,miniature_pinscher,dog,26
/kaggle/input/datasets/tanlikesmath/the-oxfordiiit-pet-dataset/images/scottish_terrier_74.jpg,scottish_terrier,dog,32
/kaggle/input/datasets/tanlikesmath/the-oxfordiiit-pet-dataset/images/pug_190.jpg,pug,dog,29
/kaggle/input/datasets/tanlikesmath/the-oxfordiiit-pet-dataset/images/Bengal_130.jpg,Bengal,cat,1
/kaggle/input/datasets/tanlikesmath/the-oxfordiiit-pet-dataset/images/japanese_chin_150.jpg,japanese_chin,dog,23
/kaggle/input/datasets/tanlikesmath/the-oxfordiiit-pet-dataset/images/chihuahua_44.jpg,chihuahua,dog,17
/kaggle/input/datasets/tanlikesmath/the-oxfordiiit-pet-dataset/images/saint_bernard_85.jpg,saint_bernard,dog,30
/kaggle/input/datasets/tanlikesmath/the-oxfordiiit-pet-dataset/images/newfoundland_10.jpg,newfoundland,dog,27
/kaggle/input/datasets/tanlikesmath/the-oxfordiiit-pet-dataset/images/Russian_Blue_180.jpg,Russian_Blue,cat,9
/kaggle/input/datasets/tanlikesmath/the-oxfordiiit-pet-dataset/images/staffordshire_bull_terrier_26.jpg,staffordshire_bull_terrier,dog,34
/kaggle/input/datasets/tanlikesmath/the-oxfordiiit-pet-dataset/images/pomeranian_124.jpg,pomeranian,dog,28
/kaggle/input/datasets/tanlikesmath/the-oxfordiiit-pet-dataset/images/yorkshire_terrier_162.jpg,yorkshire_terrier,dog,36
/kaggle/input/datasets/tanlikesmath/the-oxfordiiit-pet-dataset/images/Bengal_88.jpg,Bengal,cat,1
/kaggle/input/datasets/tanlikesmath/the-oxfordiiit-pet-dataset/images/shiba_inu_116.jpg,shiba_inu,dog,33
/kaggle/input/datasets/tanlikesmath/the-oxfordiiit-pet-dataset/images/havanese_58.jpg,havanese,dog,22
/kaggle/input/datasets/tanlikesmath/the-oxfordiiit-pet-dataset/images/pug_29.jpg,pug,dog,29
/kaggle/input/datasets/tanlikesmath/the-oxfordiiit-pet-dataset/images/pug_116.jpg,pug,dog,29
/kaggle/input/datasets/tanlikesmath/the-oxfordiiit-pet-dataset/images/american_pit_bull_terrier_129.jpg,american_pit_bull_terrier,dog,13
/kaggle/input/datasets/tanlikesmath/the-oxfordiiit-pet-dataset/images/Sphynx_43.jpg,Sphynx,cat,11
/kaggle/input/datasets/tanlikesmath/the-oxfordiiit-pet-dataset/images/Russian_Blue_55.jpg,Russian_Blue,cat,9
/kaggle/input/datasets/tanlikesmath/the-oxfordiiit-pet-dataset/images/leonberger_5.jpg,leonberger,dog,25
/kaggle/input/datasets/tanlikesmath/the-oxfordiiit-pet-dataset/images/saint_bernard_96.jpg,saint_bernard,dog,30
/kaggle/input/datasets/tanlikesmath/the-oxfordiiit-pet-dataset/images/newfoundland_175.jpg,newfoundland,dog,27
/kaggle/input/datasets/tanlikesmath/the-oxfordiiit-pet-dataset/images/japanese_chin_45.jpg,japanese_chin,dog,23
/kaggle/input/datasets/tanlikesmath/the-oxfordiiit-pet-dataset/images/boxer_46.jpg,boxer,dog,16
/kaggle/input/datasets/tanlikesmath/the-oxfordiiit-pet-dataset/images/german_shorthaired_151.jpg,german_shorthaired,dog,20
/kaggle/input/datasets/tanlikesmath/the-oxfordiiit-pet-dataset/images/saint_bernard_83.jpg,saint_bernard,dog,30
/kaggle/input/datasets/tanlikesmath/the-oxfordiiit-pet-dataset/images/basset_hound_14.jpg,basset_hound,dog,14
/kaggle/input/datasets/tanlikesmath/the-oxfordiiit-pet-dataset/images/english_cocker_spaniel_86.jpg,english_cocker_spaniel,dog,18
/kaggle/input/datasets/tanlikesmath/the-oxfordiiit-pet-dataset/images/Birman_7.jpg,Birman,cat,2
/kaggle/input/datasets/tanlikesmath/the-oxfordiiit-pet-dataset/images/Russian_Blue_216.jpg,Russian_Blue,cat,9
/kaggle/input/datasets/tanlikesmath/the-oxfordiiit-pet-dataset/images/japanese_chin_149.jpg,japanese_chin,dog,23
/kaggle/input/datasets/tanlikesmath/the-oxfordiiit-pet-dataset/images/scottish_terrier_27.jpg,scottish_terrier,dog,32
/kaggle/input/datasets/tanlikesmath/the-oxfordiiit-pet-dataset/images/Egyptian_Mau_160.jpg,Egyptian_Mau,cat,5
/kaggle/input/datasets/tanlikesmath/the-oxfordiiit-pet-dataset/images/japanese_chin_29.jpg,japanese_chin,dog,23
/kaggle/input/datasets/tanlikesmath/the-oxfordiiit-pet-dataset/images/Maine_Coon_91.jpg,Maine_Coon,cat,6
/kaggle/input/datasets/tanlikesmath/the-oxfordiiit-pet-dataset/images/Bengal_49.jpg,Bengal,cat,1
/kaggle/input/datasets/tanlikesmath/the-oxfordiiit-pet-dataset/images/samoyed_176.jpg,samoyed,dog,31
/kaggle/input/datasets/tanlikesmath/the-oxfordiiit-pet-dataset/images/beagle_170.jpg,beagle,dog,15
/kaggle/input/datasets/tanlikesmath/the-oxfordiiit-pet-dataset/images/basset_hound_90.jpg,basset_hound,dog,14
/kaggle/input/datasets/tanlikesmath/the-oxfordiiit-pet-dataset/images/german_shorthaired_143.jpg,german_shorthaired,dog,20
/kaggle/input/datasets/tanlikesmath/the-oxfordiiit-pet-dataset/images/pomeranian_48.jpg,pomeranian,dog,28
/kaggle/input/datasets/tanlikesmath/the-oxfordiiit-pet-dataset/images/havanese_148.jpg,havanese,dog,22
/kaggle/input/datasets/tanlikesmath/the-oxfordiiit-pet-dataset/images/Maine_Coon_180.jpg,Maine_Coon,cat,6
/kaggle/input/datasets/tanlikesmath/the-oxfordiiit-pet-dataset/images/pug_81.jpg,pug,dog,29
/kaggle/input/datasets/tanlikesmath/the-oxfordiiit-pet-dataset/images/Bombay_127.jpg,Bombay,cat,3
/kaggle/input/datasets/tanlikesmath/the-oxfordiiit-pet-dataset/images/chihuahua_60.jpg,chihuahua,dog,17
/kaggle/input/datasets/tanlikesmath/the-oxfordiiit-pet-dataset/images/pug_178.jpg,pug,dog,29
/kaggle/input/datasets/tanlikesmath/the-oxfordiiit-pet-dataset/images/Abyssinian_146.jpg,Abyssinian,cat,0
/kaggle/input/datasets/tanlikesmath/the-oxfordiiit-pet-dataset/images/shiba_inu_122.jpg,shiba_inu,dog,33
/kaggle/input/datasets/tanlikesmath/the-oxfordiiit-pet-dataset/images/shiba_inu_9.jpg,shiba_inu,dog,33
/kaggle/input/datasets/tanlikesmath/the-oxfordiiit-pet-dataset/images/boxer_60.jpg,boxer,dog,16
/kaggle/input/datasets/tanlikesmath/the-oxfordiiit-pet-dataset/images/samoyed_49.jpg,samoyed,dog,31
/kaggle/input/datasets/tanlikesmath/the-oxfordiiit-pet-dataset/images/pomeranian_179.jpg,pomeranian,dog,28
/kaggle/input/datasets/tanlikesmath/the-oxfordiiit-pet-dataset/images/Abyssinian_11.jpg,Abyssinian,cat,0
/kaggle/input/datasets/tanlikesmath/the-oxfordiiit-pet-dataset/images/german_shorthaired_156.jpg,german_shorthaired,dog,20
/kaggle/input/datasets/tanlikesmath/the-oxfordiiit-pet-dataset/images/yorkshire_terrier_127.jpg,yorkshire_terrier,dog,36
/kaggle/input/datasets/tanlikesmath/the-oxfordiiit-pet-dataset/images/great_pyrenees_88.jpg,great_pyrenees,dog,21
/kaggle/input/datasets/tanlikesmath/the-oxfordiiit-pet-dataset/images/Bengal_167.jpg,Bengal,cat,1
/kaggle/input/datasets/tanlikesmath/the-oxfordiiit-pet-dataset/images/chihuahua_192.jpg,chihuahua,dog,17
/kaggle/input/datasets/tanlikesmath/the-oxfordiiit-pet-dataset/images/chihuahua_5.jpg,chihuahua,dog,17
/kaggle/input/datasets/tanlikesmath/the-oxfordiiit-pet-dataset/images/Maine_Coon_16.jpg,Maine_Coon,cat,6
/kaggle/input/datasets/tanlikesmath/the-oxfordiiit-pet-dataset/images/chihuahua_58.jpg,chihuahua,dog,17
/kaggle/input/datasets/tanlikesmath/the-oxfordiiit-pet-dataset/images/scottish_terrier_89.jpg,scottish_terrier,dog,32
/kaggle/input/datasets/tanlikesmath/the-oxfordiiit-pet-dataset/images/Bengal_147.jpg,Bengal,cat,1
/kaggle/input/datasets/tanlikesmath/the-oxfordiiit-pet-dataset/images/pomeranian_45.jpg,pomeranian,dog,28
/kaggle/input/datasets/tanlikesmath/the-oxfordiiit-pet-dataset/images/samoyed_40.jpg,samoyed,dog,31
/kaggle/input/datasets/tanlikesmath/the-oxfordiiit-pet-dataset/images/Bengal_122.jpg,Bengal,cat,1
/kaggle/input/datasets/tanlikesmath/the-oxfordiiit-pet-dataset/images/Bombay_59.jpg,Bombay,cat,3
/kaggle/input/datasets/tanlikesmath/the-oxfordiiit-pet-dataset/images/wheaten_terrier_163.jpg,wheaten_terrier,dog,35
/kaggle/input/datasets/tanlikesmath/the-oxfordiiit-pet-dataset/images/Abyssinian_80.jpg,Abyssinian,cat,0
/kaggle/input/datasets/tanlikesmath/the-oxfordiiit-pet-dataset/images/keeshond_118.jpg,keeshond,dog,24
/kaggle/input/datasets/tanlikesmath/the-oxfordiiit-pet-dataset/images/staffordshire_bull_terrier_112.jpg,staffordshire_bull_terrier,dog,34
/kaggle/input/datasets/tanlikesmath/the-oxfordiiit-pet-dataset/images/german_shorthaired_138.jpg,german_shorthaired,dog,20
/kaggle/input/datasets/tanlikesmath/the-oxfordiiit-pet-dataset/images/saint_bernard_196.jpg,saint_bernard,dog,30
/kaggle/input/datasets/tanlikesmath/the-oxfordiiit-pet-dataset/images/great_pyrenees_20.jpg,great_pyrenees,dog,21
/kaggle/input/datasets/tanlikesmath/the-oxfordiiit-pet-dataset/images/Bombay_55.jpg,Bombay,cat,3
/kaggle/input/datasets/tanlikesmath/the-oxfordiiit-pet-dataset/images/Ragdoll_164.jpg,Ragdoll,cat,8
/kaggle/input/datasets/tanlikesmath/the-oxfordiiit-pet-dataset/images/basset_hound_118.jpg,basset_hound,dog,14
/kaggle/input/datasets/tanlikesmath/the-oxfordiiit-pet-dataset/images/shiba_inu_159.jpg,shiba_inu,dog,33
/kaggle/input/datasets/tanlikesmath/the-oxfordiiit-pet-dataset/images/yorkshire_terrier_48.jpg,yorkshire_terrier,dog,36
/kaggle/input/datasets/tanlikesmath/the-oxfordiiit-pet-dataset/images/Sphynx_182.jpg,Sphynx,cat,11
/kaggle/input/datasets/tanlikesmath/the-oxfordiiit-pet-dataset/images/saint_bernard_77.jpg,saint_bernard,dog,30
/kaggle/input/datasets/tanlikesmath/the-oxfordiiit-pet-dataset/images/Sphynx_111.jpg,Sphynx,cat,11
/kaggle/input/datasets/tanlikesmath/the-oxfordiiit-pet-dataset/images/keeshond_54.jpg,keeshond,dog,24
/kaggle/input/datasets/tanlikesmath/the-oxfordiiit-pet-dataset/images/keeshond_96.jpg,keeshond,dog,24
/kaggle/input/datasets/tanlikesmath/the-oxfordiiit-pet-dataset/images/British_Shorthair_72.jpg,British_Shorthair,cat,4
/kaggle/input/datasets/tanlikesmath/the-oxfordiiit-pet-dataset/images/Egyptian_Mau_90.jpg,Egyptian_Mau,cat,5
/kaggle/input/datasets/tanlikesmath/the-oxfordiiit-pet-dataset/images/japanese_chin_33.jpg,japanese_chin,dog,23
/kaggle/input/datasets/tanlikesmath/the-oxfordiiit-pet-dataset/images/american_pit_bull_terrier_165.jpg,american_pit_bull_terrier,dog,13
/kaggle/input/datasets/tanlikesmath/the-oxfordiiit-pet-dataset/images/yorkshire_terrier_183.jpg,yorkshire_terrier,dog,36
/kaggle/input/datasets/tanlikesmath/the-oxfordiiit-pet-dataset/images/Birman_182.jpg,Birman,cat,2
/kaggle/input/datasets/tanlikesmath/the-oxfordiiit-pet-dataset/images/chihuahua_127.jpg,chihuahua,dog,17
/kaggle/input/datasets/tanlikesmath/the-oxfordiiit-pet-dataset/images/British_Shorthair_269.jpg,British_Shorthair,cat,4
/kaggle/input/datasets/tanlikesmath/the-oxfordiiit-pet-dataset/images/Egyptian_Mau_25.jpg,Egyptian_Mau,cat,5
/kaggle/input/datasets/tanlikesmath/the-oxfordiiit-pet-dataset/images/scottish_terrier_195.jpg,scottish_terrier,dog,32
/kaggle/input/datasets/tanlikesmath/the-oxfordiiit-pet-dataset/images/keeshond_102.jpg,keeshond,dog,24
/kaggle/input/datasets/tanlikesmath/the-oxfordiiit-pet-dataset/images/newfoundland_49.jpg,newfoundland,dog,27
/kaggle/input/datasets/tanlikesmath/the-oxfordiiit-pet-dataset/images/havanese_157.jpg,havanese,dog,22
/kaggle/input/datasets/tanlikesmath/the-oxfordiiit-pet-dataset/images/miniature_pinscher_164.jpg,miniature_pinscher,dog,26
/kaggle/input/datasets/tanlikesmath/the-oxfordiiit-pet-dataset/images/scottish_terrier_127.jpg,scottish_terrier,dog,32
/kaggle/input/datasets/tanlikesmath/the-oxfordiiit-pet-dataset/images/american_bulldog_44.jpg,american_bulldog,dog,12
/kaggle/input/datasets/tanlikesmath/the-oxfordiiit-pet-dataset/images/japanese_chin_76.jpg,japanese_chin,dog,23
/kaggle/input/datasets/tanlikesmath/the-oxfordiiit-pet-dataset/images/leonberger_95.jpg,leonberger,dog,25
/kaggle/input/datasets/tanlikesmath/the-oxfordiiit-pet-dataset/images/leonberger_134.jpg,leonberger,dog,25
/kaggle/input/datasets/tanlikesmath/the-oxfordiiit-pet-dataset/images/Persian_149.jpg,Persian,cat,7
/kaggle/input/datasets/tanlikesmath/the-oxfordiiit-pet-dataset/images/havanese_57.jpg,havanese,dog,22
/kaggle/input/datasets/tanlikesmath/the-oxfordiiit-pet-dataset/images/chihuahua_82.jpg,chihuahua,dog,17
/kaggle/input/datasets/tanlikesmath/the-oxfordiiit-pet-dataset/images/yorkshire_terrier_34.jpg,yorkshire_terrier,dog,36
/kaggle/input/datasets/tanlikesmath/the-oxfordiiit-pet-dataset/images/samoyed_143.jpg,samoyed,dog,31
/kaggle/input/datasets/tanlikesmath/the-oxfordiiit-pet-dataset/images/Russian_Blue_45.jpg,Russian_Blue,cat,9
/kaggle/input/datasets/tanlikesmath/the-oxfordiiit-pet-dataset/images/Bombay_11.jpg,Bombay,cat,3
/kaggle/input/datasets/tanlikesmath/the-oxfordiiit-pet-dataset/images/american_bulldog_97.jpg,american_bulldog,dog,12
/kaggle/input/datasets/tanlikesmath/the-oxfordiiit-pet-dataset/images/Birman_47.jpg,Birman,cat,2
/kaggle/input/datasets/tanlikesmath/the-oxfordiiit-pet-dataset/images/Russian_Blue_16.jpg,Russian_Blue,cat,9
/kaggle/input/datasets/tanlikesmath/the-oxfordiiit-pet-dataset/images/British_Shorthair_104.jpg,British_Shorthair,cat,4
/kaggle/input/datasets/tanlikesmath/the-oxfordiiit-pet-dataset/images/Ragdoll_228.jpg,Ragdoll,cat,8
/kaggle/input/datasets/tanlikesmath/the-oxfordiiit-pet-dataset/images/Persian_141.jpg,Persian,cat,7
/kaggle/input/datasets/tanlikesmath/the-oxfordiiit-pet-dataset/images/staffordshire_bull_terrier_105.jpg,staffordshire_bull_terrier,dog,34
/kaggle/input/datasets/tanlikesmath/the-oxfordiiit-pet-dataset/images/pug_142.jpg,pug,dog,29
/kaggle/input/datasets/tanlikesmath/the-oxfordiiit-pet-dataset/images/Bengal_140.jpg,Bengal,cat,1
/kaggle/input/datasets/tanlikesmath/the-oxfordiiit-pet-dataset/images/Persian_89.jpg,Persian,cat,7
/kaggle/input/datasets/tanlikesmath/the-oxfordiiit-pet-dataset/images/boxer_83.jpg,boxer,dog,16
/kaggle/input/datasets/tanlikesmath/the-oxfordiiit-pet-dataset/images/miniature_pinscher_18.jpg,miniature_pinscher,dog,26
/kaggle/input/datasets/tanlikesmath/the-oxfordiiit-pet-dataset/images/samoyed_60.jpg,samoyed,dog,31
/kaggle/input/datasets/tanlikesmath/the-oxfordiiit-pet-dataset/images/British_Shorthair_130.jpg,British_Shorthair,cat,4
/kaggle/input/datasets/tanlikesmath/the-oxfordiiit-pet-dataset/images/english_cocker_spaniel_170.jpg,english_cocker_spaniel,dog,18
/kaggle/input/datasets/tanlikesmath/the-oxfordiiit-pet-dataset/images/Siamese_6.jpg,Siamese,cat,10
/kaggle/input/datasets/tanlikesmath/the-oxfordiiit-pet-dataset/images/Ragdoll_56.jpg,Ragdoll,cat,8
/kaggle/input/datasets/tanlikesmath/the-oxfordiiit-pet-dataset/images/Egyptian_Mau_99.jpg,Egyptian_Mau,cat,5
/kaggle/input/datasets/tanlikesmath/the-oxfordiiit-pet-dataset/images/american_bulldog_203.jpg,american_bulldog,dog,12
/kaggle/input/datasets/tanlikesmath/the-oxfordiiit-pet-dataset/images/Bombay_179.jpg,Bombay,cat,3
/kaggle/input/datasets/tanlikesmath/the-oxfordiiit-pet-dataset/images/Persian_184.jpg,Persian,cat,7
/kaggle/input/datasets/tanlikesmath/the-oxfordiiit-pet-dataset/images/american_bulldog_95.jpg,american_bulldog,dog,12
/kaggle/input/datasets/tanlikesmath/the-oxfordiiit-pet-dataset/images/american_pit_bull_terrier_140.jpg,american_pit_bull_terrier,dog,13
/kaggle/input/datasets/tanlikesmath/the-oxfordiiit-pet-dataset/images/samoyed_72.jpg,samoyed,dog,31
/kaggle/input/datasets/tanlikesmath/the-oxfordiiit-pet-dataset/images/Bombay_202.jpg,Bombay,cat,3
/kaggle/input/datasets/tanlikesmath/the-oxfordiiit-pet-dataset/images/japanese_chin_196.jpg,japanese_chin,dog,23
/kaggle/input/datasets/tanlikesmath/the-oxfordiiit-pet-dataset/images/Siamese_50.jpg,Siamese,cat,10
/kaggle/input/datasets/tanlikesmath/the-oxfordiiit-pet-dataset/images/staffordshire_bull_terrier_132.jpg,staffordshire_bull_terrier,dog,34
/kaggle/input/datasets/tanlikesmath/the-oxfordiiit-pet-dataset/images/english_setter_94.jpg,english_setter,dog,19
/kaggle/input/datasets/tanlikesmath/the-oxfordiiit-pet-dataset/images/Egyptian_Mau_182.jpg,Egyptian_Mau,cat,5
/kaggle/input/datasets/tanlikesmath/the-oxfordiiit-pet-dataset/images/great_pyrenees_1.jpg,great_pyrenees,dog,21
/kaggle/input/datasets/tanlikesmath/the-oxfordiiit-pet-dataset/images/great_pyrenees_84.jpg,great_pyrenees,dog,21
/kaggle/input/datasets/tanlikesmath/the-oxfordiiit-pet-dataset/images/great_pyrenees_52.jpg,great_pyrenees,dog,21
/kaggle/input/datasets/tanlikesmath/the-oxfordiiit-pet-dataset/images/staffordshire_bull_terrier_117.jpg,staffordshire_bull_terrier,dog,34
/kaggle/input/datasets/tanlikesmath/the-oxfordiiit-pet-dataset/images/Siamese_151.jpg,Siamese,cat,10
/kaggle/input/datasets/tanlikesmath/the-oxfordiiit-pet-dataset/images/chihuahua_33.jpg,chihuahua,dog,17
/kaggle/input/datasets/tanlikesmath/the-oxfordiiit-pet-dataset/images/Bombay_178.jpg,Bombay,cat,3
/kaggle/input/datasets/tanlikesmath/the-oxfordiiit-pet-dataset/images/Egyptian_Mau_197.jpg,Egyptian_Mau,cat,5
/kaggle/input/datasets/tanlikesmath/the-oxfordiiit-pet-dataset/images/pug_153.jpg,pug,dog,29
/kaggle/input/datasets/tanlikesmath/the-oxfordiiit-pet-dataset/images/samoyed_120.jpg,samoyed,dog,31
/kaggle/input/datasets/tanlikesmath/the-oxfordiiit-pet-dataset/images/newfoundland_170.jpg,newfoundland,dog,27
/kaggle/input/datasets/tanlikesmath/the-oxfordiiit-pet-dataset/images/Birman_74.jpg,Birman,cat,2
/kaggle/input/datasets/tanlikesmath/the-oxfordiiit-pet-dataset/images/german_shorthaired_87.jpg,german_shorthaired,dog,20
/kaggle/input/datasets/tanlikesmath/the-oxfordiiit-pet-dataset/images/newfoundland_22.jpg,newfoundland,dog,27
/kaggle/input/datasets/tanlikesmath/the-oxfordiiit-pet-dataset/images/shiba_inu_181.jpg,shiba_inu,dog,33
/kaggle/input/datasets/tanlikesmath/the-oxfordiiit-pet-dataset/images/Bombay_1.jpg,Bombay,cat,3
/kaggle/input/datasets/tanlikesmath/the-oxfordiiit-pet-dataset/images/Abyssinian_116.jpg,Abyssinian,cat,0
/kaggle/input/datasets/tanlikesmath/the-oxfordiiit-pet-dataset/images/yorkshire_terrier_94.jpg,yorkshire_terrier,dog,36
/kaggle/input/datasets/tanlikesmath/the-oxfordiiit-pet-dataset/images/havanese_50.jpg,havanese,dog,22
/kaggle/input/datasets/tanlikesmath/the-oxfordiiit-pet-dataset/images/english_cocker_spaniel_92.jpg,english_cocker_spaniel,dog,18
/kaggle/input/datasets/tanlikesmath/the-oxfordiiit-pet-dataset/images/english_setter_29.jpg,english_setter,dog,19
/kaggle/input/datasets/tanlikesmath/the-oxfordiiit-pet-dataset/images/Bengal_81.jpg,Bengal,cat,1
/kaggle/input/datasets/tanlikesmath/the-oxfordiiit-pet-dataset/images/pomeranian_140.jpg,pomeranian,dog,28
/kaggle/input/datasets/tanlikesmath/the-oxfordiiit-pet-dataset/images/staffordshire_bull_terrier_115.jpg,staffordshire_bull_terrier,dog,34
/kaggle/input/datasets/tanlikesmath/the-oxfordiiit-pet-dataset/images/shiba_inu_173.jpg,shiba_inu,dog,33
/kaggle/input/datasets/tanlikesmath/the-oxfordiiit-pet-dataset/images/german_shorthaired_25.jpg,german_shorthaired,dog,20
/kaggle/input/datasets/tanlikesmath/the-oxfordiiit-pet-dataset/images/Sphynx_162.jpg,Sphynx,cat,11
/kaggle/input/datasets/tanlikesmath/the-oxfordiiit-pet-dataset/images/Sphynx_141.jpg,Sphynx,cat,11
/kaggle/input/datasets/tanlikesmath/the-oxfordiiit-pet-dataset/images/Bengal_199.jpg,Bengal,cat,1
/kaggle/input/datasets/tanlikesmath/the-oxfordiiit-pet-dataset/images/Russian_Blue_35.jpg,Russian_Blue,cat,9
/kaggle/input/datasets/tanlikesmath/the-oxfordiiit-pet-dataset/images/pomeranian_84.jpg,pomeranian,dog,28
/kaggle/input/datasets/tanlikesmath/the-oxfordiiit-pet-dataset/images/wheaten_terrier_116.jpg,wheaten_terrier,dog,35
/kaggle/input/datasets/tanlikesmath/the-oxfordiiit-pet-dataset/images/miniature_pinscher_111.jpg,miniature_pinscher,dog,26
/kaggle/input/datasets/tanlikesmath/the-oxfordiiit-pet-dataset/images/Birman_50.jpg,Birman,cat,2
/kaggle/input/datasets/tanlikesmath/the-oxfordiiit-pet-dataset/images/german_shorthaired_65.jpg,german_shorthaired,dog,20
/kaggle/input/datasets/tanlikesmath/the-oxfordiiit-pet-dataset/images/keeshond_30.jpg,keeshond,dog,24
/kaggle/input/datasets/tanlikesmath/the-oxfordiiit-pet-dataset/images/Birman_77.jpg,Birman,cat,2
/kaggle/input/datasets/tanlikesmath/the-oxfordiiit-pet-dataset/images/British_Shorthair_185.jpg,British_Shorthair,cat,4
/kaggle/input/datasets/tanlikesmath/the-oxfordiiit-pet-dataset/images/Sphynx_56.jpg,Sphynx,cat,11
/kaggle/input/datasets/tanlikesmath/the-oxfordiiit-pet-dataset/images/British_Shorthair_126.jpg,British_Shorthair,cat,4
/kaggle/input/datasets/tanlikesmath/the-oxfordiiit-pet-dataset/images/great_pyrenees_149.jpg,great_pyrenees,dog,21
/kaggle/input/datasets/tanlikesmath/the-oxfordiiit-pet-dataset/images/english_setter_113.jpg,english_setter,dog,19
/kaggle/input/datasets/tanlikesmath/the-oxfordiiit-pet-dataset/images/samoyed_164.jpg,samoyed,dog,31
/kaggle/input/datasets/tanlikesmath/the-oxfordiiit-pet-dataset/images/great_pyrenees_87.jpg,great_pyrenees,dog,21
/kaggle/input/datasets/tanlikesmath/the-oxfordiiit-pet-dataset/images/leonberger_45.jpg,leonberger,dog,25
/kaggle/input/datasets/tanlikesmath/the-oxfordiiit-pet-dataset/images/havanese_132.jpg,havanese,dog,22
/kaggle/input/datasets/tanlikesmath/the-oxfordiiit-pet-dataset/images/leonberger_106.jpg,leonberger,dog,25
/kaggle/input/datasets/tanlikesmath/the-oxfordiiit-pet-dataset/images/Sphynx_18.jpg,Sphynx,cat,11
/kaggle/input/datasets/tanlikesmath/the-oxfordiiit-pet-dataset/images/great_pyrenees_157.jpg,great_pyrenees,dog,21
/kaggle/input/datasets/tanlikesmath/the-oxfordiiit-pet-dataset/images/keeshond_189.jpg,keeshond,dog,24
/kaggle/input/datasets/tanlikesmath/the-oxfordiiit-pet-dataset/images/german_shorthaired_36.jpg,german_shorthaired,dog,20
/kaggle/input/datasets/tanlikesmath/the-oxfordiiit-pet-dataset/images/Siamese_193.jpg,Siamese,cat,10
/kaggle/input/datasets/tanlikesmath/the-oxfordiiit-pet-dataset/images/staffordshire_bull_terrier_27.jpg,staffordshire_bull_terrier,dog,34
/kaggle/input/datasets/tanlikesmath/the-oxfordiiit-pet-dataset/images/Persian_153.jpg,Persian,cat,7
/kaggle/input/datasets/tanlikesmath/the-oxfordiiit-pet-dataset/images/Egyptian_Mau_43.jpg,Egyptian_Mau,cat,5
/kaggle/input/datasets/tanlikesmath/the-oxfordiiit-pet-dataset/images/samoyed_17.jpg,samoyed,dog,31
/kaggle/input/datasets/tanlikesmath/the-oxfordiiit-pet-dataset/images/american_pit_bull_terrier_64.jpg,american_pit_bull_terrier,dog,13
/kaggle/input/datasets/tanlikesmath/the-oxfordiiit-pet-dataset/images/yorkshire_terrier_2.jpg,yorkshire_terrier,dog,36
/kaggle/input/datasets/tanlikesmath/the-oxfordiiit-pet-dataset/images/scottish_terrier_28.jpg,scottish_terrier,dog,32
/kaggle/input/datasets/tanlikesmath/the-oxfordiiit-pet-dataset/images/pomeranian_56.jpg,pomeranian,dog,28
/kaggle/input/datasets/tanlikesmath/the-oxfordiiit-pet-dataset/images/beagle_173.jpg,beagle,dog,15
/kaggle/input/datasets/tanlikesmath/the-oxfordiiit-pet-dataset/images/keeshond_128.jpg,keeshond,dog,24
/kaggle/input/datasets/tanlikesmath/the-oxfordiiit-pet-dataset/images/english_cocker_spaniel_178.jpg,english_cocker_spaniel,dog,18
/kaggle/input/datasets/tanlikesmath/the-oxfordiiit-pet-dataset/images/Russian_Blue_202.jpg,Russian_Blue,cat,9
/kaggle/input/datasets/tanlikesmath/the-oxfordiiit-pet-dataset/images/american_pit_bull_terrier_70.jpg,american_pit_bull_terrier,dog,13
/kaggle/input/datasets/tanlikesmath/the-oxfordiiit-pet-dataset/images/great_pyrenees_162.jpg,great_pyrenees,dog,21
/kaggle/input/datasets/tanlikesmath/the-oxfordiiit-pet-dataset/images/Ragdoll_13.jpg,Ragdoll,cat,8
/kaggle/input/datasets/tanlikesmath/the-oxfordiiit-pet-dataset/images/great_pyrenees_100.jpg,great_pyrenees,dog,21
/kaggle/input/datasets/tanlikesmath/the-oxfordiiit-pet-dataset/images/Siamese_141.jpg,Siamese,cat,10
/kaggle/input/datasets/tanlikesmath/the-oxfordiiit-pet-dataset/images/pug_51.jpg,pug,dog,29
/kaggle/input/datasets/tanlikesmath/the-oxfordiiit-pet-dataset/images/Siamese_174.jpg,Siamese,cat,10
/kaggle/input/datasets/tanlikesmath/the-oxfordiiit-pet-dataset/images/keeshond_2.jpg,keeshond,dog,24
/kaggle/input/datasets/tanlikesmath/the-oxfordiiit-pet-dataset/images/newfoundland_197.jpg,newfoundland,dog,27
/kaggle/input/datasets/tanlikesmath/the-oxfordiiit-pet-dataset/images/yorkshire_terrier_176.jpg,yorkshire_terrier,dog,36
/kaggle/input/datasets/tanlikesmath/the-oxfordiiit-pet-dataset/images/boxer_195.jpg,boxer,dog,16
/kaggle/input/datasets/tanlikesmath/the-oxfordiiit-pet-dataset/images/basset_hound_160.jpg,basset_hound,dog,14
/kaggle/input/datasets/tanlikesmath/the-oxfordiiit-pet-dataset/images/British_Shorthair_38.jpg,British_Shorthair,cat,4
/kaggle/input/datasets/tanlikesmath/the-oxfordiiit-pet-dataset/images/Sphynx_65.jpg,Sphynx,cat,11
/kaggle/input/datasets/tanlikesmath/the-oxfordiiit-pet-dataset/images/staffordshire_bull_terrier_95.jpg,staffordshire_bull_terrier,dog,34
/kaggle/input/datasets/tanlikesmath/the-oxfordiiit-pet-dataset/images/wheaten_terrier_111.jpg,wheaten_terrier,dog,35
/kaggle/input/datasets/tanlikesmath/the-oxfordiiit-pet-dataset/images/shiba_inu_44.jpg,shiba_inu,dog,33
/kaggle/input/datasets/tanlikesmath/the-oxfordiiit-pet-dataset/images/american_bulldog_10.jpg,american_bulldog,dog,12
/kaggle/input/datasets/tanlikesmath/the-oxfordiiit-pet-dataset/images/leonberger_125.jpg,leonberger,dog,25
/kaggle/input/datasets/tanlikesmath/the-oxfordiiit-pet-dataset/images/staffordshire_bull_terrier_100.jpg,staffordshire_bull_terrier,dog,34
/kaggle/input/datasets/tanlikesmath/the-oxfordiiit-pet-dataset/images/Abyssinian_77.jpg,Abyssinian,cat,0
/kaggle/input/datasets/tanlikesmath/the-oxfordiiit-pet-dataset/images/staffordshire_bull_terrier_84.jpg,staffordshire_bull_terrier,dog,34
/kaggle/input/datasets/tanlikesmath/the-oxfordiiit-pet-dataset/images/keeshond_18.jpg,keeshond,dog,24
/kaggle/input/datasets/tanlikesmath/the-oxfordiiit-pet-dataset/images/basset_hound_124.jpg,basset_hound,dog,14
/kaggle/input/datasets/tanlikesmath/the-oxfordiiit-pet-dataset/images/miniature_pinscher_161.jpg,miniature_pinscher,dog,26
/kaggle/input/datasets/tanlikesmath/the-oxfordiiit-pet-dataset/images/miniature_pinscher_119.jpg,miniature_pinscher,dog,26
/kaggle/input/datasets/tanlikesmath/the-oxfordiiit-pet-dataset/images/staffordshire_bull_terrier_31.jpg,staffordshire_bull_terrier,dog,34
/kaggle/input/datasets/tanlikesmath/the-oxfordiiit-pet-dataset/images/yorkshire_terrier_151.jpg,yorkshire_terrier,dog,36
/kaggle/input/datasets/tanlikesmath/the-oxfordiiit-pet-dataset/images/beagle_130.jpg,beagle,dog,15
/kaggle/input/datasets/tanlikesmath/the-oxfordiiit-pet-dataset/images/english_cocker_spaniel_17.jpg,english_cocker_spaniel,dog,18
/kaggle/input/datasets/tanlikesmath/the-oxfordiiit-pet-dataset/images/Ragdoll_41.jpg,Ragdoll,cat,8
/kaggle/input/datasets/tanlikesmath/the-oxfordiiit-pet-dataset/images/pug_24.jpg,pug,dog,29
/kaggle/input/datasets/tanlikesmath/the-oxfordiiit-pet-dataset/images/pug_19.jpg,pug,dog,29
/kaggle/input/datasets/tanlikesmath/the-oxfordiiit-pet-dataset/images/american_pit_bull_terrier_134.jpg,american_pit_bull_terrier,dog,13
/kaggle/input/datasets/tanlikesmath/the-oxfordiiit-pet-dataset/images/Bombay_173.jpg,Bombay,cat,3
/kaggle/input/datasets/tanlikesmath/the-oxfordiiit-pet-dataset/images/Birman_193.jpg,Birman,cat,2
/kaggle/input/datasets/tanlikesmath/the-oxfordiiit-pet-dataset/images/Bombay_43.jpg,Bombay,cat,3
/kaggle/input/datasets/tanlikesmath/the-oxfordiiit-pet-dataset/images/Sphynx_191.jpg,Sphynx,cat,11
/kaggle/input/datasets/tanlikesmath/the-oxfordiiit-pet-dataset/images/Birman_164.jpg,Birman,cat,2
/kaggle/input/datasets/tanlikesmath/the-oxfordiiit-pet-dataset/images/german_shorthaired_141.jpg,german_shorthaired,dog,20
/kaggle/input/datasets/tanlikesmath/the-oxfordiiit-pet-dataset/images/staffordshire_bull_terrier_134.jpg,staffordshire_bull_terrier,dog,34
/kaggle/input/datasets/tanlikesmath/the-oxfordiiit-pet-dataset/images/havanese_196.jpg,havanese,dog,22
/kaggle/input/datasets/tanlikesmath/the-oxfordiiit-pet-dataset/images/german_shorthaired_162.jpg,german_shorthaired,dog,20
/kaggle/input/datasets/tanlikesmath/the-oxfordiiit-pet-dataset/images/Maine_Coon_138.jpg,Maine_Coon,cat,6
/kaggle/input/datasets/tanlikesmath/the-oxfordiiit-pet-dataset/images/staffordshire_bull_terrier_53.jpg,staffordshire_bull_terrier,dog,34
/kaggle/input/datasets/tanlikesmath/the-oxfordiiit-pet-dataset/images/wheaten_terrier_109.jpg,wheaten_terrier,dog,35
/kaggle/input/datasets/tanlikesmath/the-oxfordiiit-pet-dataset/images/american_bulldog_42.jpg,american_bulldog,dog,12
/kaggle/input/datasets/tanlikesmath/the-oxfordiiit-pet-dataset/images/wheaten_terrier_172.jpg,wheaten_terrier,dog,35
/kaggle/input/datasets/tanlikesmath/the-oxfordiiit-pet-dataset/images/pomeranian_30.jpg,pomeranian,dog,28
/kaggle/input/datasets/tanlikesmath/the-oxfordiiit-pet-dataset/images/Siamese_228.jpg,Siamese,cat,10
/kaggle/input/datasets/tanlikesmath/the-oxfordiiit-pet-dataset/images/Russian_Blue_36.jpg,Russian_Blue,cat,9
/kaggle/input/datasets/tanlikesmath/the-oxfordiiit-pet-dataset/images/english_setter_101.jpg,english_setter,dog,19
/kaggle/input/datasets/tanlikesmath/the-oxfordiiit-pet-dataset/images/samoyed_20.jpg,samoyed,dog,31
/kaggle/input/datasets/tanlikesmath/the-oxfordiiit-pet-dataset/images/shiba_inu_20.jpg,shiba_inu,dog,33
/kaggle/input/datasets/tanlikesmath/the-oxfordiiit-pet-dataset/images/Maine_Coon_31.jpg,Maine_Coon,cat,6
/kaggle/input/datasets/tanlikesmath/the-oxfordiiit-pet-dataset/images/japanese_chin_31.jpg,japanese_chin,dog,23
/kaggle/input/datasets/tanlikesmath/the-oxfordiiit-pet-dataset/images/Ragdoll_99.jpg,Ragdoll,cat,8
/kaggle/input/datasets/tanlikesmath/the-oxfordiiit-pet-dataset/images/Egyptian_Mau_59.jpg,Egyptian_Mau,cat,5
/kaggle/input/datasets/tanlikesmath/the-oxfordiiit-pet-dataset/images/Bengal_175.jpg,Bengal,cat,1
/kaggle/input/datasets/tanlikesmath/the-oxfordiiit-pet-dataset/images/boxer_113.jpg,boxer,dog,16
/kaggle/input/datasets/tanlikesmath/the-oxfordiiit-pet-dataset/images/Abyssinian_123.jpg,Abyssinian,cat,0
/kaggle/input/datasets/tanlikesmath/the-oxfordiiit-pet-dataset/images/keeshond_28.jpg,keeshond,dog,24
/kaggle/input/datasets/tanlikesmath/the-oxfordiiit-pet-dataset/images/english_cocker_spaniel_155.jpg,english_cocker_spaniel,dog,18
/kaggle/input/datasets/tanlikesmath/the-oxfordiiit-pet-dataset/images/beagle_168.jpg,beagle,dog,15
/kaggle/input/datasets/tanlikesmath/the-oxfordiiit-pet-dataset/images/english_cocker_spaniel_100.jpg,english_cocker_spaniel,dog,18
/kaggle/input/datasets/tanlikesmath/the-oxfordiiit-pet-dataset/images/Birman_67.jpg,Birman,cat,2
/kaggle/input/datasets/tanlikesmath/the-oxfordiiit-pet-dataset/images/american_bulldog_138.jpg,american_bulldog,dog,12
/kaggle/input/datasets/tanlikesmath/the-oxfordiiit-pet-dataset/images/yorkshire_terrier_33.jpg,yorkshire_terrier,dog,36
/kaggle/input/datasets/tanlikesmath/the-oxfordiiit-pet-dataset/images/japanese_chin_119.jpg,japanese_chin,dog,23
/kaggle/input/datasets/tanlikesmath/the-oxfordiiit-pet-dataset/images/scottish_terrier_56.jpg,scottish_terrier,dog,32
/kaggle/input/datasets/tanlikesmath/the-oxfordiiit-pet-dataset/images/saint_bernard_162.jpg,saint_bernard,dog,30
/kaggle/input/datasets/tanlikesmath/the-oxfordiiit-pet-dataset/images/pug_42.jpg,pug,dog,29
/kaggle/input/datasets/tanlikesmath/the-oxfordiiit-pet-dataset/images/Birman_79.jpg,Birman,cat,2
/kaggle/input/datasets/tanlikesmath/the-oxfordiiit-pet-dataset/images/Persian_172.jpg,Persian,cat,7
/kaggle/input/datasets/tanlikesmath/the-oxfordiiit-pet-dataset/images/keeshond_97.jpg,keeshond,dog,24
/kaggle/input/datasets/tanlikesmath/the-oxfordiiit-pet-dataset/images/British_Shorthair_45.jpg,British_Shorthair,cat,4
/kaggle/input/datasets/tanlikesmath/the-oxfordiiit-pet-dataset/images/pomeranian_23.jpg,pomeranian,dog,28
/kaggle/input/datasets/tanlikesmath/the-oxfordiiit-pet-dataset/images/Bombay_150.jpg,Bombay,cat,3
/kaggle/input/datasets/tanlikesmath/the-oxfordiiit-pet-dataset/images/shiba_inu_208.jpg,shiba_inu,dog,33
/kaggle/input/datasets/tanlikesmath/the-oxfordiiit-pet-dataset/images/Egyptian_Mau_68.jpg,Egyptian_Mau,cat,5
/kaggle/input/datasets/tanlikesmath/the-oxfordiiit-pet-dataset/images/german_shorthaired_122.jpg,german_shorthaired,dog,20
/kaggle/input/datasets/tanlikesmath/the-oxfordiiit-pet-dataset/images/Bengal_40.jpg,Bengal,cat,1
/kaggle/input/datasets/tanlikesmath/the-oxfordiiit-pet-dataset/images/american_bulldog_101.jpg,american_bulldog,dog,12
/kaggle/input/datasets/tanlikesmath/the-oxfordiiit-pet-dataset/images/basset_hound_31.jpg,basset_hound,dog,14
/kaggle/input/datasets/tanlikesmath/the-oxfordiiit-pet-dataset/images/pug_161.jpg,pug,dog,29
/kaggle/input/datasets/tanlikesmath/the-oxfordiiit-pet-dataset/images/staffordshire_bull_terrier_103.jpg,staffordshire_bull_terrier,dog,34
/kaggle/input/datasets/tanlikesmath/the-oxfordiiit-pet-dataset/images/beagle_25.jpg,beagle,dog,15
/kaggle/input/datasets/tanlikesmath/the-oxfordiiit-pet-dataset/images/boxer_81.jpg,boxer,dog,16
/kaggle/input/datasets/tanlikesmath/the-oxfordiiit-pet-dataset/images/Bombay_42.jpg,Bombay,cat,3
/kaggle/input/datasets/tanlikesmath/the-oxfordiiit-pet-dataset/images/yorkshire_terrier_189.jpg,yorkshire_terrier,dog,36
/kaggle/input/datasets/tanlikesmath/the-oxfordiiit-pet-dataset/images/havanese_95.jpg,havanese,dog,22
/kaggle/input/datasets/tanlikesmath/the-oxfordiiit-pet-dataset/images/basset_hound_154.jpg,basset_hound,dog,14
/kaggle/input/datasets/tanlikesmath/the-oxfordiiit-pet-dataset/images/Bombay_82.jpg,Bombay,cat,3
/kaggle/input/datasets/tanlikesmath/the-oxfordiiit-pet-dataset/images/german_shorthaired_180.jpg,german_shorthaired,dog,20
/kaggle/input/datasets/tanlikesmath/the-oxfordiiit-pet-dataset/images/american_pit_bull_terrier_189.jpg,american_pit_bull_terrier,dog,13
/kaggle/input/datasets/tanlikesmath/the-oxfordiiit-pet-dataset/images/keeshond_107.jpg,keeshond,dog,24
/kaggle/input/datasets/tanlikesmath/the-oxfordiiit-pet-dataset/images/Egyptian_Mau_15.jpg,Egyptian_Mau,cat,5
/kaggle/input/datasets/tanlikesmath/the-oxfordiiit-pet-dataset/images/Bengal_41.jpg,Bengal,cat,1
/kaggle/input/datasets/tanlikesmath/the-oxfordiiit-pet-dataset/images/saint_bernard_181.jpg,saint_bernard,dog,30
/kaggle/input/datasets/tanlikesmath/the-oxfordiiit-pet-dataset/images/Abyssinian_127.jpg,Abyssinian,cat,0
/kaggle/input/datasets/tanlikesmath/the-oxfordiiit-pet-dataset/images/Persian_117.jpg,Persian,cat,7
/kaggle/input/datasets/tanlikesmath/the-oxfordiiit-pet-dataset/images/wheaten_terrier_115.jpg,wheaten_terrier,dog,35
/kaggle/input/datasets/tanlikesmath/the-oxfordiiit-pet-dataset/images/Siamese_69.jpg,Siamese,cat,10
/kaggle/input/datasets/tanlikesmath/the-oxfordiiit-pet-dataset/images/japanese_chin_178.jpg,japanese_chin,dog,23
/kaggle/input/datasets/tanlikesmath/the-oxfordiiit-pet-dataset/images/great_pyrenees_3.jpg,great_pyrenees,dog,21
/kaggle/input/datasets/tanlikesmath/the-oxfordiiit-pet-dataset/images/Sphynx_33.jpg,Sphynx,cat,11
/kaggle/input/datasets/tanlikesmath/the-oxfordiiit-pet-dataset/images/english_setter_121.jpg,english_setter,dog,19
/kaggle/input/datasets/tanlikesmath/the-oxfordiiit-pet-dataset/images/yorkshire_terrier_180.jpg,yorkshire_terrier,dog,36
/kaggle/input/datasets/tanlikesmath/the-oxfordiiit-pet-dataset/images/german_shorthaired_72.jpg,german_shorthaired,dog,20
/kaggle/input/datasets/tanlikesmath/the-oxfordiiit-pet-dataset/images/leonberger_131.jpg,leonberger,dog,25
/kaggle/input/datasets/tanlikesmath/the-oxfordiiit-pet-dataset/images/basset_hound_174.jpg,basset_hound,dog,14
/kaggle/input/datasets/tanlikesmath/the-oxfordiiit-pet-dataset/images/boxer_131.jpg,boxer,dog,16
/kaggle/input/datasets/tanlikesmath/the-oxfordiiit-pet-dataset/images/great_pyrenees_185.jpg,great_pyrenees,dog,21
/kaggle/input/datasets/tanlikesmath/the-oxfordiiit-pet-dataset/images/beagle_133.jpg,beagle,dog,15
/kaggle/input/datasets/tanlikesmath/the-oxfordiiit-pet-dataset/images/Maine_Coon_17.jpg,Maine_Coon,cat,6
/kaggle/input/datasets/tanlikesmath/the-oxfordiiit-pet-dataset/images/Maine_Coon_54.jpg,Maine_Coon,cat,6
/kaggle/input/datasets/tanlikesmath/the-oxfordiiit-pet-dataset/images/boxer_36.jpg,boxer,dog,16
/kaggle/input/datasets/tanlikesmath/the-oxfordiiit-pet-dataset/images/Persian_80.jpg,Persian,cat,7
/kaggle/input/datasets/tanlikesmath/the-oxfordiiit-pet-dataset/images/basset_hound_91.jpg,basset_hound,dog,14
/kaggle/input/datasets/tanlikesmath/the-oxfordiiit-pet-dataset/images/havanese_66.jpg,havanese,dog,22
/kaggle/input/datasets/tanlikesmath/the-oxfordiiit-pet-dataset/images/pug_181.jpg,pug,dog,29
/kaggle/input/datasets/tanlikesmath/the-oxfordiiit-pet-dataset/images/shiba_inu_179.jpg,shiba_inu,dog,33
/kaggle/input/datasets/tanlikesmath/the-oxfordiiit-pet-dataset/images/Ragdoll_43.jpg,Ragdoll,cat,8
/kaggle/input/datasets/tanlikesmath/the-oxfordiiit-pet-dataset/images/american_pit_bull_terrier_115.jpg,american_pit_bull_terrier,dog,13
/kaggle/input/datasets/tanlikesmath/the-oxfordiiit-pet-dataset/images/keeshond_112.jpg,keeshond,dog,24
/kaggle/input/datasets/tanlikesmath/the-oxfordiiit-pet-dataset/images/Bengal_48.jpg,Bengal,cat,1
/kaggle/input/datasets/tanlikesmath/the-oxfordiiit-pet-dataset/images/saint_bernard_73.jpg,saint_bernard,dog,30
/kaggle/input/datasets/tanlikesmath/the-oxfordiiit-pet-dataset/images/samoyed_39.jpg,samoyed,dog,31
/kaggle/input/datasets/tanlikesmath/the-oxfordiiit-pet-dataset/images/Abyssinian_10.jpg,Abyssinian,cat,0
/kaggle/input/datasets/tanlikesmath/the-oxfordiiit-pet-dataset/images/samoyed_127.jpg,samoyed,dog,31
/kaggle/input/datasets/tanlikesmath/the-oxfordiiit-pet-dataset/images/english_setter_45.jpg,english_setter,dog,19
/kaggle/input/datasets/tanlikesmath/the-oxfordiiit-pet-dataset/images/staffordshire_bull_terrier_147.jpg,staffordshire_bull_terrier,dog,34
/kaggle/input/datasets/tanlikesmath/the-oxfordiiit-pet-dataset/images/keeshond_198.jpg,keeshond,dog,24
/kaggle/input/datasets/tanlikesmath/the-oxfordiiit-pet-dataset/images/Sphynx_178.jpg,Sphynx,cat,11
/kaggle/input/datasets/tanlikesmath/the-oxfordiiit-pet-dataset/images/japanese_chin_72.jpg,japanese_chin,dog,23
/kaggle/input/datasets/tanlikesmath/the-oxfordiiit-pet-dataset/images/american_bulldog_224.jpg,american_bulldog,dog,12
/kaggle/input/datasets/tanlikesmath/the-oxfordiiit-pet-dataset/images/staffordshire_bull_terrier_169.jpg,staffordshire_bull_terrier,dog,34
/kaggle/input/datasets/tanlikesmath/the-oxfordiiit-pet-dataset/images/leonberger_145.jpg,leonberger,dog,25
/kaggle/input/datasets/tanlikesmath/the-oxfordiiit-pet-dataset/images/Maine_Coon_254.jpg,Maine_Coon,cat,6
/kaggle/input/datasets/tanlikesmath/the-oxfordiiit-pet-dataset/images/boxer_29.jpg,boxer,dog,16
/kaggle/input/datasets/tanlikesmath/the-oxfordiiit-pet-dataset/images/staffordshire_bull_terrier_202.jpg,staffordshire_bull_terrier,dog,34
/kaggle/input/datasets/tanlikesmath/the-oxfordiiit-pet-dataset/images/english_setter_3.jpg,english_setter,dog,19
/kaggle/input/datasets/tanlikesmath/the-oxfordiiit-pet-dataset/images/german_shorthaired_12.jpg,german_shorthaired,dog,20
/kaggle/input/datasets/tanlikesmath/the-oxfordiiit-pet-dataset/images/Abyssinian_61.jpg,Abyssinian,cat,0
/kaggle/input/datasets/tanlikesmath/the-oxfordiiit-pet-dataset/images/american_pit_bull_terrier_103.jpg,american_pit_bull_terrier,dog,13
/kaggle/input/datasets/tanlikesmath/the-oxfordiiit-pet-dataset/images/yorkshire_terrier_73.jpg,yorkshire_terrier,dog,36
/kaggle/input/datasets/tanlikesmath/the-oxfordiiit-pet-dataset/images/British_Shorthair_139.jpg,British_Shorthair,cat,4
/kaggle/input/datasets/tanlikesmath/the-oxfordiiit-pet-dataset/images/British_Shorthair_61.jpg,British_Shorthair,cat,4
/kaggle/input/datasets/tanlikesmath/the-oxfordiiit-pet-dataset/images/staffordshire_bull_terrier_109.jpg,staffordshire_bull_terrier,dog,34
/kaggle/input/datasets/tanlikesmath/the-oxfordiiit-pet-dataset/images/Maine_Coon_193.jpg,Maine_Coon,cat,6
/kaggle/input/datasets/tanlikesmath/the-oxfordiiit-pet-dataset/images/miniature_pinscher_28.jpg,miniature_pinscher,dog,26
/kaggle/input/datasets/tanlikesmath/the-oxfordiiit-pet-dataset/images/english_setter_21.jpg,english_setter,dog,19
/kaggle/input/datasets/tanlikesmath/the-oxfordiiit-pet-dataset/images/Birman_152.jpg,Birman,cat,2
/kaggle/input/datasets/tanlikesmath/the-oxfordiiit-pet-dataset/images/basset_hound_193.jpg,basset_hound,dog,14
/kaggle/input/datasets/tanlikesmath/the-oxfordiiit-pet-dataset/images/newfoundland_114.jpg,newfoundland,dog,27
/kaggle/input/datasets/tanlikesmath/the-oxfordiiit-pet-dataset/images/pug_129.jpg,pug,dog,29
/kaggle/input/datasets/tanlikesmath/the-oxfordiiit-pet-dataset/images/german_shorthaired_92.jpg,german_shorthaired,dog,20
/kaggle/input/datasets/tanlikesmath/the-oxfordiiit-pet-dataset/images/american_pit_bull_terrier_167.jpg,american_pit_bull_terrier,dog,13
/kaggle/input/datasets/tanlikesmath/the-oxfordiiit-pet-dataset/images/Maine_Coon_187.jpg,Maine_Coon,cat,6
/kaggle/input/datasets/tanlikesmath/the-oxfordiiit-pet-dataset/images/beagle_126.jpg,beagle,dog,15
/kaggle/input/datasets/tanlikesmath/the-oxfordiiit-pet-dataset/images/pomeranian_131.jpg,pomeranian,dog,28
/kaggle/input/datasets/tanlikesmath/the-oxfordiiit-pet-dataset/images/yorkshire_terrier_14.jpg,yorkshire_terrier,dog,36
/kaggle/input/datasets/tanlikesmath/the-oxfordiiit-pet-dataset/images/wheaten_terrier_26.jpg,wheaten_terrier,dog,35
/kaggle/input/datasets/tanlikesmath/the-oxfordiiit-pet-dataset/images/Russian_Blue_244.jpg,Russian_Blue,cat,9
/kaggle/input/datasets/tanlikesmath/the-oxfordiiit-pet-dataset/images/staffordshire_bull_terrier_133.jpg,staffordshire_bull_terrier,dog,34
/kaggle/input/datasets/tanlikesmath/the-oxfordiiit-pet-dataset/images/Bengal_99.jpg,Bengal,cat,1
/kaggle/input/datasets/tanlikesmath/the-oxfordiiit-pet-dataset/images/boxer_21.jpg,boxer,dog,16
/kaggle/input/datasets/tanlikesmath/the-oxfordiiit-pet-dataset/images/samoyed_18.jpg,samoyed,dog,31
/kaggle/input/datasets/tanlikesmath/the-oxfordiiit-pet-dataset/images/japanese_chin_46.jpg,japanese_chin,dog,23
/kaggle/input/datasets/tanlikesmath/the-oxfordiiit-pet-dataset/images/Abyssinian_36.jpg,Abyssinian,cat,0
/kaggle/input/datasets/tanlikesmath/the-oxfordiiit-pet-dataset/images/keeshond_80.jpg,keeshond,dog,24
/kaggle/input/datasets/tanlikesmath/the-oxfordiiit-pet-dataset/images/pomeranian_65.jpg,pomeranian,dog,28
/kaggle/input/datasets/tanlikesmath/the-oxfordiiit-pet-dataset/images/saint_bernard_172.jpg,saint_bernard,dog,30
/kaggle/input/datasets/tanlikesmath/the-oxfordiiit-pet-dataset/images/Bombay_153.jpg,Bombay,cat,3
/kaggle/input/datasets/tanlikesmath/the-oxfordiiit-pet-dataset/images/staffordshire_bull_terrier_194.jpg,staffordshire_bull_terrier,dog,34
/kaggle/input/datasets/tanlikesmath/the-oxfordiiit-pet-dataset/images/pug_69.jpg,pug,dog,29
/kaggle/input/datasets/tanlikesmath/the-oxfordiiit-pet-dataset/images/Birman_43.jpg,Birman,cat,2
/kaggle/input/datasets/tanlikesmath/the-oxfordiiit-pet-dataset/images/pug_156.jpg,pug,dog,29
/kaggle/input/datasets/tanlikesmath/the-oxfordiiit-pet-dataset/images/pomeranian_198.jpg,pomeranian,dog,28
/kaggle/input/datasets/tanlikesmath/the-oxfordiiit-pet-dataset/images/Sphynx_238.jpg,Sphynx,cat,11
/kaggle/input/datasets/tanlikesmath/the-oxfordiiit-pet-dataset/images/newfoundland_93.jpg,newfoundland,dog,27
/kaggle/input/datasets/tanlikesmath/the-oxfordiiit-pet-dataset/images/wheaten_terrier_130.jpg,wheaten_terrier,dog,35
/kaggle/input/datasets/tanlikesmath/the-oxfordiiit-pet-dataset/images/american_pit_bull_terrier_24.jpg,american_pit_bull_terrier,dog,13
/kaggle/input/datasets/tanlikesmath/the-oxfordiiit-pet-dataset/images/British_Shorthair_89.jpg,British_Shorthair,cat,4
/kaggle/input/datasets/tanlikesmath/the-oxfordiiit-pet-dataset/images/beagle_61.jpg,beagle,dog,15
/kaggle/input/datasets/tanlikesmath/the-oxfordiiit-pet-dataset/images/Maine_Coon_244.jpg,Maine_Coon,cat,6
/kaggle/input/datasets/tanlikesmath/the-oxfordiiit-pet-dataset/images/Bombay_214.jpg,Bombay,cat,3
/kaggle/input/datasets/tanlikesmath/the-oxfordiiit-pet-dataset/images/keeshond_90.jpg,keeshond,dog,24
/kaggle/input/datasets/tanlikesmath/the-oxfordiiit-pet-dataset/images/wheaten_terrier_146.jpg,wheaten_terrier,dog,35
/kaggle/input/datasets/tanlikesmath/the-oxfordiiit-pet-dataset/images/Sphynx_44.jpg,Sphynx,cat,11
/kaggle/input/datasets/tanlikesmath/the-oxfordiiit-pet-dataset/images/english_cocker_spaniel_131.jpg,english_cocker_spaniel,dog,18
/kaggle/input/datasets/tanlikesmath/the-oxfordiiit-pet-dataset/images/samoyed_32.jpg,samoyed,dog,31
/kaggle/input/datasets/tanlikesmath/the-oxfordiiit-pet-dataset/images/samoyed_202.jpg,samoyed,dog,31
/kaggle/input/datasets/tanlikesmath/the-oxfordiiit-pet-dataset/images/japanese_chin_12.jpg,japanese_chin,dog,23
/kaggle/input/datasets/tanlikesmath/the-oxfordiiit-pet-dataset/images/Sphynx_143.jpg,Sphynx,cat,11
/kaggle/input/datasets/tanlikesmath/the-oxfordiiit-pet-dataset/images/Bengal_186.jpg,Bengal,cat,1
/kaggle/input/datasets/tanlikesmath/the-oxfordiiit-pet-dataset/images/leonberger_184.jpg,leonberger,dog,25
/kaggle/input/datasets/tanlikesmath/the-oxfordiiit-pet-dataset/images/samoyed_195.jpg,samoyed,dog,31
/kaggle/input/datasets/tanlikesmath/the-oxfordiiit-pet-dataset/images/leonberger_39.jpg,leonberger,dog,25
/kaggle/input/datasets/tanlikesmath/the-oxfordiiit-pet-dataset/images/Ragdoll_105.jpg,Ragdoll,cat,8
/kaggle/input/datasets/tanlikesmath/the-oxfordiiit-pet-dataset/images/Ragdoll_40.jpg,Ragdoll,cat,8
/kaggle/input/datasets/tanlikesmath/the-oxfordiiit-pet-dataset/images/english_cocker_spaniel_197.jpg,english_cocker_spaniel,dog,18
/kaggle/input/datasets/tanlikesmath/the-oxfordiiit-pet-dataset/images/basset_hound_162.jpg,basset_hound,dog,14
/kaggle/input/datasets/tanlikesmath/the-oxfordiiit-pet-dataset/images/staffordshire_bull_terrier_143.jpg,staffordshire_bull_terrier,dog,34
/kaggle/input/datasets/tanlikesmath/the-oxfordiiit-pet-dataset/images/leonberger_65.jpg,leonberger,dog,25
/kaggle/input/datasets/tanlikesmath/the-oxfordiiit-pet-dataset/images/Bengal_197.jpg,Bengal,cat,1
/kaggle/input/datasets/tanlikesmath/the-oxfordiiit-pet-dataset/images/english_setter_117.jpg,english_setter,dog,19
/kaggle/input/datasets/tanlikesmath/the-oxfordiiit-pet-dataset/images/Sphynx_29.jpg,Sphynx,cat,11
/kaggle/input/datasets/tanlikesmath/the-oxfordiiit-pet-dataset/images/Maine_Coon_6.jpg,Maine_Coon,cat,6
/kaggle/input/datasets/tanlikesmath/the-oxfordiiit-pet-dataset/images/keeshond_147.jpg,keeshond,dog,24
/kaggle/input/datasets/tanlikesmath/the-oxfordiiit-pet-dataset/images/Russian_Blue_115.jpg,Russian_Blue,cat,9
/kaggle/input/datasets/tanlikesmath/the-oxfordiiit-pet-dataset/images/Siamese_237.jpg,Siamese,cat,10
/kaggle/input/datasets/tanlikesmath/the-oxfordiiit-pet-dataset/images/keeshond_132.jpg,keeshond,dog,24
/kaggle/input/datasets/tanlikesmath/the-oxfordiiit-pet-dataset/images/shiba_inu_123.jpg,shiba_inu,dog,33
/kaggle/input/datasets/tanlikesmath/the-oxfordiiit-pet-dataset/images/english_setter_145.jpg,english_setter,dog,19
/kaggle/input/datasets/tanlikesmath/the-oxfordiiit-pet-dataset/images/miniature_pinscher_136.jpg,miniature_pinscher,dog,26
/kaggle/input/datasets/tanlikesmath/the-oxfordiiit-pet-dataset/images/Siamese_81.jpg,Siamese,cat,10
/kaggle/input/datasets/tanlikesmath/the-oxfordiiit-pet-dataset/images/yorkshire_terrier_118.jpg,yorkshire_terrier,dog,36
/kaggle/input/datasets/tanlikesmath/the-oxfordiiit-pet-dataset/images/japanese_chin_185.jpg,japanese_chin,dog,23
/kaggle/input/datasets/tanlikesmath/the-oxfordiiit-pet-dataset/images/Egyptian_Mau_92.jpg,Egyptian_Mau,cat,5
/kaggle/input/datasets/tanlikesmath/the-oxfordiiit-pet-dataset/images/chihuahua_140.jpg,chihuahua,dog,17
/kaggle/input/datasets/tanlikesmath/the-oxfordiiit-pet-dataset/images/basset_hound_35.jpg,basset_hound,dog,14
/kaggle/input/datasets/tanlikesmath/the-oxfordiiit-pet-dataset/images/Russian_Blue_14.jpg,Russian_Blue,cat,9
/kaggle/input/datasets/tanlikesmath/the-oxfordiiit-pet-dataset/images/english_cocker_spaniel_62.jpg,english_cocker_spaniel,dog,18
/kaggle/input/datasets/tanlikesmath/the-oxfordiiit-pet-dataset/images/staffordshire_bull_terrier_131.jpg,staffordshire_bull_terrier,dog,34
/kaggle/input/datasets/tanlikesmath/the-oxfordiiit-pet-dataset/images/great_pyrenees_32.jpg,great_pyrenees,dog,21
/kaggle/input/datasets/tanlikesmath/the-oxfordiiit-pet-dataset/images/Birman_165.jpg,Birman,cat,2
/kaggle/input/datasets/tanlikesmath/the-oxfordiiit-pet-dataset/images/keeshond_91.jpg,keeshond,dog,24
/kaggle/input/datasets/tanlikesmath/the-oxfordiiit-pet-dataset/images/British_Shorthair_239.jpg,British_Shorthair,cat,4
/kaggle/input/datasets/tanlikesmath/the-oxfordiiit-pet-dataset/images/great_pyrenees_169.jpg,great_pyrenees,dog,21
/kaggle/input/datasets/tanlikesmath/the-oxfordiiit-pet-dataset/images/havanese_27.jpg,havanese,dog,22
/kaggle/input/datasets/tanlikesmath/the-oxfordiiit-pet-dataset/images/leonberger_59.jpg,leonberger,dog,25
/kaggle/input/datasets/tanlikesmath/the-oxfordiiit-pet-dataset/images/american_bulldog_168.jpg,american_bulldog,dog,12
/kaggle/input/datasets/tanlikesmath/the-oxfordiiit-pet-dataset/images/shiba_inu_105.jpg,shiba_inu,dog,33
/kaggle/input/datasets/tanlikesmath/the-oxfordiiit-pet-dataset/images/Abyssinian_65.jpg,Abyssinian,cat,0
/kaggle/input/datasets/tanlikesmath/the-oxfordiiit-pet-dataset/images/miniature_pinscher_82.jpg,miniature_pinscher,dog,26
/kaggle/input/datasets/tanlikesmath/the-oxfordiiit-pet-dataset/images/Siamese_207.jpg,Siamese,cat,10
/kaggle/input/datasets/tanlikesmath/the-oxfordiiit-pet-dataset/images/Bombay_38.jpg,Bombay,cat,3
/kaggle/input/datasets/tanlikesmath/the-oxfordiiit-pet-dataset/images/wheaten_terrier_143.jpg,wheaten_terrier,dog,35
/kaggle/input/datasets/tanlikesmath/the-oxfordiiit-pet-dataset/images/basset_hound_9.jpg,basset_hound,dog,14
/kaggle/input/datasets/tanlikesmath/the-oxfordiiit-pet-dataset/images/Abyssinian_170.jpg,Abyssinian,cat,0
/kaggle/input/datasets/tanlikesmath/the-oxfordiiit-pet-dataset/images/Russian_Blue_9.jpg,Russian_Blue,cat,9
/kaggle/input/datasets/tanlikesmath/the-oxfordiiit-pet-dataset/images/american_pit_bull_terrier_91.jpg,american_pit_bull_terrier,dog,13
/kaggle/input/datasets/tanlikesmath/the-oxfordiiit-pet-dataset/images/keeshond_82.jpg,keeshond,dog,24
/kaggle/input/datasets/tanlikesmath/the-oxfordiiit-pet-dataset/images/British_Shorthair_96.jpg,British_Shorthair,cat,4
/kaggle/input/datasets/tanlikesmath/the-oxfordiiit-pet-dataset/images/miniature_pinscher_173.jpg,miniature_pinscher,dog,26
/kaggle/input/datasets/tanlikesmath/the-oxfordiiit-pet-dataset/images/wheaten_terrier_43.jpg,wheaten_terrier,dog,35
/kaggle/input/datasets/tanlikesmath/the-oxfordiiit-pet-dataset/images/pomeranian_122.jpg,pomeranian,dog,28
/kaggle/input/datasets/tanlikesmath/the-oxfordiiit-pet-dataset/images/Birman_93.jpg,Birman,cat,2
/kaggle/input/datasets/tanlikesmath/the-oxfordiiit-pet-dataset/images/american_pit_bull_terrier_190.jpg,american_pit_bull_terrier,dog,13
/kaggle/input/datasets/tanlikesmath/the-oxfordiiit-pet-dataset/images/boxer_101.jpg,boxer,dog,16
/kaggle/input/datasets/tanlikesmath/the-oxfordiiit-pet-dataset/images/american_bulldog_7.jpg,american_bulldog,dog,12
/kaggle/input/datasets/tanlikesmath/the-oxfordiiit-pet-dataset/images/Persian_91.jpg,Persian,cat,7
/kaggle/input/datasets/tanlikesmath/the-oxfordiiit-pet-dataset/images/english_setter_140.jpg,english_setter,dog,19
/kaggle/input/datasets/tanlikesmath/the-oxfordiiit-pet-dataset/images/staffordshire_bull_terrier_151.jpg,staffordshire_bull_terrier,dog,34
/kaggle/input/datasets/tanlikesmath/the-oxfordiiit-pet-dataset/images/Persian_140.jpg,Persian,cat,7
/kaggle/input/datasets/tanlikesmath/the-oxfordiiit-pet-dataset/images/newfoundland_5.jpg,newfoundland,dog,27
/kaggle/input/datasets/tanlikesmath/the-oxfordiiit-pet-dataset/images/British_Shorthair_218.jpg,British_Shorthair,cat,4
/kaggle/input/datasets/tanlikesmath/the-oxfordiiit-pet-dataset/images/german_shorthaired_69.jpg,german_shorthaired,dog,20
/kaggle/input/datasets/tanlikesmath/the-oxfordiiit-pet-dataset/images/japanese_chin_186.jpg,japanese_chin,dog,23
/kaggle/input/datasets/tanlikesmath/the-oxfordiiit-pet-dataset/images/newfoundland_110.jpg,newfoundland,dog,27
/kaggle/input/datasets/tanlikesmath/the-oxfordiiit-pet-dataset/images/Persian_6.jpg,Persian,cat,7
/kaggle/input/datasets/tanlikesmath/the-oxfordiiit-pet-dataset/images/american_bulldog_106.jpg,american_bulldog,dog,12
/kaggle/input/datasets/tanlikesmath/the-oxfordiiit-pet-dataset/images/chihuahua_48.jpg,chihuahua,dog,17
/kaggle/input/datasets/tanlikesmath/the-oxfordiiit-pet-dataset/images/Ragdoll_106.jpg,Ragdoll,cat,8
/kaggle/input/datasets/tanlikesmath/the-oxfordiiit-pet-dataset/images/american_bulldog_196.jpg,american_bulldog,dog,12
/kaggle/input/datasets/tanlikesmath/the-oxfordiiit-pet-dataset/images/japanese_chin_147.jpg,japanese_chin,dog,23
/kaggle/input/datasets/tanlikesmath/the-oxfordiiit-pet-dataset/images/Sphynx_8.jpg,Sphynx,cat,11
/kaggle/input/datasets/tanlikesmath/the-oxfordiiit-pet-dataset/images/Bombay_163.jpg,Bombay,cat,3
/kaggle/input/datasets/tanlikesmath/the-oxfordiiit-pet-dataset/images/Egyptian_Mau_56.jpg,Egyptian_Mau,cat,5
/kaggle/input/datasets/tanlikesmath/the-oxfordiiit-pet-dataset/images/Bengal_86.jpg,Bengal,cat,1
/kaggle/input/datasets/tanlikesmath/the-oxfordiiit-pet-dataset/images/Sphynx_133.jpg,Sphynx,cat,11
/kaggle/input/datasets/tanlikesmath/the-oxfordiiit-pet-dataset/images/basset_hound_51.jpg,basset_hound,dog,14
/kaggle/input/datasets/tanlikesmath/the-oxfordiiit-pet-dataset/images/pug_17.jpg,pug,dog,29
/kaggle/input/datasets/tanlikesmath/the-oxfordiiit-pet-dataset/images/British_Shorthair_125.jpg,British_Shorthair,cat,4
/kaggle/input/datasets/tanlikesmath/the-oxfordiiit-pet-dataset/images/newfoundland_158.jpg,newfoundland,dog,27
/kaggle/input/datasets/tanlikesmath/the-oxfordiiit-pet-dataset/images/chihuahua_22.jpg,chihuahua,dog,17
/kaggle/input/datasets/tanlikesmath/the-oxfordiiit-pet-dataset/images/beagle_46.jpg,beagle,dog,15
/kaggle/input/datasets/tanlikesmath/the-oxfordiiit-pet-dataset/images/beagle_192.jpg,beagle,dog,15
/kaggle/input/datasets/tanlikesmath/the-oxfordiiit-pet-dataset/images/British_Shorthair_129.jpg,British_Shorthair,cat,4
/kaggle/input/datasets/tanlikesmath/the-oxfordiiit-pet-dataset/images/keeshond_172.jpg,keeshond,dog,24
/kaggle/input/datasets/tanlikesmath/the-oxfordiiit-pet-dataset/images/english_setter_66.jpg,english_setter,dog,19
/kaggle/input/datasets/tanlikesmath/the-oxfordiiit-pet-dataset/images/Birman_180.jpg,Birman,cat,2
/kaggle/input/datasets/tanlikesmath/the-oxfordiiit-pet-dataset/images/keeshond_48.jpg,keeshond,dog,24
/kaggle/input/datasets/tanlikesmath/the-oxfordiiit-pet-dataset/images/Russian_Blue_130.jpg,Russian_Blue,cat,9
/kaggle/input/datasets/tanlikesmath/the-oxfordiiit-pet-dataset/images/Bombay_22.jpg,Bombay,cat,3
/kaggle/input/datasets/tanlikesmath/the-oxfordiiit-pet-dataset/images/shiba_inu_33.jpg,shiba_inu,dog,33
/kaggle/input/datasets/tanlikesmath/the-oxfordiiit-pet-dataset/images/Persian_37.jpg,Persian,cat,7
/kaggle/input/datasets/tanlikesmath/the-oxfordiiit-pet-dataset/images/Birman_75.jpg,Birman,cat,2
/kaggle/input/datasets/tanlikesmath/the-oxfordiiit-pet-dataset/images/boxer_19.jpg,boxer,dog,16
/kaggle/input/datasets/tanlikesmath/the-oxfordiiit-pet-dataset/images/Bombay_100.jpg,Bombay,cat,3
/kaggle/input/datasets/tanlikesmath/the-oxfordiiit-pet-dataset/images/boxer_71.jpg,boxer,dog,16
/kaggle/input/datasets/tanlikesmath/the-oxfordiiit-pet-dataset/images/Abyssinian_55.jpg,Abyssinian,cat,0
/kaggle/input/datasets/tanlikesmath/the-oxfordiiit-pet-dataset/images/Bengal_154.jpg,Bengal,cat,1
/kaggle/input/datasets/tanlikesmath/the-oxfordiiit-pet-dataset/images/english_cocker_spaniel_182.jpg,english_cocker_spaniel,dog,18
/kaggle/input/datasets/tanlikesmath/the-oxfordiiit-pet-dataset/images/Maine_Coon_103.jpg,Maine_Coon,cat,6
/kaggle/input/datasets/tanlikesmath/the-oxfordiiit-pet-dataset/images/Bengal_52.jpg,Bengal,cat,1
/kaggle/input/datasets/tanlikesmath/the-oxfordiiit-pet-dataset/images/British_Shorthair_141.jpg,British_Shorthair,cat,4
/kaggle/input/datasets/tanlikesmath/the-oxfordiiit-pet-dataset/images/newfoundland_196.jpg,newfoundland,dog,27
/kaggle/input/datasets/tanlikesmath/the-oxfordiiit-pet-dataset/images/english_setter_105.jpg,english_setter,dog,19
/kaggle/input/datasets/tanlikesmath/the-oxfordiiit-pet-dataset/images/pug_188.jpg,pug,dog,29
/kaggle/input/datasets/tanlikesmath/the-oxfordiiit-pet-dataset/images/saint_bernard_166.jpg,saint_bernard,dog,30
/kaggle/input/datasets/tanlikesmath/the-oxfordiiit-pet-dataset/images/shiba_inu_1.jpg,shiba_inu,dog,33
/kaggle/input/datasets/tanlikesmath/the-oxfordiiit-pet-dataset/images/Persian_192.jpg,Persian,cat,7
/kaggle/input/datasets/tanlikesmath/the-oxfordiiit-pet-dataset/images/Bengal_11.jpg,Bengal,cat,1
/kaggle/input/datasets/tanlikesmath/the-oxfordiiit-pet-dataset/images/Persian_44.jpg,Persian,cat,7
/kaggle/input/datasets/tanlikesmath/the-oxfordiiit-pet-dataset/images/miniature_pinscher_46.jpg,miniature_pinscher,dog,26
/kaggle/input/datasets/tanlikesmath/the-oxfordiiit-pet-dataset/images/american_bulldog_103.jpg,american_bulldog,dog,12
/kaggle/input/datasets/tanlikesmath/the-oxfordiiit-pet-dataset/images/leonberger_142.jpg,leonberger,dog,25
/kaggle/input/datasets/tanlikesmath/the-oxfordiiit-pet-dataset/images/Maine_Coon_219.jpg,Maine_Coon,cat,6
/kaggle/input/datasets/tanlikesmath/the-oxfordiiit-pet-dataset/images/Siamese_75.jpg,Siamese,cat,10
/kaggle/input/datasets/tanlikesmath/the-oxfordiiit-pet-dataset/images/Abyssinian_210.jpg,Abyssinian,cat,0
/kaggle/input/datasets/tanlikesmath/the-oxfordiiit-pet-dataset/images/scottish_terrier_162.jpg,scottish_terrier,dog,32
/kaggle/input/datasets/tanlikesmath/the-oxfordiiit-pet-dataset/images/Persian_83.jpg,Persian,cat,7
/kaggle/input/datasets/tanlikesmath/the-oxfordiiit-pet-dataset/images/newfoundland_74.jpg,newfoundland,dog,27
/kaggle/input/datasets/tanlikesmath/the-oxfordiiit-pet-dataset/images/Egyptian_Mau_11.jpg,Egyptian_Mau,cat,5
/kaggle/input/datasets/tanlikesmath/the-oxfordiiit-pet-dataset/images/german_shorthaired_47.jpg,german_shorthaired,dog,20
/kaggle/input/datasets/tanlikesmath/the-oxfordiiit-pet-dataset/images/japanese_chin_118.jpg,japanese_chin,dog,23
/kaggle/input/datasets/tanlikesmath/the-oxfordiiit-pet-dataset/images/pug_80.jpg,pug,dog,29
/kaggle/input/datasets/tanlikesmath/the-oxfordiiit-pet-dataset/images/samoyed_150.jpg,samoyed,dog,31
/kaggle/input/datasets/tanlikesmath/the-oxfordiiit-pet-dataset/images/japanese_chin_10.jpg,japanese_chin,dog,23
/kaggle/input/datasets/tanlikesmath/the-oxfordiiit-pet-dataset/images/shiba_inu_25.jpg,shiba_inu,dog,33
/kaggle/input/datasets/tanlikesmath/the-oxfordiiit-pet-dataset/images/saint_bernard_158.jpg,saint_bernard,dog,30
/kaggle/input/datasets/tanlikesmath/the-oxfordiiit-pet-dataset/images/great_pyrenees_144.jpg,great_pyrenees,dog,21
/kaggle/input/datasets/tanlikesmath/the-oxfordiiit-pet-dataset/images/yorkshire_terrier_29.jpg,yorkshire_terrier,dog,36
/kaggle/input/datasets/tanlikesmath/the-oxfordiiit-pet-dataset/images/scottish_terrier_26.jpg,scottish_terrier,dog,32
/kaggle/input/datasets/tanlikesmath/the-oxfordiiit-pet-dataset/images/japanese_chin_75.jpg,japanese_chin,dog,23
/kaggle/input/datasets/tanlikesmath/the-oxfordiiit-pet-dataset/images/great_pyrenees_155.jpg,great_pyrenees,dog,21
/kaggle/input/datasets/tanlikesmath/the-oxfordiiit-pet-dataset/images/Abyssinian_166.jpg,Abyssinian,cat,0
/kaggle/input/datasets/tanlikesmath/the-oxfordiiit-pet-dataset/images/Abyssinian_107.jpg,Abyssinian,cat,0
/kaggle/input/datasets/tanlikesmath/the-oxfordiiit-pet-dataset/images/chihuahua_75.jpg,chihuahua,dog,17
/kaggle/input/datasets/tanlikesmath/the-oxfordiiit-pet-dataset/images/keeshond_130.jpg,keeshond,dog,24
/kaggle/input/datasets/tanlikesmath/the-oxfordiiit-pet-dataset/images/Egyptian_Mau_48.jpg,Egyptian_Mau,cat,5
/kaggle/input/datasets/tanlikesmath/the-oxfordiiit-pet-dataset/images/wheaten_terrier_76.jpg,wheaten_terrier,dog,35
/kaggle/input/datasets/tanlikesmath/the-oxfordiiit-pet-dataset/images/newfoundland_120.jpg,newfoundland,dog,27
/kaggle/input/datasets/tanlikesmath/the-oxfordiiit-pet-dataset/images/boxer_44.jpg,boxer,dog,16
/kaggle/input/datasets/tanlikesmath/the-oxfordiiit-pet-dataset/images/pug_52.jpg,pug,dog,29
/kaggle/input/datasets/tanlikesmath/the-oxfordiiit-pet-dataset/images/wheaten_terrier_3.jpg,wheaten_terrier,dog,35
/kaggle/input/datasets/tanlikesmath/the-oxfordiiit-pet-dataset/images/Bengal_189.jpg,Bengal,cat,1
/kaggle/input/datasets/tanlikesmath/the-oxfordiiit-pet-dataset/images/British_Shorthair_6.jpg,British_Shorthair,cat,4
/kaggle/input/datasets/tanlikesmath/the-oxfordiiit-pet-dataset/images/Siamese_138.jpg,Siamese,cat,10
/kaggle/input/datasets/tanlikesmath/the-oxfordiiit-pet-dataset/images/Persian_116.jpg,Persian,cat,7
/kaggle/input/datasets/tanlikesmath/the-oxfordiiit-pet-dataset/images/boxer_91.jpg,boxer,dog,16
/kaggle/input/datasets/tanlikesmath/the-oxfordiiit-pet-dataset/images/Bengal_36.jpg,Bengal,cat,1
/kaggle/input/datasets/tanlikesmath/the-oxfordiiit-pet-dataset/images/staffordshire_bull_terrier_158.jpg,staffordshire_bull_terrier,dog,34
/kaggle/input/datasets/tanlikesmath/the-oxfordiiit-pet-dataset/images/samoyed_59.jpg,samoyed,dog,31
/kaggle/input/datasets/tanlikesmath/the-oxfordiiit-pet-dataset/images/pug_137.jpg,pug,dog,29
/kaggle/input/datasets/tanlikesmath/the-oxfordiiit-pet-dataset/images/Maine_Coon_92.jpg,Maine_Coon,cat,6
/kaggle/input/datasets/tanlikesmath/the-oxfordiiit-pet-dataset/images/boxer_84.jpg,boxer,dog,16
/kaggle/input/datasets/tanlikesmath/the-oxfordiiit-pet-dataset/images/Bengal_201.jpg,Bengal,cat,1
/kaggle/input/datasets/tanlikesmath/the-oxfordiiit-pet-dataset/images/Birman_166.jpg,Birman,cat,2
/kaggle/input/datasets/tanlikesmath/the-oxfordiiit-pet-dataset/images/Maine_Coon_145.jpg,Maine_Coon,cat,6
/kaggle/input/datasets/tanlikesmath/the-oxfordiiit-pet-dataset/images/leonberger_148.jpg,leonberger,dog,25
/kaggle/input/datasets/tanlikesmath/the-oxfordiiit-pet-dataset/images/Siamese_184.jpg,Siamese,cat,10
/kaggle/input/datasets/tanlikesmath/the-oxfordiiit-pet-dataset/images/samoyed_194.jpg,samoyed,dog,31
/kaggle/input/datasets/tanlikesmath/the-oxfordiiit-pet-dataset/images/boxer_100.jpg,boxer,dog,16
/kaggle/input/datasets/tanlikesmath/the-oxfordiiit-pet-dataset/images/Egyptian_Mau_57.jpg,Egyptian_Mau,cat,5
/kaggle/input/datasets/tanlikesmath/the-oxfordiiit-pet-dataset/images/Russian_Blue_112.jpg,Russian_Blue,cat,9
/kaggle/input/datasets/tanlikesmath/the-oxfordiiit-pet-dataset/images/Abyssinian_56.jpg,Abyssinian,cat,0
/kaggle/input/datasets/tanlikesmath/the-oxfordiiit-pet-dataset/images/Sphynx_73.jpg,Sphynx,cat,11
/kaggle/input/datasets/tanlikesmath/the-oxfordiiit-pet-dataset/images/havanese_153.jpg,havanese,dog,22
/kaggle/input/datasets/tanlikesmath/the-oxfordiiit-pet-dataset/images/Abyssinian_135.jpg,Abyssinian,cat,0
/kaggle/input/datasets/tanlikesmath/the-oxfordiiit-pet-dataset/images/newfoundland_136.jpg,newfoundland,dog,27
/kaggle/input/datasets/tanlikesmath/the-oxfordiiit-pet-dataset/images/pomeranian_79.jpg,pomeranian,dog,28
/kaggle/input/datasets/tanlikesmath/the-oxfordiiit-pet-dataset/images/german_shorthaired_192.jpg,german_shorthaired,dog,20
/kaggle/input/datasets/tanlikesmath/the-oxfordiiit-pet-dataset/images/pug_168.jpg,pug,dog,29
/kaggle/input/datasets/tanlikesmath/the-oxfordiiit-pet-dataset/images/german_shorthaired_89.jpg,german_shorthaired,dog,20
/kaggle/input/datasets/tanlikesmath/the-oxfordiiit-pet-dataset/images/american_bulldog_119.jpg,american_bulldog,dog,12
/kaggle/input/datasets/tanlikesmath/the-oxfordiiit-pet-dataset/images/Birman_111.jpg,Birman,cat,2
/kaggle/input/datasets/tanlikesmath/the-oxfordiiit-pet-dataset/images/samoyed_109.jpg,samoyed,dog,31
/kaggle/input/datasets/tanlikesmath/the-oxfordiiit-pet-dataset/images/havanese_52.jpg,havanese,dog,22
/kaggle/input/datasets/tanlikesmath/the-oxfordiiit-pet-dataset/images/shiba_inu_27.jpg,shiba_inu,dog,33
/kaggle/input/datasets/tanlikesmath/the-oxfordiiit-pet-dataset/images/american_pit_bull_terrier_63.jpg,american_pit_bull_terrier,dog,13
/kaggle/input/datasets/tanlikesmath/the-oxfordiiit-pet-dataset/images/havanese_32.jpg,havanese,dog,22
/kaggle/input/datasets/tanlikesmath/the-oxfordiiit-pet-dataset/images/english_setter_114.jpg,english_setter,dog,19
/kaggle/input/datasets/tanlikesmath/the-oxfordiiit-pet-dataset/images/great_pyrenees_56.jpg,great_pyrenees,dog,21
/kaggle/input/datasets/tanlikesmath/the-oxfordiiit-pet-dataset/images/wheaten_terrier_127.jpg,wheaten_terrier,dog,35
/kaggle/input/datasets/tanlikesmath/the-oxfordiiit-pet-dataset/images/boxer_116.jpg,boxer,dog,16
/kaggle/input/datasets/tanlikesmath/the-oxfordiiit-pet-dataset/images/american_pit_bull_terrier_188.jpg,american_pit_bull_terrier,dog,13
/kaggle/input/datasets/tanlikesmath/the-oxfordiiit-pet-dataset/images/miniature_pinscher_177.jpg,miniature_pinscher,dog,26
/kaggle/input/datasets/tanlikesmath/the-oxfordiiit-pet-dataset/images/japanese_chin_122.jpg,japanese_chin,dog,23
/kaggle/input/datasets/tanlikesmath/the-oxfordiiit-pet-dataset/images/boxer_53.jpg,boxer,dog,16
/kaggle/input/datasets/tanlikesmath/the-oxfordiiit-pet-dataset/images/american_pit_bull_terrier_28.jpg,american_pit_bull_terrier,dog,13
/kaggle/input/datasets/tanlikesmath/the-oxfordiiit-pet-dataset/images/english_setter_54.jpg,english_setter,dog,19
/kaggle/input/datasets/tanlikesmath/the-oxfordiiit-pet-dataset/images/havanese_62.jpg,havanese,dog,22
/kaggle/input/datasets/tanlikesmath/the-oxfordiiit-pet-dataset/images/scottish_terrier_54.jpg,scottish_terrier,dog,32
/kaggle/input/datasets/tanlikesmath/the-oxfordiiit-pet-dataset/images/Sphynx_37.jpg,Sphynx,cat,11
/kaggle/input/datasets/tanlikesmath/the-oxfordiiit-pet-dataset/images/american_pit_bull_terrier_177.jpg,american_pit_bull_terrier,dog,13
/kaggle/input/datasets/tanlikesmath/the-oxfordiiit-pet-dataset/images/Birman_81.jpg,Birman,cat,2
/kaggle/input/datasets/tanlikesmath/the-oxfordiiit-pet-dataset/images/Ragdoll_219.jpg,Ragdoll,cat,8
/kaggle/input/datasets/tanlikesmath/the-oxfordiiit-pet-dataset/images/Bombay_113.jpg,Bombay,cat,3
/kaggle/input/datasets/tanlikesmath/the-oxfordiiit-pet-dataset/images/yorkshire_terrier_93.jpg,yorkshire_terrier,dog,36
/kaggle/input/datasets/tanlikesmath/the-oxfordiiit-pet-dataset/images/Ragdoll_1.jpg,Ragdoll,cat,8
/kaggle/input/datasets/tanlikesmath/the-oxfordiiit-pet-dataset/images/Abyssinian_33.jpg,Abyssinian,cat,0
/kaggle/input/datasets/tanlikesmath/the-oxfordiiit-pet-dataset/images/wheaten_terrier_181.jpg,wheaten_terrier,dog,35
/kaggle/input/datasets/tanlikesmath/the-oxfordiiit-pet-dataset/images/British_Shorthair_158.jpg,British_Shorthair,cat,4
/kaggle/input/datasets/tanlikesmath/the-oxfordiiit-pet-dataset/images/scottish_terrier_16.jpg,scottish_terrier,dog,32
/kaggle/input/datasets/tanlikesmath/the-oxfordiiit-pet-dataset/images/Bengal_126.jpg,Bengal,cat,1
/kaggle/input/datasets/tanlikesmath/the-oxfordiiit-pet-dataset/images/Egyptian_Mau_186.jpg,Egyptian_Mau,cat,5
/kaggle/input/datasets/tanlikesmath/the-oxfordiiit-pet-dataset/images/Persian_84.jpg,Persian,cat,7
/kaggle/input/datasets/tanlikesmath/the-oxfordiiit-pet-dataset/images/scottish_terrier_122.jpg,scottish_terrier,dog,32
/kaggle/input/datasets/tanlikesmath/the-oxfordiiit-pet-dataset/images/miniature_pinscher_55.jpg,miniature_pinscher,dog,26
/kaggle/input/datasets/tanlikesmath/the-oxfordiiit-pet-dataset/images/samoyed_134.jpg,samoyed,dog,31
/kaggle/input/datasets/tanlikesmath/the-oxfordiiit-pet-dataset/images/Russian_Blue_182.jpg,Russian_Blue,cat,9
/kaggle/input/datasets/tanlikesmath/the-oxfordiiit-pet-dataset/images/wheaten_terrier_44.jpg,wheaten_terrier,dog,35
/kaggle/input/datasets/tanlikesmath/the-oxfordiiit-pet-dataset/images/great_pyrenees_130.jpg,great_pyrenees,dog,21
/kaggle/input/datasets/tanlikesmath/the-oxfordiiit-pet-dataset/images/yorkshire_terrier_7.jpg,yorkshire_terrier,dog,36
/kaggle/input/datasets/tanlikesmath/the-oxfordiiit-pet-dataset/images/Egyptian_Mau_218.jpg,Egyptian_Mau,cat,5
/kaggle/input/datasets/tanlikesmath/the-oxfordiiit-pet-dataset/images/yorkshire_terrier_134.jpg,yorkshire_terrier,dog,36
/kaggle/input/datasets/tanlikesmath/the-oxfordiiit-pet-dataset/images/Russian_Blue_113.jpg,Russian_Blue,cat,9
/kaggle/input/datasets/tanlikesmath/the-oxfordiiit-pet-dataset/images/pomeranian_25.jpg,pomeranian,dog,28
/kaggle/input/datasets/tanlikesmath/the-oxfordiiit-pet-dataset/images/miniature_pinscher_144.jpg,miniature_pinscher,dog,26
/kaggle/input/datasets/tanlikesmath/the-oxfordiiit-pet-dataset/images/Russian_Blue_128.jpg,Russian_Blue,cat,9
/kaggle/input/datasets/tanlikesmath/the-oxfordiiit-pet-dataset/images/chihuahua_135.jpg,chihuahua,dog,17
/kaggle/input/datasets/tanlikesmath/the-oxfordiiit-pet-dataset/images/leonberger_119.jpg,leonberger,dog,25
/kaggle/input/datasets/tanlikesmath/the-oxfordiiit-pet-dataset/images/Ragdoll_62.jpg,Ragdoll,cat,8
/kaggle/input/datasets/tanlikesmath/the-oxfordiiit-pet-dataset/images/scottish_terrier_159.jpg,scottish_terrier,dog,32
/kaggle/input/datasets/tanlikesmath/the-oxfordiiit-pet-dataset/images/keeshond_141.jpg,keeshond,dog,24
/kaggle/input/datasets/tanlikesmath/the-oxfordiiit-pet-dataset/images/beagle_183.jpg,beagle,dog,15
/kaggle/input/datasets/tanlikesmath/the-oxfordiiit-pet-dataset/images/chihuahua_85.jpg,chihuahua,dog,17
/kaggle/input/datasets/tanlikesmath/the-oxfordiiit-pet-dataset/images/saint_bernard_151.jpg,saint_bernard,dog,30
/kaggle/input/datasets/tanlikesmath/the-oxfordiiit-pet-dataset/images/miniature_pinscher_93.jpg,miniature_pinscher,dog,26
/kaggle/input/datasets/tanlikesmath/the-oxfordiiit-pet-dataset/images/boxer_22.jpg,boxer,dog,16
/kaggle/input/datasets/tanlikesmath/the-oxfordiiit-pet-dataset/images/miniature_pinscher_17.jpg,miniature_pinscher,dog,26
/kaggle/input/datasets/tanlikesmath/the-oxfordiiit-pet-dataset/images/staffordshire_bull_terrier_86.jpg,staffordshire_bull_terrier,dog,34
/kaggle/input/datasets/tanlikesmath/the-oxfordiiit-pet-dataset/images/great_pyrenees_186.jpg,great_pyrenees,dog,21
/kaggle/input/datasets/tanlikesmath/the-oxfordiiit-pet-dataset/images/Egyptian_Mau_1.jpg,Egyptian_Mau,cat,5
/kaggle/input/datasets/tanlikesmath/the-oxfordiiit-pet-dataset/images/english_setter_89.jpg,english_setter,dog,19
/kaggle/input/datasets/tanlikesmath/the-oxfordiiit-pet-dataset/images/shiba_inu_209.jpg,shiba_inu,dog,33
/kaggle/input/datasets/tanlikesmath/the-oxfordiiit-pet-dataset/images/Sphynx_197.jpg,Sphynx,cat,11
/kaggle/input/datasets/tanlikesmath/the-oxfordiiit-pet-dataset/images/Bombay_121.jpg,Bombay,cat,3
/kaggle/input/datasets/tanlikesmath/the-oxfordiiit-pet-dataset/images/boxer_72.jpg,boxer,dog,16
/kaggle/input/datasets/tanlikesmath/the-oxfordiiit-pet-dataset/images/english_cocker_spaniel_93.jpg,english_cocker_spaniel,dog,18
/kaggle/input/datasets/tanlikesmath/the-oxfordiiit-pet-dataset/images/boxer_110.jpg,boxer,dog,16
/kaggle/input/datasets/tanlikesmath/the-oxfordiiit-pet-dataset/images/boxer_18.jpg,boxer,dog,16
/kaggle/input/datasets/tanlikesmath/the-oxfordiiit-pet-dataset/images/staffordshire_bull_terrier_77.jpg,staffordshire_bull_terrier,dog,34
/kaggle/input/datasets/tanlikesmath/the-oxfordiiit-pet-dataset/images/leonberger_70.jpg,leonberger,dog,25
/kaggle/input/datasets/tanlikesmath/the-oxfordiiit-pet-dataset/images/pomeranian_76.jpg,pomeranian,dog,28
/kaggle/input/datasets/tanlikesmath/the-oxfordiiit-pet-dataset/images/Egyptian_Mau_7.jpg,Egyptian_Mau,cat,5
/kaggle/input/datasets/tanlikesmath/the-oxfordiiit-pet-dataset/images/samoyed_37.jpg,samoyed,dog,31
/kaggle/input/datasets/tanlikesmath/the-oxfordiiit-pet-dataset/images/Ragdoll_262.jpg,Ragdoll,cat,8
/kaggle/input/datasets/tanlikesmath/the-oxfordiiit-pet-dataset/images/Ragdoll_179.jpg,Ragdoll,cat,8
/kaggle/input/datasets/tanlikesmath/the-oxfordiiit-pet-dataset/images/great_pyrenees_178.jpg,great_pyrenees,dog,21
/kaggle/input/datasets/tanlikesmath/the-oxfordiiit-pet-dataset/images/British_Shorthair_151.jpg,British_Shorthair,cat,4
/kaggle/input/datasets/tanlikesmath/the-oxfordiiit-pet-dataset/images/american_pit_bull_terrier_153.jpg,american_pit_bull_terrier,dog,13
/kaggle/input/datasets/tanlikesmath/the-oxfordiiit-pet-dataset/images/chihuahua_11.jpg,chihuahua,dog,17
/kaggle/input/datasets/tanlikesmath/the-oxfordiiit-pet-dataset/images/newfoundland_172.jpg,newfoundland,dog,27
/kaggle/input/datasets/tanlikesmath/the-oxfordiiit-pet-dataset/images/pug_146.jpg,pug,dog,29
/kaggle/input/datasets/tanlikesmath/the-oxfordiiit-pet-dataset/images/Egyptian_Mau_3.jpg,Egyptian_Mau,cat,5
/kaggle/input/datasets/tanlikesmath/the-oxfordiiit-pet-dataset/images/Bengal_17.jpg,Bengal,cat,1
/kaggle/input/datasets/tanlikesmath/the-oxfordiiit-pet-dataset/images/Bengal_28.jpg,Bengal,cat,1
/kaggle/input/datasets/tanlikesmath/the-oxfordiiit-pet-dataset/images/Egyptian_Mau_190.jpg,Egyptian_Mau,cat,5
/kaggle/input/datasets/tanlikesmath/the-oxfordiiit-pet-dataset/images/saint_bernard_86.jpg,saint_bernard,dog,30
/kaggle/input/datasets/tanlikesmath/the-oxfordiiit-pet-dataset/images/Bengal_161.jpg,Bengal,cat,1
/kaggle/input/datasets/tanlikesmath/the-oxfordiiit-pet-dataset/images/Russian_Blue_263.jpg,Russian_Blue,cat,9
/kaggle/input/datasets/tanlikesmath/the-oxfordiiit-pet-dataset/images/newfoundland_118.jpg,newfoundland,dog,27
/kaggle/input/datasets/tanlikesmath/the-oxfordiiit-pet-dataset/images/keeshond_125.jpg,keeshond,dog,24
/kaggle/input/datasets/tanlikesmath/the-oxfordiiit-pet-dataset/images/Egyptian_Mau_50.jpg,Egyptian_Mau,cat,5
/kaggle/input/datasets/tanlikesmath/the-oxfordiiit-pet-dataset/images/japanese_chin_101.jpg,japanese_chin,dog,23
/kaggle/input/datasets/tanlikesmath/the-oxfordiiit-pet-dataset/images/japanese_chin_32.jpg,japanese_chin,dog,23
/kaggle/input/datasets/tanlikesmath/the-oxfordiiit-pet-dataset/images/Birman_11.jpg,Birman,cat,2
/kaggle/input/datasets/tanlikesmath/the-oxfordiiit-pet-dataset/images/japanese_chin_63.jpg,japanese_chin,dog,23
/kaggle/input/datasets/tanlikesmath/the-oxfordiiit-pet-dataset/images/basset_hound_88.jpg,basset_hound,dog,14
/kaggle/input/datasets/tanlikesmath/the-oxfordiiit-pet-dataset/images/american_pit_bull_terrier_119.jpg,american_pit_bull_terrier,dog,13
/kaggle/input/datasets/tanlikesmath/the-oxfordiiit-pet-dataset/images/yorkshire_terrier_150.jpg,yorkshire_terrier,dog,36
/kaggle/input/datasets/tanlikesmath/the-oxfordiiit-pet-dataset/images/saint_bernard_122.jpg,saint_bernard,dog,30
/kaggle/input/datasets/tanlikesmath/the-oxfordiiit-pet-dataset/images/newfoundland_41.jpg,newfoundland,dog,27
/kaggle/input/datasets/tanlikesmath/the-oxfordiiit-pet-dataset/images/newfoundland_31.jpg,newfoundland,dog,27
/kaggle/input/datasets/tanlikesmath/the-oxfordiiit-pet-dataset/images/scottish_terrier_118.jpg,scottish_terrier,dog,32
/kaggle/input/datasets/tanlikesmath/the-oxfordiiit-pet-dataset/images/pug_109.jpg,pug,dog,29
/kaggle/input/datasets/tanlikesmath/the-oxfordiiit-pet-dataset/images/Siamese_64.jpg,Siamese,cat,10
/kaggle/input/datasets/tanlikesmath/the-oxfordiiit-pet-dataset/images/Siamese_66.jpg,Siamese,cat,10
/kaggle/input/datasets/tanlikesmath/the-oxfordiiit-pet-dataset/images/Siamese_101.jpg,Siamese,cat,10
/kaggle/input/datasets/tanlikesmath/the-oxfordiiit-pet-dataset/images/Abyssinian_18.jpg,Abyssinian,cat,0
/kaggle/input/datasets/tanlikesmath/the-oxfordiiit-pet-dataset/images/american_pit_bull_terrier_23.jpg,american_pit_bull_terrier,dog,13
/kaggle/input/datasets/tanlikesmath/the-oxfordiiit-pet-dataset/images/american_bulldog_112.jpg,american_bulldog,dog,12
/kaggle/input/datasets/tanlikesmath/the-oxfordiiit-pet-dataset/images/Persian_104.jpg,Persian,cat,7
/kaggle/input/datasets/tanlikesmath/the-oxfordiiit-pet-dataset/images/american_pit_bull_terrier_73.jpg,american_pit_bull_terrier,dog,13
/kaggle/input/datasets/tanlikesmath/the-oxfordiiit-pet-dataset/images/chihuahua_20.jpg,chihuahua,dog,17
/kaggle/input/datasets/tanlikesmath/the-oxfordiiit-pet-dataset/images/samoyed_85.jpg,samoyed,dog,31
/kaggle/input/datasets/tanlikesmath/the-oxfordiiit-pet-dataset/images/Egyptian_Mau_69.jpg,Egyptian_Mau,cat,5
/kaggle/input/datasets/tanlikesmath/the-oxfordiiit-pet-dataset/images/saint_bernard_170.jpg,saint_bernard,dog,30
/kaggle/input/datasets/tanlikesmath/the-oxfordiiit-pet-dataset/images/american_bulldog_70.jpg,american_bulldog,dog,12
/kaggle/input/datasets/tanlikesmath/the-oxfordiiit-pet-dataset/images/Sphynx_230.jpg,Sphynx,cat,11
/kaggle/input/datasets/tanlikesmath/the-oxfordiiit-pet-dataset/images/Bengal_144.jpg,Bengal,cat,1
/kaggle/input/datasets/tanlikesmath/the-oxfordiiit-pet-dataset/images/Birman_201.jpg,Birman,cat,2
/kaggle/input/datasets/tanlikesmath/the-oxfordiiit-pet-dataset/images/scottish_terrier_81.jpg,scottish_terrier,dog,32
/kaggle/input/datasets/tanlikesmath/the-oxfordiiit-pet-dataset/images/havanese_191.jpg,havanese,dog,22
/kaggle/input/datasets/tanlikesmath/the-oxfordiiit-pet-dataset/images/great_pyrenees_116.jpg,great_pyrenees,dog,21
/kaggle/input/datasets/tanlikesmath/the-oxfordiiit-pet-dataset/images/Birman_36.jpg,Birman,cat,2
/kaggle/input/datasets/tanlikesmath/the-oxfordiiit-pet-dataset/images/Ragdoll_52.jpg,Ragdoll,cat,8
/kaggle/input/datasets/tanlikesmath/the-oxfordiiit-pet-dataset/images/Persian_145.jpg,Persian,cat,7
/kaggle/input/datasets/tanlikesmath/the-oxfordiiit-pet-dataset/images/Sphynx_236.jpg,Sphynx,cat,11
/kaggle/input/datasets/tanlikesmath/the-oxfordiiit-pet-dataset/images/leonberger_38.jpg,leonberger,dog,25
/kaggle/input/datasets/tanlikesmath/the-oxfordiiit-pet-dataset/images/Russian_Blue_12.jpg,Russian_Blue,cat,9
/kaggle/input/datasets/tanlikesmath/the-oxfordiiit-pet-dataset/images/Birman_114.jpg,Birman,cat,2
/kaggle/input/datasets/tanlikesmath/the-oxfordiiit-pet-dataset/images/beagle_56.jpg,beagle,dog,15
/kaggle/input/datasets/tanlikesmath/the-oxfordiiit-pet-dataset/images/havanese_20.jpg,havanese,dog,22
/kaggle/input/datasets/tanlikesmath/the-oxfordiiit-pet-dataset/images/keeshond_61.jpg,keeshond,dog,24
/kaggle/input/datasets/tanlikesmath/the-oxfordiiit-pet-dataset/images/german_shorthaired_129.jpg,german_shorthaired,dog,20
/kaggle/input/datasets/tanlikesmath/the-oxfordiiit-pet-dataset/images/miniature_pinscher_108.jpg,miniature_pinscher,dog,26
/kaggle/input/datasets/tanlikesmath/the-oxfordiiit-pet-dataset/images/Sphynx_165.jpg,Sphynx,cat,11
/kaggle/input/datasets/tanlikesmath/the-oxfordiiit-pet-dataset/images/american_pit_bull_terrier_98.jpg,american_pit_bull_terrier,dog,13
/kaggle/input/datasets/tanlikesmath/the-oxfordiiit-pet-dataset/images/Egyptian_Mau_112.jpg,Egyptian_Mau,cat,5
/kaggle/input/datasets/tanlikesmath/the-oxfordiiit-pet-dataset/images/Bengal_121.jpg,Bengal,cat,1
/kaggle/input/datasets/tanlikesmath/the-oxfordiiit-pet-dataset/images/beagle_137.jpg,beagle,dog,15
/kaggle/input/datasets/tanlikesmath/the-oxfordiiit-pet-dataset/images/Egyptian_Mau_58.jpg,Egyptian_Mau,cat,5
/kaggle/input/datasets/tanlikesmath/the-oxfordiiit-pet-dataset/images/Persian_72.jpg,Persian,cat,7
/kaggle/input/datasets/tanlikesmath/the-oxfordiiit-pet-dataset/images/Bengal_103.jpg,Bengal,cat,1
/kaggle/input/datasets/tanlikesmath/the-oxfordiiit-pet-dataset/images/Ragdoll_30.jpg,Ragdoll,cat,8
/kaggle/input/datasets/tanlikesmath/the-oxfordiiit-pet-dataset/images/english_cocker_spaniel_181.jpg,english_cocker_spaniel,dog,18
/kaggle/input/datasets/tanlikesmath/the-oxfordiiit-pet-dataset/images/beagle_88.jpg,beagle,dog,15
/kaggle/input/datasets/tanlikesmath/the-oxfordiiit-pet-dataset/images/pug_194.jpg,pug,dog,29
/kaggle/input/datasets/tanlikesmath/the-oxfordiiit-pet-dataset/images/chihuahua_72.jpg,chihuahua,dog,17
/kaggle/input/datasets/tanlikesmath/the-oxfordiiit-pet-dataset/images/american_bulldog_66.jpg,american_bulldog,dog,12
/kaggle/input/datasets/tanlikesmath/the-oxfordiiit-pet-dataset/images/Maine_Coon_51.jpg,Maine_Coon,cat,6
/kaggle/input/datasets/tanlikesmath/the-oxfordiiit-pet-dataset/images/german_shorthaired_185.jpg,german_shorthaired,dog,20
/kaggle/input/datasets/tanlikesmath/the-oxfordiiit-pet-dataset/images/wheaten_terrier_45.jpg,wheaten_terrier,dog,35
/kaggle/input/datasets/tanlikesmath/the-oxfordiiit-pet-dataset/images/Maine_Coon_136.jpg,Maine_Coon,cat,6
/kaggle/input/datasets/tanlikesmath/the-oxfordiiit-pet-dataset/images/Russian_Blue_187.jpg,Russian_Blue,cat,9
/kaggle/input/datasets/tanlikesmath/the-oxfordiiit-pet-dataset/images/Sphynx_204.jpg,Sphynx,cat,11
/kaggle/input/datasets/tanlikesmath/the-oxfordiiit-pet-dataset/images/chihuahua_69.jpg,chihuahua,dog,17
/kaggle/input/datasets/tanlikesmath/the-oxfordiiit-pet-dataset/images/newfoundland_81.jpg,newfoundland,dog,27
/kaggle/input/datasets/tanlikesmath/the-oxfordiiit-pet-dataset/images/Ragdoll_16.jpg,Ragdoll,cat,8
/kaggle/input/datasets/tanlikesmath/the-oxfordiiit-pet-dataset/images/american_bulldog_35.jpg,american_bulldog,dog,12
/kaggle/input/datasets/tanlikesmath/the-oxfordiiit-pet-dataset/images/saint_bernard_5.jpg,saint_bernard,dog,30
/kaggle/input/datasets/tanlikesmath/the-oxfordiiit-pet-dataset/images/havanese_82.jpg,havanese,dog,22
/kaggle/input/datasets/tanlikesmath/the-oxfordiiit-pet-dataset/images/Russian_Blue_143.jpg,Russian_Blue,cat,9
/kaggle/input/datasets/tanlikesmath/the-oxfordiiit-pet-dataset/images/basset_hound_70.jpg,basset_hound,dog,14
/kaggle/input/datasets/tanlikesmath/the-oxfordiiit-pet-dataset/images/miniature_pinscher_184.jpg,miniature_pinscher,dog,26
/kaggle/input/datasets/tanlikesmath/the-oxfordiiit-pet-dataset/images/saint_bernard_8.jpg,saint_bernard,dog,30
/kaggle/input/datasets/tanlikesmath/the-oxfordiiit-pet-dataset/images/Siamese_232.jpg,Siamese,cat,10
/kaggle/input/datasets/tanlikesmath/the-oxfordiiit-pet-dataset/images/leonberger_60.jpg,leonberger,dog,25
/kaggle/input/datasets/tanlikesmath/the-oxfordiiit-pet-dataset/images/english_cocker_spaniel_144.jpg,english_cocker_spaniel,dog,18
/kaggle/input/datasets/tanlikesmath/the-oxfordiiit-pet-dataset/images/great_pyrenees_9.jpg,great_pyrenees,dog,21
/kaggle/input/datasets/tanlikesmath/the-oxfordiiit-pet-dataset/images/samoyed_58.jpg,samoyed,dog,31
/kaggle/input/datasets/tanlikesmath/the-oxfordiiit-pet-dataset/images/great_pyrenees_35.jpg,great_pyrenees,dog,21
/kaggle/input/datasets/tanlikesmath/the-oxfordiiit-pet-dataset/images/Russian_Blue_86.jpg,Russian_Blue,cat,9
/kaggle/input/datasets/tanlikesmath/the-oxfordiiit-pet-dataset/images/havanese_36.jpg,havanese,dog,22
/kaggle/input/datasets/tanlikesmath/the-oxfordiiit-pet-dataset/images/Russian_Blue_149.jpg,Russian_Blue,cat,9
/kaggle/input/datasets/tanlikesmath/the-oxfordiiit-pet-dataset/images/Persian_185.jpg,Persian,cat,7
/kaggle/input/datasets/tanlikesmath/the-oxfordiiit-pet-dataset/images/japanese_chin_166.jpg,japanese_chin,dog,23
/kaggle/input/datasets/tanlikesmath/the-oxfordiiit-pet-dataset/images/beagle_135.jpg,beagle,dog,15
/kaggle/input/datasets/tanlikesmath/the-oxfordiiit-pet-dataset/images/British_Shorthair_186.jpg,British_Shorthair,cat,4
/kaggle/input/datasets/tanlikesmath/the-oxfordiiit-pet-dataset/images/boxer_67.jpg,boxer,dog,16
/kaggle/input/datasets/tanlikesmath/the-oxfordiiit-pet-dataset/images/yorkshire_terrier_17.jpg,yorkshire_terrier,dog,36
/kaggle/input/datasets/tanlikesmath/the-oxfordiiit-pet-dataset/images/saint_bernard_160.jpg,saint_bernard,dog,30
/kaggle/input/datasets/tanlikesmath/the-oxfordiiit-pet-dataset/images/newfoundland_198.jpg,newfoundland,dog,27
/kaggle/input/datasets/tanlikesmath/the-oxfordiiit-pet-dataset/images/chihuahua_65.jpg,chihuahua,dog,17
/kaggle/input/datasets/tanlikesmath/the-oxfordiiit-pet-dataset/images/newfoundland_147.jpg,newfoundland,dog,27
/kaggle/input/datasets/tanlikesmath/the-oxfordiiit-pet-dataset/images/beagle_45.jpg,beagle,dog,15
/kaggle/input/datasets/tanlikesmath/the-oxfordiiit-pet-dataset/images/american_pit_bull_terrier_124.jpg,american_pit_bull_terrier,dog,13
/kaggle/input/datasets/tanlikesmath/the-oxfordiiit-pet-dataset/images/basset_hound_194.jpg,basset_hound,dog,14
/kaggle/input/datasets/tanlikesmath/the-oxfordiiit-pet-dataset/images/chihuahua_181.jpg,chihuahua,dog,17
/kaggle/input/datasets/tanlikesmath/the-oxfordiiit-pet-dataset/images/great_pyrenees_25.jpg,great_pyrenees,dog,21
/kaggle/input/datasets/tanlikesmath/the-oxfordiiit-pet-dataset/images/Russian_Blue_195.jpg,Russian_Blue,cat,9
/kaggle/input/datasets/tanlikesmath/the-oxfordiiit-pet-dataset/images/samoyed_48.jpg,samoyed,dog,31
/kaggle/input/datasets/tanlikesmath/the-oxfordiiit-pet-dataset/images/boxer_82.jpg,boxer,dog,16
/kaggle/input/datasets/tanlikesmath/the-oxfordiiit-pet-dataset/images/Birman_92.jpg,Birman,cat,2
/kaggle/input/datasets/tanlikesmath/the-oxfordiiit-pet-dataset/images/havanese_178.jpg,havanese,dog,22
/kaggle/input/datasets/tanlikesmath/the-oxfordiiit-pet-dataset/images/yorkshire_terrier_164.jpg,yorkshire_terrier,dog,36
/kaggle/input/datasets/tanlikesmath/the-oxfordiiit-pet-dataset/images/japanese_chin_181.jpg,japanese_chin,dog,23
/kaggle/input/datasets/tanlikesmath/the-oxfordiiit-pet-dataset/images/american_bulldog_28.jpg,american_bulldog,dog,12
/kaggle/input/datasets/tanlikesmath/the-oxfordiiit-pet-dataset/images/Maine_Coon_135.jpg,Maine_Coon,cat,6
/kaggle/input/datasets/tanlikesmath/the-oxfordiiit-pet-dataset/images/yorkshire_terrier_132.jpg,yorkshire_terrier,dog,36
/kaggle/input/datasets/tanlikesmath/the-oxfordiiit-pet-dataset/images/Russian_Blue_81.jpg,Russian_Blue,cat,9
/kaggle/input/datasets/tanlikesmath/the-oxfordiiit-pet-dataset/images/staffordshire_bull_terrier_165.jpg,staffordshire_bull_terrier,dog,34
/kaggle/input/datasets/tanlikesmath/the-oxfordiiit-pet-dataset/images/wheaten_terrier_148.jpg,wheaten_terrier,dog,35
/kaggle/input/datasets/tanlikesmath/the-oxfordiiit-pet-dataset/images/Bengal_105.jpg,Bengal,cat,1
/kaggle/input/datasets/tanlikesmath/the-oxfordiiit-pet-dataset/images/german_shorthaired_52.jpg,german_shorthaired,dog,20
/kaggle/input/datasets/tanlikesmath/the-oxfordiiit-pet-dataset/images/german_shorthaired_111.jpg,german_shorthaired,dog,20
/kaggle/input/datasets/tanlikesmath/the-oxfordiiit-pet-dataset/images/japanese_chin_148.jpg,japanese_chin,dog,23
/kaggle/input/datasets/tanlikesmath/the-oxfordiiit-pet-dataset/images/great_pyrenees_41.jpg,great_pyrenees,dog,21
/kaggle/input/datasets/tanlikesmath/the-oxfordiiit-pet-dataset/images/Siamese_142.jpg,Siamese,cat,10
/kaggle/input/datasets/tanlikesmath/the-oxfordiiit-pet-dataset/images/Ragdoll_98.jpg,Ragdoll,cat,8
/kaggle/input/datasets/tanlikesmath/the-oxfordiiit-pet-dataset/images/boxer_68.jpg,boxer,dog,16
/kaggle/input/datasets/tanlikesmath/the-oxfordiiit-pet-dataset/images/english_setter_136.jpg,english_setter,dog,19
/kaggle/input/datasets/tanlikesmath/the-oxfordiiit-pet-dataset/images/wheaten_terrier_70.jpg,wheaten_terrier,dog,35
/kaggle/input/datasets/tanlikesmath/the-oxfordiiit-pet-dataset/images/great_pyrenees_2.jpg,great_pyrenees,dog,21
/kaggle/input/datasets/tanlikesmath/the-oxfordiiit-pet-dataset/images/Birman_37.jpg,Birman,cat,2
/kaggle/input/datasets/tanlikesmath/the-oxfordiiit-pet-dataset/images/Siamese_30.jpg,Siamese,cat,10
/kaggle/input/datasets/tanlikesmath/the-oxfordiiit-pet-dataset/images/samoyed_47.jpg,samoyed,dog,31
/kaggle/input/datasets/tanlikesmath/the-oxfordiiit-pet-dataset/images/american_pit_bull_terrier_147.jpg,american_pit_bull_terrier,dog,13
/kaggle/input/datasets/tanlikesmath/the-oxfordiiit-pet-dataset/images/havanese_24.jpg,havanese,dog,22
/kaggle/input/datasets/tanlikesmath/the-oxfordiiit-pet-dataset/images/beagle_67.jpg,beagle,dog,15
/kaggle/input/datasets/tanlikesmath/the-oxfordiiit-pet-dataset/images/yorkshire_terrier_65.jpg,yorkshire_terrier,dog,36
/kaggle/input/datasets/tanlikesmath/the-oxfordiiit-pet-dataset/images/Sphynx_252.jpg,Sphynx,cat,11
/kaggle/input/datasets/tanlikesmath/the-oxfordiiit-pet-dataset/images/saint_bernard_17.jpg,saint_bernard,dog,30
/kaggle/input/datasets/tanlikesmath/the-oxfordiiit-pet-dataset/images/english_cocker_spaniel_77.jpg,english_cocker_spaniel,dog,18
/kaggle/input/datasets/tanlikesmath/the-oxfordiiit-pet-dataset/images/german_shorthaired_148.jpg,german_shorthaired,dog,20
/kaggle/input/datasets/tanlikesmath/the-oxfordiiit-pet-dataset/images/german_shorthaired_199.jpg,german_shorthaired,dog,20
/kaggle/input/datasets/tanlikesmath/the-oxfordiiit-pet-dataset/images/Bengal_96.jpg,Bengal,cat,1
/kaggle/input/datasets/tanlikesmath/the-oxfordiiit-pet-dataset/images/Bombay_26.jpg,Bombay,cat,3
/kaggle/input/datasets/tanlikesmath/the-oxfordiiit-pet-dataset/images/basset_hound_49.jpg,basset_hound,dog,14
/kaggle/input/datasets/tanlikesmath/the-oxfordiiit-pet-dataset/images/wheaten_terrier_82.jpg,wheaten_terrier,dog,35
/kaggle/input/datasets/tanlikesmath/the-oxfordiiit-pet-dataset/images/basset_hound_180.jpg,basset_hound,dog,14
/kaggle/input/datasets/tanlikesmath/the-oxfordiiit-pet-dataset/images/Russian_Blue_158.jpg,Russian_Blue,cat,9
/kaggle/input/datasets/tanlikesmath/the-oxfordiiit-pet-dataset/images/Persian_107.jpg,Persian,cat,7
/kaggle/input/datasets/tanlikesmath/the-oxfordiiit-pet-dataset/images/scottish_terrier_87.jpg,scottish_terrier,dog,32
/kaggle/input/datasets/tanlikesmath/the-oxfordiiit-pet-dataset/images/Ragdoll_73.jpg,Ragdoll,cat,8
/kaggle/input/datasets/tanlikesmath/the-oxfordiiit-pet-dataset/images/Birman_69.jpg,Birman,cat,2
/kaggle/input/datasets/tanlikesmath/the-oxfordiiit-pet-dataset/images/miniature_pinscher_126.jpg,miniature_pinscher,dog,26
/kaggle/input/datasets/tanlikesmath/the-oxfordiiit-pet-dataset/images/Persian_12.jpg,Persian,cat,7
/kaggle/input/datasets/tanlikesmath/the-oxfordiiit-pet-dataset/images/Persian_10.jpg,Persian,cat,7
/kaggle/input/datasets/tanlikesmath/the-oxfordiiit-pet-dataset/images/shiba_inu_100.jpg,shiba_inu,dog,33
/kaggle/input/datasets/tanlikesmath/the-oxfordiiit-pet-dataset/images/Abyssinian_5.jpg,Abyssinian,cat,0
/kaggle/input/datasets/tanlikesmath/the-oxfordiiit-pet-dataset/images/Birman_117.jpg,Birman,cat,2
/kaggle/input/datasets/tanlikesmath/the-oxfordiiit-pet-dataset/images/scottish_terrier_174.jpg,scottish_terrier,dog,32
/kaggle/input/datasets/tanlikesmath/the-oxfordiiit-pet-dataset/images/Maine_Coon_67.jpg,Maine_Coon,cat,6
/kaggle/input/datasets/tanlikesmath/the-oxfordiiit-pet-dataset/images/scottish_terrier_138.jpg,scottish_terrier,dog,32
/kaggle/input/datasets/tanlikesmath/the-oxfordiiit-pet-dataset/images/leonberger_91.jpg,leonberger,dog,25
/kaggle/input/datasets/tanlikesmath/the-oxfordiiit-pet-dataset/images/german_shorthaired_14.jpg,german_shorthaired,dog,20
/kaggle/input/datasets/tanlikesmath/the-oxfordiiit-pet-dataset/images/american_bulldog_94.jpg,american_bulldog,dog,12
/kaggle/input/datasets/tanlikesmath/the-oxfordiiit-pet-dataset/images/leonberger_127.jpg,leonberger,dog,25
/kaggle/input/datasets/tanlikesmath/the-oxfordiiit-pet-dataset/images/Maine_Coon_43.jpg,Maine_Coon,cat,6
/kaggle/input/datasets/tanlikesmath/the-oxfordiiit-pet-dataset/images/american_bulldog_161.jpg,american_bulldog,dog,12
/kaggle/input/datasets/tanlikesmath/the-oxfordiiit-pet-dataset/images/samoyed_133.jpg,samoyed,dog,31
/kaggle/input/datasets/tanlikesmath/the-oxfordiiit-pet-dataset/images/British_Shorthair_144.jpg,British_Shorthair,cat,4
/kaggle/input/datasets/tanlikesmath/the-oxfordiiit-pet-dataset/images/wheaten_terrier_59.jpg,wheaten_terrier,dog,35
/kaggle/input/datasets/tanlikesmath/the-oxfordiiit-pet-dataset/images/japanese_chin_173.jpg,japanese_chin,dog,23
/kaggle/input/datasets/tanlikesmath/the-oxfordiiit-pet-dataset/images/japanese_chin_115.jpg,japanese_chin,dog,23
/kaggle/input/datasets/tanlikesmath/the-oxfordiiit-pet-dataset/images/Ragdoll_195.jpg,Ragdoll,cat,8
/kaggle/input/datasets/tanlikesmath/the-oxfordiiit-pet-dataset/images/Siamese_28.jpg,Siamese,cat,10
/kaggle/input/datasets/tanlikesmath/the-oxfordiiit-pet-dataset/images/miniature_pinscher_96.jpg,miniature_pinscher,dog,26
/kaggle/input/datasets/tanlikesmath/the-oxfordiiit-pet-dataset/images/staffordshire_bull_terrier_99.jpg,staffordshire_bull_terrier,dog,34
/kaggle/input/datasets/tanlikesmath/the-oxfordiiit-pet-dataset/images/Siamese_198.jpg,Siamese,cat,10
/kaggle/input/datasets/tanlikesmath/the-oxfordiiit-pet-dataset/images/great_pyrenees_63.jpg,great_pyrenees,dog,21
/kaggle/input/datasets/tanlikesmath/the-oxfordiiit-pet-dataset/images/german_shorthaired_6.jpg,german_shorthaired,dog,20
/kaggle/input/datasets/tanlikesmath/the-oxfordiiit-pet-dataset/images/Abyssinian_34.jpg,Abyssinian,cat,0
/kaggle/input/datasets/tanlikesmath/the-oxfordiiit-pet-dataset/images/newfoundland_29.jpg,newfoundland,dog,27
/kaggle/input/datasets/tanlikesmath/the-oxfordiiit-pet-dataset/images/japanese_chin_56.jpg,japanese_chin,dog,23
/kaggle/input/datasets/tanlikesmath/the-oxfordiiit-pet-dataset/images/Bengal_123.jpg,Bengal,cat,1
/kaggle/input/datasets/tanlikesmath/the-oxfordiiit-pet-dataset/images/boxer_166.jpg,boxer,dog,16
/kaggle/input/datasets/tanlikesmath/the-oxfordiiit-pet-dataset/images/pug_88.jpg,pug,dog,29
/kaggle/input/datasets/tanlikesmath/the-oxfordiiit-pet-dataset/images/havanese_123.jpg,havanese,dog,22
/kaggle/input/datasets/tanlikesmath/the-oxfordiiit-pet-dataset/images/keeshond_196.jpg,keeshond,dog,24
/kaggle/input/datasets/tanlikesmath/the-oxfordiiit-pet-dataset/images/miniature_pinscher_62.jpg,miniature_pinscher,dog,26
/kaggle/input/datasets/tanlikesmath/the-oxfordiiit-pet-dataset/images/Sphynx_19.jpg,Sphynx,cat,11
/kaggle/input/datasets/tanlikesmath/the-oxfordiiit-pet-dataset/images/scottish_terrier_32.jpg,scottish_terrier,dog,32
/kaggle/input/datasets/tanlikesmath/the-oxfordiiit-pet-dataset/images/english_setter_138.jpg,english_setter,dog,19
/kaggle/input/datasets/tanlikesmath/the-oxfordiiit-pet-dataset/images/Sphynx_241.jpg,Sphynx,cat,11
/kaggle/input/datasets/tanlikesmath/the-oxfordiiit-pet-dataset/images/Maine_Coon_133.jpg,Maine_Coon,cat,6
/kaggle/input/datasets/tanlikesmath/the-oxfordiiit-pet-dataset/images/leonberger_168.jpg,leonberger,dog,25
/kaggle/input/datasets/tanlikesmath/the-oxfordiiit-pet-dataset/images/Birman_105.jpg,Birman,cat,2
/kaggle/input/datasets/tanlikesmath/the-oxfordiiit-pet-dataset/images/scottish_terrier_101.jpg,scottish_terrier,dog,32
/kaggle/input/datasets/tanlikesmath/the-oxfordiiit-pet-dataset/images/Persian_255.jpg,Persian,cat,7
/kaggle/input/datasets/tanlikesmath/the-oxfordiiit-pet-dataset/images/leonberger_179.jpg,leonberger,dog,25
/kaggle/input/datasets/tanlikesmath/the-oxfordiiit-pet-dataset/images/newfoundland_63.jpg,newfoundland,dog,27
/kaggle/input/datasets/tanlikesmath/the-oxfordiiit-pet-dataset/images/staffordshire_bull_terrier_8.jpg,staffordshire_bull_terrier,dog,34
/kaggle/input/datasets/tanlikesmath/the-oxfordiiit-pet-dataset/images/german_shorthaired_168.jpg,german_shorthaired,dog,20
/kaggle/input/datasets/tanlikesmath/the-oxfordiiit-pet-dataset/images/german_shorthaired_165.jpg,german_shorthaired,dog,20
/kaggle/input/datasets/tanlikesmath/the-oxfordiiit-pet-dataset/images/beagle_63.jpg,beagle,dog,15
/kaggle/input/datasets/tanlikesmath/the-oxfordiiit-pet-dataset/images/leonberger_87.jpg,leonberger,dog,25
/kaggle/input/datasets/tanlikesmath/the-oxfordiiit-pet-dataset/images/Maine_Coon_127.jpg,Maine_Coon,cat,6
/kaggle/input/datasets/tanlikesmath/the-oxfordiiit-pet-dataset/images/english_cocker_spaniel_134.jpg,english_cocker_spaniel,dog,18
/kaggle/input/datasets/tanlikesmath/the-oxfordiiit-pet-dataset/images/Abyssinian_120.jpg,Abyssinian,cat,0
/kaggle/input/datasets/tanlikesmath/the-oxfordiiit-pet-dataset/images/american_bulldog_36.jpg,american_bulldog,dog,12
/kaggle/input/datasets/tanlikesmath/the-oxfordiiit-pet-dataset/images/havanese_81.jpg,havanese,dog,22
/kaggle/input/datasets/tanlikesmath/the-oxfordiiit-pet-dataset/images/pomeranian_182.jpg,pomeranian,dog,28
/kaggle/input/datasets/tanlikesmath/the-oxfordiiit-pet-dataset/images/Birman_173.jpg,Birman,cat,2
/kaggle/input/datasets/tanlikesmath/the-oxfordiiit-pet-dataset/images/basset_hound_74.jpg,basset_hound,dog,14
/kaggle/input/datasets/tanlikesmath/the-oxfordiiit-pet-dataset/images/pomeranian_31.jpg,pomeranian,dog,28
/kaggle/input/datasets/tanlikesmath/the-oxfordiiit-pet-dataset/images/havanese_146.jpg,havanese,dog,22
/kaggle/input/datasets/tanlikesmath/the-oxfordiiit-pet-dataset/images/Bombay_132.jpg,Bombay,cat,3
/kaggle/input/datasets/tanlikesmath/the-oxfordiiit-pet-dataset/images/leonberger_13.jpg,leonberger,dog,25
/kaggle/input/datasets/tanlikesmath/the-oxfordiiit-pet-dataset/images/german_shorthaired_174.jpg,german_shorthaired,dog,20
/kaggle/input/datasets/tanlikesmath/the-oxfordiiit-pet-dataset/images/keeshond_180.jpg,keeshond,dog,24
/kaggle/input/datasets/tanlikesmath/the-oxfordiiit-pet-dataset/images/american_bulldog_143.jpg,american_bulldog,dog,12
/kaggle/input/datasets/tanlikesmath/the-oxfordiiit-pet-dataset/images/english_setter_142.jpg,english_setter,dog,19
/kaggle/input/datasets/tanlikesmath/the-oxfordiiit-pet-dataset/images/english_setter_67.jpg,english_setter,dog,19
/kaggle/input/datasets/tanlikesmath/the-oxfordiiit-pet-dataset/images/Egyptian_Mau_214.jpg,Egyptian_Mau,cat,5
/kaggle/input/datasets/tanlikesmath/the-oxfordiiit-pet-dataset/images/newfoundland_163.jpg,newfoundland,dog,27
/kaggle/input/datasets/tanlikesmath/the-oxfordiiit-pet-dataset/images/japanese_chin_158.jpg,japanese_chin,dog,23
/kaggle/input/datasets/tanlikesmath/the-oxfordiiit-pet-dataset/images/Ragdoll_140.jpg,Ragdoll,cat,8
/kaggle/input/datasets/tanlikesmath/the-oxfordiiit-pet-dataset/images/Bengal_71.jpg,Bengal,cat,1
/kaggle/input/datasets/tanlikesmath/the-oxfordiiit-pet-dataset/images/chihuahua_183.jpg,chihuahua,dog,17
/kaggle/input/datasets/tanlikesmath/the-oxfordiiit-pet-dataset/images/yorkshire_terrier_96.jpg,yorkshire_terrier,dog,36
/kaggle/input/datasets/tanlikesmath/the-oxfordiiit-pet-dataset/images/boxer_192.jpg,boxer,dog,16
/kaggle/input/datasets/tanlikesmath/the-oxfordiiit-pet-dataset/images/german_shorthaired_84.jpg,german_shorthaired,dog,20
/kaggle/input/datasets/tanlikesmath/the-oxfordiiit-pet-dataset/images/Ragdoll_170.jpg,Ragdoll,cat,8
/kaggle/input/datasets/tanlikesmath/the-oxfordiiit-pet-dataset/images/Ragdoll_12.jpg,Ragdoll,cat,8
/kaggle/input/datasets/tanlikesmath/the-oxfordiiit-pet-dataset/images/yorkshire_terrier_199.jpg,yorkshire_terrier,dog,36
/kaggle/input/datasets/tanlikesmath/the-oxfordiiit-pet-dataset/images/shiba_inu_118.jpg,shiba_inu,dog,33
/kaggle/input/datasets/tanlikesmath/the-oxfordiiit-pet-dataset/images/samoyed_173.jpg,samoyed,dog,31
/kaggle/input/datasets/tanlikesmath/the-oxfordiiit-pet-dataset/images/Sphynx_157.jpg,Sphynx,cat,11
/kaggle/input/datasets/tanlikesmath/the-oxfordiiit-pet-dataset/images/Persian_82.jpg,Persian,cat,7
/kaggle/input/datasets/tanlikesmath/the-oxfordiiit-pet-dataset/images/shiba_inu_52.jpg,shiba_inu,dog,33
/kaggle/input/datasets/tanlikesmath/the-oxfordiiit-pet-dataset/images/pomeranian_145.jpg,pomeranian,dog,28
/kaggle/input/datasets/tanlikesmath/the-oxfordiiit-pet-dataset/images/yorkshire_terrier_21.jpg,yorkshire_terrier,dog,36
/kaggle/input/datasets/tanlikesmath/the-oxfordiiit-pet-dataset/images/american_bulldog_55.jpg,american_bulldog,dog,12
/kaggle/input/datasets/tanlikesmath/the-oxfordiiit-pet-dataset/images/boxer_38.jpg,boxer,dog,16
/kaggle/input/datasets/tanlikesmath/the-oxfordiiit-pet-dataset/images/miniature_pinscher_196.jpg,miniature_pinscher,dog,26
/kaggle/input/datasets/tanlikesmath/the-oxfordiiit-pet-dataset/images/staffordshire_bull_terrier_93.jpg,staffordshire_bull_terrier,dog,34
/kaggle/input/datasets/tanlikesmath/the-oxfordiiit-pet-dataset/images/newfoundland_1.jpg,newfoundland,dog,27
/kaggle/input/datasets/tanlikesmath/the-oxfordiiit-pet-dataset/images/german_shorthaired_35.jpg,german_shorthaired,dog,20
/kaggle/input/datasets/tanlikesmath/the-oxfordiiit-pet-dataset/images/basset_hound_186.jpg,basset_hound,dog,14
/kaggle/input/datasets/tanlikesmath/the-oxfordiiit-pet-dataset/images/Siamese_156.jpg,Siamese,cat,10
/kaggle/input/datasets/tanlikesmath/the-oxfordiiit-pet-dataset/images/staffordshire_bull_terrier_172.jpg,staffordshire_bull_terrier,dog,34
/kaggle/input/datasets/tanlikesmath/the-oxfordiiit-pet-dataset/images/Russian_Blue_10.jpg,Russian_Blue,cat,9
/kaggle/input/datasets/tanlikesmath/the-oxfordiiit-pet-dataset/images/Persian_179.jpg,Persian,cat,7
/kaggle/input/datasets/tanlikesmath/the-oxfordiiit-pet-dataset/images/pomeranian_171.jpg,pomeranian,dog,28
/kaggle/input/datasets/tanlikesmath/the-oxfordiiit-pet-dataset/images/scottish_terrier_49.jpg,scottish_terrier,dog,32
/kaggle/input/datasets/tanlikesmath/the-oxfordiiit-pet-dataset/images/american_bulldog_85.jpg,american_bulldog,dog,12
/kaggle/input/datasets/tanlikesmath/the-oxfordiiit-pet-dataset/images/Bombay_66.jpg,Bombay,cat,3
/kaggle/input/datasets/tanlikesmath/the-oxfordiiit-pet-dataset/images/Maine_Coon_64.jpg,Maine_Coon,cat,6
/kaggle/input/datasets/tanlikesmath/the-oxfordiiit-pet-dataset/images/Maine_Coon_147.jpg,Maine_Coon,cat,6
/kaggle/input/datasets/tanlikesmath/the-oxfordiiit-pet-dataset/images/staffordshire_bull_terrier_62.jpg,staffordshire_bull_terrier,dog,34
/kaggle/input/datasets/tanlikesmath/the-oxfordiiit-pet-dataset/images/english_cocker_spaniel_16.jpg,english_cocker_spaniel,dog,18
/kaggle/input/datasets/tanlikesmath/the-oxfordiiit-pet-dataset/images/British_Shorthair_51.jpg,British_Shorthair,cat,4
/kaggle/input/datasets/tanlikesmath/the-oxfordiiit-pet-dataset/images/Persian_188.jpg,Persian,cat,7
/kaggle/input/datasets/tanlikesmath/the-oxfordiiit-pet-dataset/images/english_setter_115.jpg,english_setter,dog,19
/kaggle/input/datasets/tanlikesmath/the-oxfordiiit-pet-dataset/images/Sphynx_9.jpg,Sphynx,cat,11
/kaggle/input/datasets/tanlikesmath/the-oxfordiiit-pet-dataset/images/basset_hound_43.jpg,basset_hound,dog,14
/kaggle/input/datasets/tanlikesmath/the-oxfordiiit-pet-dataset/images/american_pit_bull_terrier_10.jpg,american_pit_bull_terrier,dog,13
/kaggle/input/datasets/tanlikesmath/the-oxfordiiit-pet-dataset/images/Maine_Coon_121.jpg,Maine_Coon,cat,6
/kaggle/input/datasets/tanlikesmath/the-oxfordiiit-pet-dataset/images/Persian_51.jpg,Persian,cat,7
/kaggle/input/datasets/tanlikesmath/the-oxfordiiit-pet-dataset/images/american_bulldog_91.jpg,american_bulldog,dog,12
/kaggle/input/datasets/tanlikesmath/the-oxfordiiit-pet-dataset/images/chihuahua_188.jpg,chihuahua,dog,17
/kaggle/input/datasets/tanlikesmath/the-oxfordiiit-pet-dataset/images/german_shorthaired_41.jpg,german_shorthaired,dog,20
/kaggle/input/datasets/tanlikesmath/the-oxfordiiit-pet-dataset/images/chihuahua_198.jpg,chihuahua,dog,17
/kaggle/input/datasets/tanlikesmath/the-oxfordiiit-pet-dataset/images/beagle_155.jpg,beagle,dog,15
/kaggle/input/datasets/tanlikesmath/the-oxfordiiit-pet-dataset/images/great_pyrenees_38.jpg,great_pyrenees,dog,21
/kaggle/input/datasets/tanlikesmath/the-oxfordiiit-pet-dataset/images/beagle_71.jpg,beagle,dog,15
/kaggle/input/datasets/tanlikesmath/the-oxfordiiit-pet-dataset/images/Birman_125.jpg,Birman,cat,2
/kaggle/input/datasets/tanlikesmath/the-oxfordiiit-pet-dataset/images/yorkshire_terrier_122.jpg,yorkshire_terrier,dog,36
/kaggle/input/datasets/tanlikesmath/the-oxfordiiit-pet-dataset/images/Bombay_54.jpg,Bombay,cat,3
/kaggle/input/datasets/tanlikesmath/the-oxfordiiit-pet-dataset/images/miniature_pinscher_105.jpg,miniature_pinscher,dog,26
/kaggle/input/datasets/tanlikesmath/the-oxfordiiit-pet-dataset/images/Persian_169.jpg,Persian,cat,7
/kaggle/input/datasets/tanlikesmath/the-oxfordiiit-pet-dataset/images/japanese_chin_142.jpg,japanese_chin,dog,23
/kaggle/input/datasets/tanlikesmath/the-oxfordiiit-pet-dataset/images/scottish_terrier_33.jpg,scottish_terrier,dog,32
/kaggle/input/datasets/tanlikesmath/the-oxfordiiit-pet-dataset/images/pug_115.jpg,pug,dog,29
/kaggle/input/datasets/tanlikesmath/the-oxfordiiit-pet-dataset/images/staffordshire_bull_terrier_171.jpg,staffordshire_bull_terrier,dog,34
/kaggle/input/datasets/tanlikesmath/the-oxfordiiit-pet-dataset/images/saint_bernard_175.jpg,saint_bernard,dog,30
/kaggle/input/datasets/tanlikesmath/the-oxfordiiit-pet-dataset/images/keeshond_29.jpg,keeshond,dog,24
/kaggle/input/datasets/tanlikesmath/the-oxfordiiit-pet-dataset/images/scottish_terrier_154.jpg,scottish_terrier,dog,32
/kaggle/input/datasets/tanlikesmath/the-oxfordiiit-pet-dataset/images/saint_bernard_146.jpg,saint_bernard,dog,30
/kaggle/input/datasets/tanlikesmath/the-oxfordiiit-pet-dataset/images/pug_158.jpg,pug,dog,29
/kaggle/input/datasets/tanlikesmath/the-oxfordiiit-pet-dataset/images/Egyptian_Mau_162.jpg,Egyptian_Mau,cat,5
/kaggle/input/datasets/tanlikesmath/the-oxfordiiit-pet-dataset/images/Sphynx_28.jpg,Sphynx,cat,11
/kaggle/input/datasets/tanlikesmath/the-oxfordiiit-pet-dataset/images/Persian_21.jpg,Persian,cat,7
/kaggle/input/datasets/tanlikesmath/the-oxfordiiit-pet-dataset/images/english_setter_61.jpg,english_setter,dog,19
/kaggle/input/datasets/tanlikesmath/the-oxfordiiit-pet-dataset/images/english_setter_186.jpg,english_setter,dog,19
/kaggle/input/datasets/tanlikesmath/the-oxfordiiit-pet-dataset/images/British_Shorthair_174.jpg,British_Shorthair,cat,4
/kaggle/input/datasets/tanlikesmath/the-oxfordiiit-pet-dataset/images/japanese_chin_157.jpg,japanese_chin,dog,23
/kaggle/input/datasets/tanlikesmath/the-oxfordiiit-pet-dataset/images/german_shorthaired_170.jpg,german_shorthaired,dog,20
/kaggle/input/datasets/tanlikesmath/the-oxfordiiit-pet-dataset/images/wheaten_terrier_158.jpg,wheaten_terrier,dog,35
/kaggle/input/datasets/tanlikesmath/the-oxfordiiit-pet-dataset/images/Maine_Coon_105.jpg,Maine_Coon,cat,6
/kaggle/input/datasets/tanlikesmath/the-oxfordiiit-pet-dataset/images/Bombay_183.jpg,Bombay,cat,3
/kaggle/input/datasets/tanlikesmath/the-oxfordiiit-pet-dataset/images/Birman_94.jpg,Birman,cat,2
/kaggle/input/datasets/tanlikesmath/the-oxfordiiit-pet-dataset/images/Bombay_85.jpg,Bombay,cat,3
/kaggle/input/datasets/tanlikesmath/the-oxfordiiit-pet-dataset/images/Bengal_45.jpg,Bengal,cat,1
/kaggle/input/datasets/tanlikesmath/the-oxfordiiit-pet-dataset/images/basset_hound_16.jpg,basset_hound,dog,14
/kaggle/input/datasets/tanlikesmath/the-oxfordiiit-pet-dataset/images/boxer_90.jpg,boxer,dog,16
/kaggle/input/datasets/tanlikesmath/the-oxfordiiit-pet-dataset/images/american_bulldog_193.jpg,american_bulldog,dog,12
/kaggle/input/datasets/tanlikesmath/the-oxfordiiit-pet-dataset/images/havanese_113.jpg,havanese,dog,22
/kaggle/input/datasets/tanlikesmath/the-oxfordiiit-pet-dataset/images/leonberger_26.jpg,leonberger,dog,25
/kaggle/input/datasets/tanlikesmath/the-oxfordiiit-pet-dataset/images/pug_91.jpg,pug,dog,29
/kaggle/input/datasets/tanlikesmath/the-oxfordiiit-pet-dataset/images/Siamese_49.jpg,Siamese,cat,10
/kaggle/input/datasets/tanlikesmath/the-oxfordiiit-pet-dataset/images/chihuahua_194.jpg,chihuahua,dog,17
/kaggle/input/datasets/tanlikesmath/the-oxfordiiit-pet-dataset/images/german_shorthaired_31.jpg,german_shorthaired,dog,20
/kaggle/input/datasets/tanlikesmath/the-oxfordiiit-pet-dataset/images/chihuahua_19.jpg,chihuahua,dog,17
/kaggle/input/datasets/tanlikesmath/the-oxfordiiit-pet-dataset/images/Ragdoll_87.jpg,Ragdoll,cat,8
/kaggle/input/datasets/tanlikesmath/the-oxfordiiit-pet-dataset/images/basset_hound_170.jpg,basset_hound,dog,14
/kaggle/input/datasets/tanlikesmath/the-oxfordiiit-pet-dataset/images/samoyed_11.jpg,samoyed,dog,31
/kaggle/input/datasets/tanlikesmath/the-oxfordiiit-pet-dataset/images/Russian_Blue_85.jpg,Russian_Blue,cat,9
/kaggle/input/datasets/tanlikesmath/the-oxfordiiit-pet-dataset/images/chihuahua_92.jpg,chihuahua,dog,17
/kaggle/input/datasets/tanlikesmath/the-oxfordiiit-pet-dataset/images/Maine_Coon_23.jpg,Maine_Coon,cat,6
/kaggle/input/datasets/tanlikesmath/the-oxfordiiit-pet-dataset/images/pomeranian_194.jpg,pomeranian,dog,28
/kaggle/input/datasets/tanlikesmath/the-oxfordiiit-pet-dataset/images/Abyssinian_206.jpg,Abyssinian,cat,0
/kaggle/input/datasets/tanlikesmath/the-oxfordiiit-pet-dataset/images/Egyptian_Mau_4.jpg,Egyptian_Mau,cat,5
/kaggle/input/datasets/tanlikesmath/the-oxfordiiit-pet-dataset/images/english_setter_48.jpg,english_setter,dog,19
/kaggle/input/datasets/tanlikesmath/the-oxfordiiit-pet-dataset/images/american_bulldog_122.jpg,american_bulldog,dog,12
/kaggle/input/datasets/tanlikesmath/the-oxfordiiit-pet-dataset/images/Bombay_87.jpg,Bombay,cat,3
/kaggle/input/datasets/tanlikesmath/the-oxfordiiit-pet-dataset/images/Persian_86.jpg,Persian,cat,7
/kaggle/input/datasets/tanlikesmath/the-oxfordiiit-pet-dataset/images/great_pyrenees_152.jpg,great_pyrenees,dog,21
/kaggle/input/datasets/tanlikesmath/the-oxfordiiit-pet-dataset/images/Sphynx_116.jpg,Sphynx,cat,11
/kaggle/input/datasets/tanlikesmath/the-oxfordiiit-pet-dataset/images/keeshond_37.jpg,keeshond,dog,24
/kaggle/input/datasets/tanlikesmath/the-oxfordiiit-pet-dataset/images/scottish_terrier_112.jpg,scottish_terrier,dog,32
/kaggle/input/datasets/tanlikesmath/the-oxfordiiit-pet-dataset/images/basset_hound_141.jpg,basset_hound,dog,14
/kaggle/input/datasets/tanlikesmath/the-oxfordiiit-pet-dataset/images/British_Shorthair_180.jpg,British_Shorthair,cat,4
/kaggle/input/datasets/tanlikesmath/the-oxfordiiit-pet-dataset/images/pug_155.jpg,pug,dog,29
/kaggle/input/datasets/tanlikesmath/the-oxfordiiit-pet-dataset/images/german_shorthaired_43.jpg,german_shorthaired,dog,20
/kaggle/input/datasets/tanlikesmath/the-oxfordiiit-pet-dataset/images/Birman_29.jpg,Birman,cat,2
/kaggle/input/datasets/tanlikesmath/the-oxfordiiit-pet-dataset/images/Maine_Coon_192.jpg,Maine_Coon,cat,6
/kaggle/input/datasets/tanlikesmath/the-oxfordiiit-pet-dataset/images/shiba_inu_95.jpg,shiba_inu,dog,33
/kaggle/input/datasets/tanlikesmath/the-oxfordiiit-pet-dataset/images/Siamese_178.jpg,Siamese,cat,10
/kaggle/input/datasets/tanlikesmath/the-oxfordiiit-pet-dataset/images/leonberger_178.jpg,leonberger,dog,25
/kaggle/input/datasets/tanlikesmath/the-oxfordiiit-pet-dataset/images/pug_174.jpg,pug,dog,29
/kaggle/input/datasets/tanlikesmath/the-oxfordiiit-pet-dataset/images/Maine_Coon_162.jpg,Maine_Coon,cat,6
/kaggle/input/datasets/tanlikesmath/the-oxfordiiit-pet-dataset/images/english_setter_177.jpg,english_setter,dog,19
/kaggle/input/datasets/tanlikesmath/the-oxfordiiit-pet-dataset/images/British_Shorthair_3.jpg,British_Shorthair,cat,4
/kaggle/input/datasets/tanlikesmath/the-oxfordiiit-pet-dataset/images/shiba_inu_46.jpg,shiba_inu,dog,33
/kaggle/input/datasets/tanlikesmath/the-oxfordiiit-pet-dataset/images/Siamese_139.jpg,Siamese,cat,10
/kaggle/input/datasets/tanlikesmath/the-oxfordiiit-pet-dataset/images/Abyssinian_50.jpg,Abyssinian,cat,0
/kaggle/input/datasets/tanlikesmath/the-oxfordiiit-pet-dataset/images/miniature_pinscher_193.jpg,miniature_pinscher,dog,26
/kaggle/input/datasets/tanlikesmath/the-oxfordiiit-pet-dataset/images/British_Shorthair_98.jpg,British_Shorthair,cat,4
/kaggle/input/datasets/tanlikesmath/the-oxfordiiit-pet-dataset/images/pomeranian_144.jpg,pomeranian,dog,28
/kaggle/input/datasets/tanlikesmath/the-oxfordiiit-pet-dataset/images/yorkshire_terrier_25.jpg,yorkshire_terrier,dog,36
/kaggle/input/datasets/tanlikesmath/the-oxfordiiit-pet-dataset/images/British_Shorthair_108.jpg,British_Shorthair,cat,4
/kaggle/input/datasets/tanlikesmath/the-oxfordiiit-pet-dataset/images/samoyed_165.jpg,samoyed,dog,31
/kaggle/input/datasets/tanlikesmath/the-oxfordiiit-pet-dataset/images/Persian_202.jpg,Persian,cat,7
/kaggle/input/datasets/tanlikesmath/the-oxfordiiit-pet-dataset/images/Birman_28.jpg,Birman,cat,2
/kaggle/input/datasets/tanlikesmath/the-oxfordiiit-pet-dataset/images/beagle_19.jpg,beagle,dog,15
/kaggle/input/datasets/tanlikesmath/the-oxfordiiit-pet-dataset/images/japanese_chin_188.jpg,japanese_chin,dog,23
/kaggle/input/datasets/tanlikesmath/the-oxfordiiit-pet-dataset/images/boxer_108.jpg,boxer,dog,16
/kaggle/input/datasets/tanlikesmath/the-oxfordiiit-pet-dataset/images/english_setter_122.jpg,english_setter,dog,19
/kaggle/input/datasets/tanlikesmath/the-oxfordiiit-pet-dataset/images/boxer_187.jpg,boxer,dog,16
/kaggle/input/datasets/tanlikesmath/the-oxfordiiit-pet-dataset/images/japanese_chin_92.jpg,japanese_chin,dog,23
/kaggle/input/datasets/tanlikesmath/the-oxfordiiit-pet-dataset/images/saint_bernard_15.jpg,saint_bernard,dog,30
/kaggle/input/datasets/tanlikesmath/the-oxfordiiit-pet-dataset/images/Abyssinian_70.jpg,Abyssinian,cat,0
/kaggle/input/datasets/tanlikesmath/the-oxfordiiit-pet-dataset/images/american_bulldog_115.jpg,american_bulldog,dog,12
/kaggle/input/datasets/tanlikesmath/the-oxfordiiit-pet-dataset/images/english_cocker_spaniel_127.jpg,english_cocker_spaniel,dog,18
/kaggle/input/datasets/tanlikesmath/the-oxfordiiit-pet-dataset/images/english_setter_10.jpg,english_setter,dog,19
/kaggle/input/datasets/tanlikesmath/the-oxfordiiit-pet-dataset/images/yorkshire_terrier_74.jpg,yorkshire_terrier,dog,36
/kaggle/input/datasets/tanlikesmath/the-oxfordiiit-pet-dataset/images/leonberger_100.jpg,leonberger,dog,25
/kaggle/input/datasets/tanlikesmath/the-oxfordiiit-pet-dataset/images/Sphynx_142.jpg,Sphynx,cat,11
/kaggle/input/datasets/tanlikesmath/the-oxfordiiit-pet-dataset/images/samoyed_86.jpg,samoyed,dog,31
/kaggle/input/datasets/tanlikesmath/the-oxfordiiit-pet-dataset/images/Bombay_110.jpg,Bombay,cat,3
/kaggle/input/datasets/tanlikesmath/the-oxfordiiit-pet-dataset/images/great_pyrenees_110.jpg,great_pyrenees,dog,21
/kaggle/input/datasets/tanlikesmath/the-oxfordiiit-pet-dataset/images/great_pyrenees_121.jpg,great_pyrenees,dog,21
/kaggle/input/datasets/tanlikesmath/the-oxfordiiit-pet-dataset/images/saint_bernard_121.jpg,saint_bernard,dog,30
/kaggle/input/datasets/tanlikesmath/the-oxfordiiit-pet-dataset/images/yorkshire_terrier_27.jpg,yorkshire_terrier,dog,36
/kaggle/input/datasets/tanlikesmath/the-oxfordiiit-pet-dataset/images/Siamese_136.jpg,Siamese,cat,10
/kaggle/input/datasets/tanlikesmath/the-oxfordiiit-pet-dataset/images/german_shorthaired_66.jpg,german_shorthaired,dog,20
/kaggle/input/datasets/tanlikesmath/the-oxfordiiit-pet-dataset/images/scottish_terrier_73.jpg,scottish_terrier,dog,32
/kaggle/input/datasets/tanlikesmath/the-oxfordiiit-pet-dataset/images/pomeranian_105.jpg,pomeranian,dog,28
/kaggle/input/datasets/tanlikesmath/the-oxfordiiit-pet-dataset/images/Siamese_167.jpg,Siamese,cat,10
/kaggle/input/datasets/tanlikesmath/the-oxfordiiit-pet-dataset/images/newfoundland_124.jpg,newfoundland,dog,27
/kaggle/input/datasets/tanlikesmath/the-oxfordiiit-pet-dataset/images/Russian_Blue_32.jpg,Russian_Blue,cat,9
/kaggle/input/datasets/tanlikesmath/the-oxfordiiit-pet-dataset/images/Ragdoll_158.jpg,Ragdoll,cat,8
/kaggle/input/datasets/tanlikesmath/the-oxfordiiit-pet-dataset/images/staffordshire_bull_terrier_78.jpg,staffordshire_bull_terrier,dog,34
/kaggle/input/datasets/tanlikesmath/the-oxfordiiit-pet-dataset/images/american_pit_bull_terrier_185.jpg,american_pit_bull_terrier,dog,13
/kaggle/input/datasets/tanlikesmath/the-oxfordiiit-pet-dataset/images/beagle_110.jpg,beagle,dog,15
/kaggle/input/datasets/tanlikesmath/the-oxfordiiit-pet-dataset/images/Ragdoll_139.jpg,Ragdoll,cat,8
/kaggle/input/datasets/tanlikesmath/the-oxfordiiit-pet-dataset/images/miniature_pinscher_97.jpg,miniature_pinscher,dog,26
/kaggle/input/datasets/tanlikesmath/the-oxfordiiit-pet-dataset/images/Egyptian_Mau_157.jpg,Egyptian_Mau,cat,5
/kaggle/input/datasets/tanlikesmath/the-oxfordiiit-pet-dataset/images/shiba_inu_48.jpg,shiba_inu,dog,33
/kaggle/input/datasets/tanlikesmath/the-oxfordiiit-pet-dataset/images/beagle_65.jpg,beagle,dog,15
/kaggle/input/datasets/tanlikesmath/the-oxfordiiit-pet-dataset/images/scottish_terrier_168.jpg,scottish_terrier,dog,32
/kaggle/input/datasets/tanlikesmath/the-oxfordiiit-pet-dataset/images/american_pit_bull_terrier_56.jpg,american_pit_bull_terrier,dog,13
/kaggle/input/datasets/tanlikesmath/the-oxfordiiit-pet-dataset/images/Birman_178.jpg,Birman,cat,2
/kaggle/input/datasets/tanlikesmath/the-oxfordiiit-pet-dataset/images/wheaten_terrier_50.jpg,wheaten_terrier,dog,35
/kaggle/input/datasets/tanlikesmath/the-oxfordiiit-pet-dataset/images/Egyptian_Mau_125.jpg,Egyptian_Mau,cat,5
/kaggle/input/datasets/tanlikesmath/the-oxfordiiit-pet-dataset/images/english_setter_134.jpg,english_setter,dog,19
/kaggle/input/datasets/tanlikesmath/the-oxfordiiit-pet-dataset/images/Persian_43.jpg,Persian,cat,7
/kaggle/input/datasets/tanlikesmath/the-oxfordiiit-pet-dataset/images/Abyssinian_29.jpg,Abyssinian,cat,0
/kaggle/input/datasets/tanlikesmath/the-oxfordiiit-pet-dataset/images/newfoundland_126.jpg,newfoundland,dog,27
/kaggle/input/datasets/tanlikesmath/the-oxfordiiit-pet-dataset/images/Siamese_22.jpg,Siamese,cat,10
/kaggle/input/datasets/tanlikesmath/the-oxfordiiit-pet-dataset/images/saint_bernard_124.jpg,saint_bernard,dog,30
/kaggle/input/datasets/tanlikesmath/the-oxfordiiit-pet-dataset/images/Birman_73.jpg,Birman,cat,2
/kaggle/input/datasets/tanlikesmath/the-oxfordiiit-pet-dataset/images/Siamese_102.jpg,Siamese,cat,10
/kaggle/input/datasets/tanlikesmath/the-oxfordiiit-pet-dataset/images/havanese_41.jpg,havanese,dog,22
/kaggle/input/datasets/tanlikesmath/the-oxfordiiit-pet-dataset/images/Ragdoll_160.jpg,Ragdoll,cat,8
/kaggle/input/datasets/tanlikesmath/the-oxfordiiit-pet-dataset/images/Russian_Blue_148.jpg,Russian_Blue,cat,9
/kaggle/input/datasets/tanlikesmath/the-oxfordiiit-pet-dataset/images/shiba_inu_75.jpg,shiba_inu,dog,33
/kaggle/input/datasets/tanlikesmath/the-oxfordiiit-pet-dataset/images/Birman_181.jpg,Birman,cat,2
/kaggle/input/datasets/tanlikesmath/the-oxfordiiit-pet-dataset/images/basset_hound_113.jpg,basset_hound,dog,14
/kaggle/input/datasets/tanlikesmath/the-oxfordiiit-pet-dataset/images/miniature_pinscher_107.jpg,miniature_pinscher,dog,26
/kaggle/input/datasets/tanlikesmath/the-oxfordiiit-pet-dataset/images/saint_bernard_180.jpg,saint_bernard,dog,30
/kaggle/input/datasets/tanlikesmath/the-oxfordiiit-pet-dataset/images/Maine_Coon_94.jpg,Maine_Coon,cat,6
/kaggle/input/datasets/tanlikesmath/the-oxfordiiit-pet-dataset/images/Abyssinian_180.jpg,Abyssinian,cat,0
/kaggle/input/datasets/tanlikesmath/the-oxfordiiit-pet-dataset/images/scottish_terrier_12.jpg,scottish_terrier,dog,32
/kaggle/input/datasets/tanlikesmath/the-oxfordiiit-pet-dataset/images/Birman_135.jpg,Birman,cat,2
/kaggle/input/datasets/tanlikesmath/the-oxfordiiit-pet-dataset/images/japanese_chin_110.jpg,japanese_chin,dog,23
/kaggle/input/datasets/tanlikesmath/the-oxfordiiit-pet-dataset/images/boxer_30.jpg,boxer,dog,16
/kaggle/input/datasets/tanlikesmath/the-oxfordiiit-pet-dataset/images/english_cocker_spaniel_38.jpg,english_cocker_spaniel,dog,18
/kaggle/input/datasets/tanlikesmath/the-oxfordiiit-pet-dataset/images/Egyptian_Mau_107.jpg,Egyptian_Mau,cat,5
/kaggle/input/datasets/tanlikesmath/the-oxfordiiit-pet-dataset/images/german_shorthaired_120.jpg,german_shorthaired,dog,20
/kaggle/input/datasets/tanlikesmath/the-oxfordiiit-pet-dataset/images/german_shorthaired_184.jpg,german_shorthaired,dog,20
/kaggle/input/datasets/tanlikesmath/the-oxfordiiit-pet-dataset/images/english_setter_70.jpg,english_setter,dog,19
/kaggle/input/datasets/tanlikesmath/the-oxfordiiit-pet-dataset/images/beagle_163.jpg,beagle,dog,15
/kaggle/input/datasets/tanlikesmath/the-oxfordiiit-pet-dataset/images/Ragdoll_201.jpg,Ragdoll,cat,8
/kaggle/input/datasets/tanlikesmath/the-oxfordiiit-pet-dataset/images/Bengal_32.jpg,Bengal,cat,1
/kaggle/input/datasets/tanlikesmath/the-oxfordiiit-pet-dataset/images/Maine_Coon_82.jpg,Maine_Coon,cat,6
/kaggle/input/datasets/tanlikesmath/the-oxfordiiit-pet-dataset/images/havanese_160.jpg,havanese,dog,22
/kaggle/input/datasets/tanlikesmath/the-oxfordiiit-pet-dataset/images/Abyssinian_150.jpg,Abyssinian,cat,0
/kaggle/input/datasets/tanlikesmath/the-oxfordiiit-pet-dataset/images/Sphynx_99.jpg,Sphynx,cat,11
/kaggle/input/datasets/tanlikesmath/the-oxfordiiit-pet-dataset/images/Bengal_19.jpg,Bengal,cat,1
/kaggle/input/datasets/tanlikesmath/the-oxfordiiit-pet-dataset/images/miniature_pinscher_86.jpg,miniature_pinscher,dog,26
/kaggle/input/datasets/tanlikesmath/the-oxfordiiit-pet-dataset/images/Siamese_42.jpg,Siamese,cat,10
/kaggle/input/datasets/tanlikesmath/the-oxfordiiit-pet-dataset/images/staffordshire_bull_terrier_15.jpg,staffordshire_bull_terrier,dog,34
/kaggle/input/datasets/tanlikesmath/the-oxfordiiit-pet-dataset/images/english_setter_125.jpg,english_setter,dog,19
/kaggle/input/datasets/tanlikesmath/the-oxfordiiit-pet-dataset/images/British_Shorthair_120.jpg,British_Shorthair,cat,4
/kaggle/input/datasets/tanlikesmath/the-oxfordiiit-pet-dataset/images/Maine_Coon_2.jpg,Maine_Coon,cat,6
/kaggle/input/datasets/tanlikesmath/the-oxfordiiit-pet-dataset/images/Maine_Coon_231.jpg,Maine_Coon,cat,6
/kaggle/input/datasets/tanlikesmath/the-oxfordiiit-pet-dataset/images/Russian_Blue_151.jpg,Russian_Blue,cat,9
/kaggle/input/datasets/tanlikesmath/the-oxfordiiit-pet-dataset/images/pomeranian_163.jpg,pomeranian,dog,28
/kaggle/input/datasets/tanlikesmath/the-oxfordiiit-pet-dataset/images/Ragdoll_154.jpg,Ragdoll,cat,8
/kaggle/input/datasets/tanlikesmath/the-oxfordiiit-pet-dataset/images/Sphynx_192.jpg,Sphynx,cat,11
/kaggle/input/datasets/tanlikesmath/the-oxfordiiit-pet-dataset/images/pomeranian_38.jpg,pomeranian,dog,28
/kaggle/input/datasets/tanlikesmath/the-oxfordiiit-pet-dataset/images/Sphynx_213.jpg,Sphynx,cat,11
/kaggle/input/datasets/tanlikesmath/the-oxfordiiit-pet-dataset/images/basset_hound_40.jpg,basset_hound,dog,14
/kaggle/input/datasets/tanlikesmath/the-oxfordiiit-pet-dataset/images/japanese_chin_189.jpg,japanese_chin,dog,23
/kaggle/input/datasets/tanlikesmath/the-oxfordiiit-pet-dataset/images/american_bulldog_191.jpg,american_bulldog,dog,12
/kaggle/input/datasets/tanlikesmath/the-oxfordiiit-pet-dataset/images/Persian_122.jpg,Persian,cat,7
/kaggle/input/datasets/tanlikesmath/the-oxfordiiit-pet-dataset/images/american_pit_bull_terrier_203.jpg,american_pit_bull_terrier,dog,13
/kaggle/input/datasets/tanlikesmath/the-oxfordiiit-pet-dataset/images/japanese_chin_4.jpg,japanese_chin,dog,23
/kaggle/input/datasets/tanlikesmath/the-oxfordiiit-pet-dataset/images/Abyssinian_176.jpg,Abyssinian,cat,0
/kaggle/input/datasets/tanlikesmath/the-oxfordiiit-pet-dataset/images/British_Shorthair_54.jpg,British_Shorthair,cat,4
/kaggle/input/datasets/tanlikesmath/the-oxfordiiit-pet-dataset/images/english_cocker_spaniel_87.jpg,english_cocker_spaniel,dog,18
/kaggle/input/datasets/tanlikesmath/the-oxfordiiit-pet-dataset/images/Russian_Blue_185.jpg,Russian_Blue,cat,9
/kaggle/input/datasets/tanlikesmath/the-oxfordiiit-pet-dataset/images/staffordshire_bull_terrier_101.jpg,staffordshire_bull_terrier,dog,34
/kaggle/input/datasets/tanlikesmath/the-oxfordiiit-pet-dataset/images/chihuahua_90.jpg,chihuahua,dog,17
/kaggle/input/datasets/tanlikesmath/the-oxfordiiit-pet-dataset/images/Egyptian_Mau_153.jpg,Egyptian_Mau,cat,5
/kaggle/input/datasets/tanlikesmath/the-oxfordiiit-pet-dataset/images/american_bulldog_56.jpg,american_bulldog,dog,12
/kaggle/input/datasets/tanlikesmath/the-oxfordiiit-pet-dataset/images/miniature_pinscher_150.jpg,miniature_pinscher,dog,26
/kaggle/input/datasets/tanlikesmath/the-oxfordiiit-pet-dataset/images/great_pyrenees_124.jpg,great_pyrenees,dog,21
/kaggle/input/datasets/tanlikesmath/the-oxfordiiit-pet-dataset/images/newfoundland_183.jpg,newfoundland,dog,27
/kaggle/input/datasets/tanlikesmath/the-oxfordiiit-pet-dataset/images/havanese_2.jpg,havanese,dog,22
/kaggle/input/datasets/tanlikesmath/the-oxfordiiit-pet-dataset/images/Egyptian_Mau_18.jpg,Egyptian_Mau,cat,5
/kaggle/input/datasets/tanlikesmath/the-oxfordiiit-pet-dataset/images/saint_bernard_109.jpg,saint_bernard,dog,30
/kaggle/input/datasets/tanlikesmath/the-oxfordiiit-pet-dataset/images/american_bulldog_77.jpg,american_bulldog,dog,12
/kaggle/input/datasets/tanlikesmath/the-oxfordiiit-pet-dataset/images/pug_104.jpg,pug,dog,29
/kaggle/input/datasets/tanlikesmath/the-oxfordiiit-pet-dataset/images/american_bulldog_133.jpg,american_bulldog,dog,12
/kaggle/input/datasets/tanlikesmath/the-oxfordiiit-pet-dataset/images/english_setter_196.jpg,english_setter,dog,19
/kaggle/input/datasets/tanlikesmath/the-oxfordiiit-pet-dataset/images/staffordshire_bull_terrier_152.jpg,staffordshire_bull_terrier,dog,34
/kaggle/input/datasets/tanlikesmath/the-oxfordiiit-pet-dataset/images/great_pyrenees_45.jpg,great_pyrenees,dog,21
/kaggle/input/datasets/tanlikesmath/the-oxfordiiit-pet-dataset/images/saint_bernard_114.jpg,saint_bernard,dog,30
/kaggle/input/datasets/tanlikesmath/the-oxfordiiit-pet-dataset/images/great_pyrenees_77.jpg,great_pyrenees,dog,21
/kaggle/input/datasets/tanlikesmath/the-oxfordiiit-pet-dataset/images/american_pit_bull_terrier_146.jpg,american_pit_bull_terrier,dog,13
/kaggle/input/datasets/tanlikesmath/the-oxfordiiit-pet-dataset/images/beagle_12.jpg,beagle,dog,15
/kaggle/input/datasets/tanlikesmath/the-oxfordiiit-pet-dataset/images/pomeranian_29.jpg,pomeranian,dog,28
/kaggle/input/datasets/tanlikesmath/the-oxfordiiit-pet-dataset/images/yorkshire_terrier_84.jpg,yorkshire_terrier,dog,36
/kaggle/input/datasets/tanlikesmath/the-oxfordiiit-pet-dataset/images/yorkshire_terrier_182.jpg,yorkshire_terrier,dog,36
/kaggle/input/datasets/tanlikesmath/the-oxfordiiit-pet-dataset/images/Bombay_2.jpg,Bombay,cat,3
/kaggle/input/datasets/tanlikesmath/the-oxfordiiit-pet-dataset/images/Birman_148.jpg,Birman,cat,2
/kaggle/input/datasets/tanlikesmath/the-oxfordiiit-pet-dataset/images/saint_bernard_31.jpg,saint_bernard,dog,30
/kaggle/input/datasets/tanlikesmath/the-oxfordiiit-pet-dataset/images/saint_bernard_27.jpg,saint_bernard,dog,30
/kaggle/input/datasets/tanlikesmath/the-oxfordiiit-pet-dataset/images/saint_bernard_152.jpg,saint_bernard,dog,30
/kaggle/input/datasets/tanlikesmath/the-oxfordiiit-pet-dataset/images/chihuahua_26.jpg,chihuahua,dog,17
/kaggle/input/datasets/tanlikesmath/the-oxfordiiit-pet-dataset/images/american_pit_bull_terrier_200.jpg,american_pit_bull_terrier,dog,13
/kaggle/input/datasets/tanlikesmath/the-oxfordiiit-pet-dataset/images/Egyptian_Mau_178.jpg,Egyptian_Mau,cat,5
/kaggle/input/datasets/tanlikesmath/the-oxfordiiit-pet-dataset/images/staffordshire_bull_terrier_81.jpg,staffordshire_bull_terrier,dog,34
/kaggle/input/datasets/tanlikesmath/the-oxfordiiit-pet-dataset/images/shiba_inu_15.jpg,shiba_inu,dog,33
/kaggle/input/datasets/tanlikesmath/the-oxfordiiit-pet-dataset/images/samoyed_28.jpg,samoyed,dog,31
/kaggle/input/datasets/tanlikesmath/the-oxfordiiit-pet-dataset/images/pomeranian_92.jpg,pomeranian,dog,28
/kaggle/input/datasets/tanlikesmath/the-oxfordiiit-pet-dataset/images/Russian_Blue_107.jpg,Russian_Blue,cat,9
/kaggle/input/datasets/tanlikesmath/the-oxfordiiit-pet-dataset/images/staffordshire_bull_terrier_45.jpg,staffordshire_bull_terrier,dog,34
/kaggle/input/datasets/tanlikesmath/the-oxfordiiit-pet-dataset/images/Russian_Blue_200.jpg,Russian_Blue,cat,9
/kaggle/input/datasets/tanlikesmath/the-oxfordiiit-pet-dataset/images/german_shorthaired_62.jpg,german_shorthaired,dog,20
/kaggle/input/datasets/tanlikesmath/the-oxfordiiit-pet-dataset/images/Sphynx_61.jpg,Sphynx,cat,11
/kaggle/input/datasets/tanlikesmath/the-oxfordiiit-pet-dataset/images/Russian_Blue_155.jpg,Russian_Blue,cat,9
/kaggle/input/datasets/tanlikesmath/the-oxfordiiit-pet-dataset/images/scottish_terrier_38.jpg,scottish_terrier,dog,32
/kaggle/input/datasets/tanlikesmath/the-oxfordiiit-pet-dataset/images/chihuahua_54.jpg,chihuahua,dog,17
/kaggle/input/datasets/tanlikesmath/the-oxfordiiit-pet-dataset/images/samoyed_2.jpg,samoyed,dog,31
/kaggle/input/datasets/tanlikesmath/the-oxfordiiit-pet-dataset/images/Bombay_90.jpg,Bombay,cat,3
/kaggle/input/datasets/tanlikesmath/the-oxfordiiit-pet-dataset/images/miniature_pinscher_118.jpg,miniature_pinscher,dog,26
/kaggle/input/datasets/tanlikesmath/the-oxfordiiit-pet-dataset/images/basset_hound_130.jpg,basset_hound,dog,14
/kaggle/input/datasets/tanlikesmath/the-oxfordiiit-pet-dataset/images/miniature_pinscher_109.jpg,miniature_pinscher,dog,26
/kaggle/input/datasets/tanlikesmath/the-oxfordiiit-pet-dataset/images/samoyed_79.jpg,samoyed,dog,31
/kaggle/input/datasets/tanlikesmath/the-oxfordiiit-pet-dataset/images/shiba_inu_37.jpg,shiba_inu,dog,33
/kaggle/input/datasets/tanlikesmath/the-oxfordiiit-pet-dataset/images/British_Shorthair_268.jpg,British_Shorthair,cat,4
/kaggle/input/datasets/tanlikesmath/the-oxfordiiit-pet-dataset/images/beagle_64.jpg,beagle,dog,15
/kaggle/input/datasets/tanlikesmath/the-oxfordiiit-pet-dataset/images/British_Shorthair_67.jpg,British_Shorthair,cat,4
/kaggle/input/datasets/tanlikesmath/the-oxfordiiit-pet-dataset/images/english_setter_57.jpg,english_setter,dog,19
/kaggle/input/datasets/tanlikesmath/the-oxfordiiit-pet-dataset/images/american_pit_bull_terrier_105.jpg,american_pit_bull_terrier,dog,13
/kaggle/input/datasets/tanlikesmath/the-oxfordiiit-pet-dataset/images/english_cocker_spaniel_27.jpg,english_cocker_spaniel,dog,18
/kaggle/input/datasets/tanlikesmath/the-oxfordiiit-pet-dataset/images/shiba_inu_175.jpg,shiba_inu,dog,33
/kaggle/input/datasets/tanlikesmath/the-oxfordiiit-pet-dataset/images/basset_hound_22.jpg,basset_hound,dog,14
/kaggle/input/datasets/tanlikesmath/the-oxfordiiit-pet-dataset/images/english_setter_189.jpg,english_setter,dog,19
/kaggle/input/datasets/tanlikesmath/the-oxfordiiit-pet-dataset/images/yorkshire_terrier_165.jpg,yorkshire_terrier,dog,36
/kaggle/input/datasets/tanlikesmath/the-oxfordiiit-pet-dataset/images/beagle_112.jpg,beagle,dog,15
/kaggle/input/datasets/tanlikesmath/the-oxfordiiit-pet-dataset/images/Egyptian_Mau_124.jpg,Egyptian_Mau,cat,5
/kaggle/input/datasets/tanlikesmath/the-oxfordiiit-pet-dataset/images/Birman_144.jpg,Birman,cat,2
/kaggle/input/datasets/tanlikesmath/the-oxfordiiit-pet-dataset/images/basset_hound_173.jpg,basset_hound,dog,14
/kaggle/input/datasets/tanlikesmath/the-oxfordiiit-pet-dataset/images/Siamese_24.jpg,Siamese,cat,10
/kaggle/input/datasets/tanlikesmath/the-oxfordiiit-pet-dataset/images/scottish_terrier_15.jpg,scottish_terrier,dog,32
/kaggle/input/datasets/tanlikesmath/the-oxfordiiit-pet-dataset/images/newfoundland_66.jpg,newfoundland,dog,27
/kaggle/input/datasets/tanlikesmath/the-oxfordiiit-pet-dataset/images/Maine_Coon_101.jpg,Maine_Coon,cat,6
/kaggle/input/datasets/tanlikesmath/the-oxfordiiit-pet-dataset/images/Siamese_129.jpg,Siamese,cat,10
/kaggle/input/datasets/tanlikesmath/the-oxfordiiit-pet-dataset/images/american_bulldog_108.jpg,american_bulldog,dog,12
/kaggle/input/datasets/tanlikesmath/the-oxfordiiit-pet-dataset/images/havanese_21.jpg,havanese,dog,22
/kaggle/input/datasets/tanlikesmath/the-oxfordiiit-pet-dataset/images/basset_hound_37.jpg,basset_hound,dog,14
/kaggle/input/datasets/tanlikesmath/the-oxfordiiit-pet-dataset/images/keeshond_67.jpg,keeshond,dog,24
/kaggle/input/datasets/tanlikesmath/the-oxfordiiit-pet-dataset/images/British_Shorthair_55.jpg,British_Shorthair,cat,4
/kaggle/input/datasets/tanlikesmath/the-oxfordiiit-pet-dataset/images/newfoundland_185.jpg,newfoundland,dog,27
/kaggle/input/datasets/tanlikesmath/the-oxfordiiit-pet-dataset/images/Egyptian_Mau_180.jpg,Egyptian_Mau,cat,5
/kaggle/input/datasets/tanlikesmath/the-oxfordiiit-pet-dataset/images/Russian_Blue_111.jpg,Russian_Blue,cat,9
/kaggle/input/datasets/tanlikesmath/the-oxfordiiit-pet-dataset/images/shiba_inu_176.jpg,shiba_inu,dog,33
/kaggle/input/datasets/tanlikesmath/the-oxfordiiit-pet-dataset/images/Abyssinian_63.jpg,Abyssinian,cat,0
/kaggle/input/datasets/tanlikesmath/the-oxfordiiit-pet-dataset/images/Sphynx_187.jpg,Sphynx,cat,11
/kaggle/input/datasets/tanlikesmath/the-oxfordiiit-pet-dataset/images/chihuahua_191.jpg,chihuahua,dog,17
/kaggle/input/datasets/tanlikesmath/the-oxfordiiit-pet-dataset/images/saint_bernard_55.jpg,saint_bernard,dog,30
/kaggle/input/datasets/tanlikesmath/the-oxfordiiit-pet-dataset/images/pug_70.jpg,pug,dog,29
/kaggle/input/datasets/tanlikesmath/the-oxfordiiit-pet-dataset/images/pug_28.jpg,pug,dog,29
/kaggle/input/datasets/tanlikesmath/the-oxfordiiit-pet-dataset/images/Bengal_116.jpg,Bengal,cat,1
/kaggle/input/datasets/tanlikesmath/the-oxfordiiit-pet-dataset/images/Egyptian_Mau_141.jpg,Egyptian_Mau,cat,5
/kaggle/input/datasets/tanlikesmath/the-oxfordiiit-pet-dataset/images/Siamese_182.jpg,Siamese,cat,10
/kaggle/input/datasets/tanlikesmath/the-oxfordiiit-pet-dataset/images/Siamese_125.jpg,Siamese,cat,10
/kaggle/input/datasets/tanlikesmath/the-oxfordiiit-pet-dataset/images/Bombay_61.jpg,Bombay,cat,3
/kaggle/input/datasets/tanlikesmath/the-oxfordiiit-pet-dataset/images/boxer_129.jpg,boxer,dog,16
/kaggle/input/datasets/tanlikesmath/the-oxfordiiit-pet-dataset/images/english_setter_47.jpg,english_setter,dog,19
/kaggle/input/datasets/tanlikesmath/the-oxfordiiit-pet-dataset/images/wheaten_terrier_69.jpg,wheaten_terrier,dog,35
/kaggle/input/datasets/tanlikesmath/the-oxfordiiit-pet-dataset/images/miniature_pinscher_57.jpg,miniature_pinscher,dog,26
/kaggle/input/datasets/tanlikesmath/the-oxfordiiit-pet-dataset/images/Sphynx_205.jpg,Sphynx,cat,11
/kaggle/input/datasets/tanlikesmath/the-oxfordiiit-pet-dataset/images/scottish_terrier_95.jpg,scottish_terrier,dog,32
/kaggle/input/datasets/tanlikesmath/the-oxfordiiit-pet-dataset/images/scottish_terrier_182.jpg,scottish_terrier,dog,32
/kaggle/input/datasets/tanlikesmath/the-oxfordiiit-pet-dataset/images/scottish_terrier_151.jpg,scottish_terrier,dog,32
/kaggle/input/datasets/tanlikesmath/the-oxfordiiit-pet-dataset/images/newfoundland_71.jpg,newfoundland,dog,27
/kaggle/input/datasets/tanlikesmath/the-oxfordiiit-pet-dataset/images/english_setter_124.jpg,english_setter,dog,19
/kaggle/input/datasets/tanlikesmath/the-oxfordiiit-pet-dataset/images/scottish_terrier_19.jpg,scottish_terrier,dog,32
/kaggle/input/datasets/tanlikesmath/the-oxfordiiit-pet-dataset/images/shiba_inu_57.jpg,shiba_inu,dog,33
/kaggle/input/datasets/tanlikesmath/the-oxfordiiit-pet-dataset/images/shiba_inu_163.jpg,shiba_inu,dog,33
/kaggle/input/datasets/tanlikesmath/the-oxfordiiit-pet-dataset/images/beagle_36.jpg,beagle,dog,15
/kaggle/input/datasets/tanlikesmath/the-oxfordiiit-pet-dataset/images/Bombay_154.jpg,Bombay,cat,3
/kaggle/input/datasets/tanlikesmath/the-oxfordiiit-pet-dataset/images/Persian_183.jpg,Persian,cat,7
/kaggle/input/datasets/tanlikesmath/the-oxfordiiit-pet-dataset/images/boxer_198.jpg,boxer,dog,16
/kaggle/input/datasets/tanlikesmath/the-oxfordiiit-pet-dataset/images/Maine_Coon_68.jpg,Maine_Coon,cat,6
/kaggle/input/datasets/tanlikesmath/the-oxfordiiit-pet-dataset/images/american_pit_bull_terrier_163.jpg,american_pit_bull_terrier,dog,13
/kaggle/input/datasets/tanlikesmath/the-oxfordiiit-pet-dataset/images/newfoundland_113.jpg,newfoundland,dog,27
/kaggle/input/datasets/tanlikesmath/the-oxfordiiit-pet-dataset/images/Persian_266.jpg,Persian,cat,7
/kaggle/input/datasets/tanlikesmath/the-oxfordiiit-pet-dataset/images/Persian_2.jpg,Persian,cat,7
/kaggle/input/datasets/tanlikesmath/the-oxfordiiit-pet-dataset/images/pomeranian_134.jpg,pomeranian,dog,28
/kaggle/input/datasets/tanlikesmath/the-oxfordiiit-pet-dataset/images/leonberger_63.jpg,leonberger,dog,25
/kaggle/input/datasets/tanlikesmath/the-oxfordiiit-pet-dataset/images/Maine_Coon_266.jpg,Maine_Coon,cat,6
/kaggle/input/datasets/tanlikesmath/the-oxfordiiit-pet-dataset/images/Bombay_172.jpg,Bombay,cat,3
/kaggle/input/datasets/tanlikesmath/the-oxfordiiit-pet-dataset/images/great_pyrenees_111.jpg,great_pyrenees,dog,21
/kaggle/input/datasets/tanlikesmath/the-oxfordiiit-pet-dataset/images/saint_bernard_168.jpg,saint_bernard,dog,30
/kaggle/input/datasets/tanlikesmath/the-oxfordiiit-pet-dataset/images/Sphynx_124.jpg,Sphynx,cat,11
/kaggle/input/datasets/tanlikesmath/the-oxfordiiit-pet-dataset/images/Siamese_160.jpg,Siamese,cat,10
/kaggle/input/datasets/tanlikesmath/the-oxfordiiit-pet-dataset/images/beagle_98.jpg,beagle,dog,15
/kaggle/input/datasets/tanlikesmath/the-oxfordiiit-pet-dataset/images/Birman_12.jpg,Birman,cat,2
/kaggle/input/datasets/tanlikesmath/the-oxfordiiit-pet-dataset/images/pug_187.jpg,pug,dog,29
/kaggle/input/datasets/tanlikesmath/the-oxfordiiit-pet-dataset/images/american_pit_bull_terrier_114.jpg,american_pit_bull_terrier,dog,13
/kaggle/input/datasets/tanlikesmath/the-oxfordiiit-pet-dataset/images/Russian_Blue_156.jpg,Russian_Blue,cat,9
/kaggle/input/datasets/tanlikesmath/the-oxfordiiit-pet-dataset/images/Abyssinian_226.jpg,Abyssinian,cat,0
/kaggle/input/datasets/tanlikesmath/the-oxfordiiit-pet-dataset/images/Egyptian_Mau_170.jpg,Egyptian_Mau,cat,5
/kaggle/input/datasets/tanlikesmath/the-oxfordiiit-pet-dataset/images/japanese_chin_124.jpg,japanese_chin,dog,23
/kaggle/input/datasets/tanlikesmath/the-oxfordiiit-pet-dataset/images/pomeranian_102.jpg,pomeranian,dog,28
/kaggle/input/datasets/tanlikesmath/the-oxfordiiit-pet-dataset/images/beagle_21.jpg,beagle,dog,15
/kaggle/input/datasets/tanlikesmath/the-oxfordiiit-pet-dataset/images/wheaten_terrier_123.jpg,wheaten_terrier,dog,35
/kaggle/input/datasets/tanlikesmath/the-oxfordiiit-pet-dataset/images/British_Shorthair_99.jpg,British_Shorthair,cat,4
/kaggle/input/datasets/tanlikesmath/the-oxfordiiit-pet-dataset/images/chihuahua_107.jpg,chihuahua,dog,17
/kaggle/input/datasets/tanlikesmath/the-oxfordiiit-pet-dataset/images/Persian_189.jpg,Persian,cat,7
/kaggle/input/datasets/tanlikesmath/the-oxfordiiit-pet-dataset/images/american_bulldog_166.jpg,american_bulldog,dog,12
/kaggle/input/datasets/tanlikesmath/the-oxfordiiit-pet-dataset/images/pug_127.jpg,pug,dog,29
/kaggle/input/datasets/tanlikesmath/the-oxfordiiit-pet-dataset/images/pug_82.jpg,pug,dog,29
/kaggle/input/datasets/tanlikesmath/the-oxfordiiit-pet-dataset/images/Siamese_53.jpg,Siamese,cat,10
/kaggle/input/datasets/tanlikesmath/the-oxfordiiit-pet-dataset/images/miniature_pinscher_3.jpg,miniature_pinscher,dog,26
/kaggle/input/datasets/tanlikesmath/the-oxfordiiit-pet-dataset/images/Birman_118.jpg,Birman,cat,2
/kaggle/input/datasets/tanlikesmath/the-oxfordiiit-pet-dataset/images/japanese_chin_24.jpg,japanese_chin,dog,23
/kaggle/input/datasets/tanlikesmath/the-oxfordiiit-pet-dataset/images/havanese_73.jpg,havanese,dog,22
/kaggle/input/datasets/tanlikesmath/the-oxfordiiit-pet-dataset/images/basset_hound_104.jpg,basset_hound,dog,14
/kaggle/input/datasets/tanlikesmath/the-oxfordiiit-pet-dataset/images/Ragdoll_264.jpg,Ragdoll,cat,8
/kaggle/input/datasets/tanlikesmath/the-oxfordiiit-pet-dataset/images/Bombay_48.jpg,Bombay,cat,3
/kaggle/input/datasets/tanlikesmath/the-oxfordiiit-pet-dataset/images/keeshond_44.jpg,keeshond,dog,24
/kaggle/input/datasets/tanlikesmath/the-oxfordiiit-pet-dataset/images/shiba_inu_22.jpg,shiba_inu,dog,33
/kaggle/input/datasets/tanlikesmath/the-oxfordiiit-pet-dataset/images/Bengal_125.jpg,Bengal,cat,1
/kaggle/input/datasets/tanlikesmath/the-oxfordiiit-pet-dataset/images/Bombay_177.jpg,Bombay,cat,3
/kaggle/input/datasets/tanlikesmath/the-oxfordiiit-pet-dataset/images/saint_bernard_169.jpg,saint_bernard,dog,30
/kaggle/input/datasets/tanlikesmath/the-oxfordiiit-pet-dataset/images/miniature_pinscher_117.jpg,miniature_pinscher,dog,26
/kaggle/input/datasets/tanlikesmath/the-oxfordiiit-pet-dataset/images/boxer_56.jpg,boxer,dog,16
/kaggle/input/datasets/tanlikesmath/the-oxfordiiit-pet-dataset/images/keeshond_126.jpg,keeshond,dog,24
/kaggle/input/datasets/tanlikesmath/the-oxfordiiit-pet-dataset/images/Egyptian_Mau_221.jpg,Egyptian_Mau,cat,5
/kaggle/input/datasets/tanlikesmath/the-oxfordiiit-pet-dataset/images/Siamese_201.jpg,Siamese,cat,10
/kaggle/input/datasets/tanlikesmath/the-oxfordiiit-pet-dataset/images/basset_hound_171.jpg,basset_hound,dog,14
/kaggle/input/datasets/tanlikesmath/the-oxfordiiit-pet-dataset/images/english_cocker_spaniel_138.jpg,english_cocker_spaniel,dog,18
/kaggle/input/datasets/tanlikesmath/the-oxfordiiit-pet-dataset/images/german_shorthaired_67.jpg,german_shorthaired,dog,20
/kaggle/input/datasets/tanlikesmath/the-oxfordiiit-pet-dataset/images/pomeranian_24.jpg,pomeranian,dog,28
/kaggle/input/datasets/tanlikesmath/the-oxfordiiit-pet-dataset/images/Bengal_3.jpg,Bengal,cat,1
/kaggle/input/datasets/tanlikesmath/the-oxfordiiit-pet-dataset/images/saint_bernard_132.jpg,saint_bernard,dog,30
/kaggle/input/datasets/tanlikesmath/the-oxfordiiit-pet-dataset/images/Abyssinian_164.jpg,Abyssinian,cat,0
/kaggle/input/datasets/tanlikesmath/the-oxfordiiit-pet-dataset/images/Sphynx_40.jpg,Sphynx,cat,11
/kaggle/input/datasets/tanlikesmath/the-oxfordiiit-pet-dataset/images/British_Shorthair_2.jpg,British_Shorthair,cat,4
/kaggle/input/datasets/tanlikesmath/the-oxfordiiit-pet-dataset/images/Russian_Blue_177.jpg,Russian_Blue,cat,9
/kaggle/input/datasets/tanlikesmath/the-oxfordiiit-pet-dataset/images/staffordshire_bull_terrier_24.jpg,staffordshire_bull_terrier,dog,34
/kaggle/input/datasets/tanlikesmath/the-oxfordiiit-pet-dataset/images/chihuahua_111.jpg,chihuahua,dog,17
/kaggle/input/datasets/tanlikesmath/the-oxfordiiit-pet-dataset/images/Persian_121.jpg,Persian,cat,7
/kaggle/input/datasets/tanlikesmath/the-oxfordiiit-pet-dataset/images/beagle_20.jpg,beagle,dog,15
/kaggle/input/datasets/tanlikesmath/the-oxfordiiit-pet-dataset/images/Sphynx_249.jpg,Sphynx,cat,11
/kaggle/input/datasets/tanlikesmath/the-oxfordiiit-pet-dataset/images/Siamese_152.jpg,Siamese,cat,10
/kaggle/input/datasets/tanlikesmath/the-oxfordiiit-pet-dataset/images/saint_bernard_148.jpg,saint_bernard,dog,30
/kaggle/input/datasets/tanlikesmath/the-oxfordiiit-pet-dataset/images/english_setter_118.jpg,english_setter,dog,19
/kaggle/input/datasets/tanlikesmath/the-oxfordiiit-pet-dataset/images/boxer_183.jpg,boxer,dog,16
/kaggle/input/datasets/tanlikesmath/the-oxfordiiit-pet-dataset/images/beagle_91.jpg,beagle,dog,15
/kaggle/input/datasets/tanlikesmath/the-oxfordiiit-pet-dataset/images/Ragdoll_88.jpg,Ragdoll,cat,8
/kaggle/input/datasets/tanlikesmath/the-oxfordiiit-pet-dataset/images/British_Shorthair_199.jpg,British_Shorthair,cat,4
/kaggle/input/datasets/tanlikesmath/the-oxfordiiit-pet-dataset/images/newfoundland_101.jpg,newfoundland,dog,27
/kaggle/input/datasets/tanlikesmath/the-oxfordiiit-pet-dataset/images/leonberger_110.jpg,leonberger,dog,25
/kaggle/input/datasets/tanlikesmath/the-oxfordiiit-pet-dataset/images/samoyed_50.jpg,samoyed,dog,31
/kaggle/input/datasets/tanlikesmath/the-oxfordiiit-pet-dataset/images/keeshond_72.jpg,keeshond,dog,24
/kaggle/input/datasets/tanlikesmath/the-oxfordiiit-pet-dataset/images/Sphynx_23.jpg,Sphynx,cat,11
/kaggle/input/datasets/tanlikesmath/the-oxfordiiit-pet-dataset/images/english_cocker_spaniel_128.jpg,english_cocker_spaniel,dog,18
/kaggle/input/datasets/tanlikesmath/the-oxfordiiit-pet-dataset/images/american_pit_bull_terrier_62.jpg,american_pit_bull_terrier,dog,13
/kaggle/input/datasets/tanlikesmath/the-oxfordiiit-pet-dataset/images/Sphynx_175.jpg,Sphynx,cat,11
/kaggle/input/datasets/tanlikesmath/the-oxfordiiit-pet-dataset/images/american_bulldog_98.jpg,american_bulldog,dog,12
/kaggle/input/datasets/tanlikesmath/the-oxfordiiit-pet-dataset/images/scottish_terrier_9.jpg,scottish_terrier,dog,32
/kaggle/input/datasets/tanlikesmath/the-oxfordiiit-pet-dataset/images/basset_hound_167.jpg,basset_hound,dog,14
/kaggle/input/datasets/tanlikesmath/the-oxfordiiit-pet-dataset/images/basset_hound_99.jpg,basset_hound,dog,14
/kaggle/input/datasets/tanlikesmath/the-oxfordiiit-pet-dataset/images/Bombay_133.jpg,Bombay,cat,3
/kaggle/input/datasets/tanlikesmath/the-oxfordiiit-pet-dataset/images/japanese_chin_5.jpg,japanese_chin,dog,23
/kaggle/input/datasets/tanlikesmath/the-oxfordiiit-pet-dataset/images/great_pyrenees_70.jpg,great_pyrenees,dog,21
/kaggle/input/datasets/tanlikesmath/the-oxfordiiit-pet-dataset/images/Russian_Blue_123.jpg,Russian_Blue,cat,9
/kaggle/input/datasets/tanlikesmath/the-oxfordiiit-pet-dataset/images/american_pit_bull_terrier_14.jpg,american_pit_bull_terrier,dog,13
/kaggle/input/datasets/tanlikesmath/the-oxfordiiit-pet-dataset/images/British_Shorthair_193.jpg,British_Shorthair,cat,4
/kaggle/input/datasets/tanlikesmath/the-oxfordiiit-pet-dataset/images/english_cocker_spaniel_145.jpg,english_cocker_spaniel,dog,18
/kaggle/input/datasets/tanlikesmath/the-oxfordiiit-pet-dataset/images/samoyed_106.jpg,samoyed,dog,31
/kaggle/input/datasets/tanlikesmath/the-oxfordiiit-pet-dataset/images/Sphynx_45.jpg,Sphynx,cat,11
/kaggle/input/datasets/tanlikesmath/the-oxfordiiit-pet-dataset/images/pomeranian_69.jpg,pomeranian,dog,28
/kaggle/input/datasets/tanlikesmath/the-oxfordiiit-pet-dataset/images/chihuahua_24.jpg,chihuahua,dog,17
/kaggle/input/datasets/tanlikesmath/the-oxfordiiit-pet-dataset/images/Bengal_57.jpg,Bengal,cat,1
/kaggle/input/datasets/tanlikesmath/the-oxfordiiit-pet-dataset/images/beagle_143.jpg,beagle,dog,15
/kaggle/input/datasets/tanlikesmath/the-oxfordiiit-pet-dataset/images/leonberger_78.jpg,leonberger,dog,25
/kaggle/input/datasets/tanlikesmath/the-oxfordiiit-pet-dataset/images/basset_hound_3.jpg,basset_hound,dog,14
/kaggle/input/datasets/tanlikesmath/the-oxfordiiit-pet-dataset/images/newfoundland_42.jpg,newfoundland,dog,27
/kaggle/input/datasets/tanlikesmath/the-oxfordiiit-pet-dataset/images/wheaten_terrier_193.jpg,wheaten_terrier,dog,35
/kaggle/input/datasets/tanlikesmath/the-oxfordiiit-pet-dataset/images/beagle_105.jpg,beagle,dog,15
/kaggle/input/datasets/tanlikesmath/the-oxfordiiit-pet-dataset/images/great_pyrenees_73.jpg,great_pyrenees,dog,21
/kaggle/input/datasets/tanlikesmath/the-oxfordiiit-pet-dataset/images/Birman_9.jpg,Birman,cat,2
/kaggle/input/datasets/tanlikesmath/the-oxfordiiit-pet-dataset/images/Ragdoll_176.jpg,Ragdoll,cat,8
/kaggle/input/datasets/tanlikesmath/the-oxfordiiit-pet-dataset/images/Siamese_93.jpg,Siamese,cat,10
/kaggle/input/datasets/tanlikesmath/the-oxfordiiit-pet-dataset/images/Persian_7.jpg,Persian,cat,7
/kaggle/input/datasets/tanlikesmath/the-oxfordiiit-pet-dataset/images/chihuahua_25.jpg,chihuahua,dog,17
/kaggle/input/datasets/tanlikesmath/the-oxfordiiit-pet-dataset/images/Russian_Blue_109.jpg,Russian_Blue,cat,9
/kaggle/input/datasets/tanlikesmath/the-oxfordiiit-pet-dataset/images/Sphynx_27.jpg,Sphynx,cat,11
/kaggle/input/datasets/tanlikesmath/the-oxfordiiit-pet-dataset/images/saint_bernard_84.jpg,saint_bernard,dog,30
/kaggle/input/datasets/tanlikesmath/the-oxfordiiit-pet-dataset/images/american_bulldog_41.jpg,american_bulldog,dog,12
/kaggle/input/datasets/tanlikesmath/the-oxfordiiit-pet-dataset/images/english_setter_85.jpg,english_setter,dog,19
/kaggle/input/datasets/tanlikesmath/the-oxfordiiit-pet-dataset/images/pug_27.jpg,pug,dog,29
/kaggle/input/datasets/tanlikesmath/the-oxfordiiit-pet-dataset/images/Russian_Blue_63.jpg,Russian_Blue,cat,9
/kaggle/input/datasets/tanlikesmath/the-oxfordiiit-pet-dataset/images/basset_hound_41.jpg,basset_hound,dog,14
/kaggle/input/datasets/tanlikesmath/the-oxfordiiit-pet-dataset/images/miniature_pinscher_99.jpg,miniature_pinscher,dog,26
/kaggle/input/datasets/tanlikesmath/the-oxfordiiit-pet-dataset/images/wheaten_terrier_153.jpg,wheaten_terrier,dog,35
/kaggle/input/datasets/tanlikesmath/the-oxfordiiit-pet-dataset/images/pug_33.jpg,pug,dog,29
/kaggle/input/datasets/tanlikesmath/the-oxfordiiit-pet-dataset/images/Siamese_240.jpg,Siamese,cat,10
/kaggle/input/datasets/tanlikesmath/the-oxfordiiit-pet-dataset/images/Sphynx_181.jpg,Sphynx,cat,11
/kaggle/input/datasets/tanlikesmath/the-oxfordiiit-pet-dataset/images/leonberger_11.jpg,leonberger,dog,25
/kaggle/input/datasets/tanlikesmath/the-oxfordiiit-pet-dataset/images/staffordshire_bull_terrier_16.jpg,staffordshire_bull_terrier,dog,34
/kaggle/input/datasets/tanlikesmath/the-oxfordiiit-pet-dataset/images/wheaten_terrier_156.jpg,wheaten_terrier,dog,35
/kaggle/input/datasets/tanlikesmath/the-oxfordiiit-pet-dataset/images/chihuahua_66.jpg,chihuahua,dog,17
/kaggle/input/datasets/tanlikesmath/the-oxfordiiit-pet-dataset/images/german_shorthaired_166.jpg,german_shorthaired,dog,20
/kaggle/input/datasets/tanlikesmath/the-oxfordiiit-pet-dataset/images/american_pit_bull_terrier_46.jpg,american_pit_bull_terrier,dog,13
/kaggle/input/datasets/tanlikesmath/the-oxfordiiit-pet-dataset/images/Russian_Blue_88.jpg,Russian_Blue,cat,9
/kaggle/input/datasets/tanlikesmath/the-oxfordiiit-pet-dataset/images/pug_56.jpg,pug,dog,29
/kaggle/input/datasets/tanlikesmath/the-oxfordiiit-pet-dataset/images/saint_bernard_107.jpg,saint_bernard,dog,30
/kaggle/input/datasets/tanlikesmath/the-oxfordiiit-pet-dataset/images/leonberger_46.jpg,leonberger,dog,25
/kaggle/input/datasets/tanlikesmath/the-oxfordiiit-pet-dataset/images/shiba_inu_121.jpg,shiba_inu,dog,33
/kaggle/input/datasets/tanlikesmath/the-oxfordiiit-pet-dataset/images/japanese_chin_106.jpg,japanese_chin,dog,23
/kaggle/input/datasets/tanlikesmath/the-oxfordiiit-pet-dataset/images/pomeranian_100.jpg,pomeranian,dog,28
/kaggle/input/datasets/tanlikesmath/the-oxfordiiit-pet-dataset/images/Ragdoll_173.jpg,Ragdoll,cat,8
/kaggle/input/datasets/tanlikesmath/the-oxfordiiit-pet-dataset/images/Russian_Blue_118.jpg,Russian_Blue,cat,9
/kaggle/input/datasets/tanlikesmath/the-oxfordiiit-pet-dataset/images/shiba_inu_155.jpg,shiba_inu,dog,33
/kaggle/input/datasets/tanlikesmath/the-oxfordiiit-pet-dataset/images/chihuahua_80.jpg,chihuahua,dog,17
/kaggle/input/datasets/tanlikesmath/the-oxfordiiit-pet-dataset/images/Egyptian_Mau_104.jpg,Egyptian_Mau,cat,5
/kaggle/input/datasets/tanlikesmath/the-oxfordiiit-pet-dataset/images/boxer_168.jpg,boxer,dog,16
/kaggle/input/datasets/tanlikesmath/the-oxfordiiit-pet-dataset/images/Persian_17.jpg,Persian,cat,7
/kaggle/input/datasets/tanlikesmath/the-oxfordiiit-pet-dataset/images/miniature_pinscher_36.jpg,miniature_pinscher,dog,26
/kaggle/input/datasets/tanlikesmath/the-oxfordiiit-pet-dataset/images/Egyptian_Mau_143.jpg,Egyptian_Mau,cat,5
/kaggle/input/datasets/tanlikesmath/the-oxfordiiit-pet-dataset/images/Sphynx_239.jpg,Sphynx,cat,11
/kaggle/input/datasets/tanlikesmath/the-oxfordiiit-pet-dataset/images/staffordshire_bull_terrier_70.jpg,staffordshire_bull_terrier,dog,34
/kaggle/input/datasets/tanlikesmath/the-oxfordiiit-pet-dataset/images/keeshond_81.jpg,keeshond,dog,24
/kaggle/input/datasets/tanlikesmath/the-oxfordiiit-pet-dataset/images/Birman_25.jpg,Birman,cat,2
/kaggle/input/datasets/tanlikesmath/the-oxfordiiit-pet-dataset/images/British_Shorthair_106.jpg,British_Shorthair,cat,4
/kaggle/input/datasets/tanlikesmath/the-oxfordiiit-pet-dataset/images/Abyssinian_157.jpg,Abyssinian,cat,0
/kaggle/input/datasets/tanlikesmath/the-oxfordiiit-pet-dataset/images/american_bulldog_59.jpg,american_bulldog,dog,12
/kaggle/input/datasets/tanlikesmath/the-oxfordiiit-pet-dataset/images/staffordshire_bull_terrier_11.jpg,staffordshire_bull_terrier,dog,34
/kaggle/input/datasets/tanlikesmath/the-oxfordiiit-pet-dataset/images/yorkshire_terrier_128.jpg,yorkshire_terrier,dog,36
/kaggle/input/datasets/tanlikesmath/the-oxfordiiit-pet-dataset/images/Ragdoll_156.jpg,Ragdoll,cat,8
/kaggle/input/datasets/tanlikesmath/the-oxfordiiit-pet-dataset/images/great_pyrenees_29.jpg,great_pyrenees,dog,21
/kaggle/input/datasets/tanlikesmath/the-oxfordiiit-pet-dataset/images/english_cocker_spaniel_42.jpg,english_cocker_spaniel,dog,18
/kaggle/input/datasets/tanlikesmath/the-oxfordiiit-pet-dataset/images/german_shorthaired_110.jpg,german_shorthaired,dog,20
/kaggle/input/datasets/tanlikesmath/the-oxfordiiit-pet-dataset/images/newfoundland_143.jpg,newfoundland,dog,27
/kaggle/input/datasets/tanlikesmath/the-oxfordiiit-pet-dataset/images/Persian_4.jpg,Persian,cat,7
/kaggle/input/datasets/tanlikesmath/the-oxfordiiit-pet-dataset/images/Birman_175.jpg,Birman,cat,2
/kaggle/input/datasets/tanlikesmath/the-oxfordiiit-pet-dataset/images/Persian_66.jpg,Persian,cat,7
/kaggle/input/datasets/tanlikesmath/the-oxfordiiit-pet-dataset/images/miniature_pinscher_122.jpg,miniature_pinscher,dog,26
/kaggle/input/datasets/tanlikesmath/the-oxfordiiit-pet-dataset/images/staffordshire_bull_terrier_167.jpg,staffordshire_bull_terrier,dog,34
/kaggle/input/datasets/tanlikesmath/the-oxfordiiit-pet-dataset/images/Ragdoll_254.jpg,Ragdoll,cat,8
/kaggle/input/datasets/tanlikesmath/the-oxfordiiit-pet-dataset/images/Egyptian_Mau_154.jpg,Egyptian_Mau,cat,5
/kaggle/input/datasets/tanlikesmath/the-oxfordiiit-pet-dataset/images/german_shorthaired_68.jpg,german_shorthaired,dog,20
/kaggle/input/datasets/tanlikesmath/the-oxfordiiit-pet-dataset/images/japanese_chin_137.jpg,japanese_chin,dog,23
/kaggle/input/datasets/tanlikesmath/the-oxfordiiit-pet-dataset/images/american_pit_bull_terrier_106.jpg,american_pit_bull_terrier,dog,13
/kaggle/input/datasets/tanlikesmath/the-oxfordiiit-pet-dataset/images/pomeranian_129.jpg,pomeranian,dog,28
/kaggle/input/datasets/tanlikesmath/the-oxfordiiit-pet-dataset/images/Sphynx_144.jpg,Sphynx,cat,11
/kaggle/input/datasets/tanlikesmath/the-oxfordiiit-pet-dataset/images/miniature_pinscher_43.jpg,miniature_pinscher,dog,26
/kaggle/input/datasets/tanlikesmath/the-oxfordiiit-pet-dataset/images/basset_hound_153.jpg,basset_hound,dog,14
/kaggle/input/datasets/tanlikesmath/the-oxfordiiit-pet-dataset/images/saint_bernard_78.jpg,saint_bernard,dog,30
/kaggle/input/datasets/tanlikesmath/the-oxfordiiit-pet-dataset/images/shiba_inu_56.jpg,shiba_inu,dog,33
/kaggle/input/datasets/tanlikesmath/the-oxfordiiit-pet-dataset/images/english_cocker_spaniel_81.jpg,english_cocker_spaniel,dog,18
/kaggle/input/datasets/tanlikesmath/the-oxfordiiit-pet-dataset/images/japanese_chin_131.jpg,japanese_chin,dog,23
/kaggle/input/datasets/tanlikesmath/the-oxfordiiit-pet-dataset/images/boxer_180.jpg,boxer,dog,16
/kaggle/input/datasets/tanlikesmath/the-oxfordiiit-pet-dataset/images/samoyed_137.jpg,samoyed,dog,31
/kaggle/input/datasets/tanlikesmath/the-oxfordiiit-pet-dataset/images/saint_bernard_125.jpg,saint_bernard,dog,30
/kaggle/input/datasets/tanlikesmath/the-oxfordiiit-pet-dataset/images/scottish_terrier_3.jpg,scottish_terrier,dog,32
/kaggle/input/datasets/tanlikesmath/the-oxfordiiit-pet-dataset/images/shiba_inu_66.jpg,shiba_inu,dog,33
/kaggle/input/datasets/tanlikesmath/the-oxfordiiit-pet-dataset/images/Maine_Coon_44.jpg,Maine_Coon,cat,6
/kaggle/input/datasets/tanlikesmath/the-oxfordiiit-pet-dataset/images/newfoundland_21.jpg,newfoundland,dog,27
/kaggle/input/datasets/tanlikesmath/the-oxfordiiit-pet-dataset/images/Egyptian_Mau_174.jpg,Egyptian_Mau,cat,5
/kaggle/input/datasets/tanlikesmath/the-oxfordiiit-pet-dataset/images/Bombay_58.jpg,Bombay,cat,3
/kaggle/input/datasets/tanlikesmath/the-oxfordiiit-pet-dataset/images/german_shorthaired_115.jpg,german_shorthaired,dog,20
/kaggle/input/datasets/tanlikesmath/the-oxfordiiit-pet-dataset/images/newfoundland_139.jpg,newfoundland,dog,27
/kaggle/input/datasets/tanlikesmath/the-oxfordiiit-pet-dataset/images/scottish_terrier_137.jpg,scottish_terrier,dog,32
/kaggle/input/datasets/tanlikesmath/the-oxfordiiit-pet-dataset/images/Siamese_227.jpg,Siamese,cat,10
/kaggle/input/datasets/tanlikesmath/the-oxfordiiit-pet-dataset/images/japanese_chin_114.jpg,japanese_chin,dog,23
/kaggle/input/datasets/tanlikesmath/the-oxfordiiit-pet-dataset/images/newfoundland_189.jpg,newfoundland,dog,27
/kaggle/input/datasets/tanlikesmath/the-oxfordiiit-pet-dataset/images/British_Shorthair_44.jpg,British_Shorthair,cat,4
/kaggle/input/datasets/tanlikesmath/the-oxfordiiit-pet-dataset/images/Siamese_91.jpg,Siamese,cat,10
/kaggle/input/datasets/tanlikesmath/the-oxfordiiit-pet-dataset/images/basset_hound_34.jpg,basset_hound,dog,14
/kaggle/input/datasets/tanlikesmath/the-oxfordiiit-pet-dataset/images/keeshond_17.jpg,keeshond,dog,24
/kaggle/input/datasets/tanlikesmath/the-oxfordiiit-pet-dataset/images/boxer_35.jpg,boxer,dog,16
/kaggle/input/datasets/tanlikesmath/the-oxfordiiit-pet-dataset/images/samoyed_171.jpg,samoyed,dog,31
/kaggle/input/datasets/tanlikesmath/the-oxfordiiit-pet-dataset/images/Siamese_79.jpg,Siamese,cat,10
/kaggle/input/datasets/tanlikesmath/the-oxfordiiit-pet-dataset/images/basset_hound_199.jpg,basset_hound,dog,14
/kaggle/input/datasets/tanlikesmath/the-oxfordiiit-pet-dataset/images/samoyed_189.jpg,samoyed,dog,31
/kaggle/input/datasets/tanlikesmath/the-oxfordiiit-pet-dataset/images/Bengal_91.jpg,Bengal,cat,1
/kaggle/input/datasets/tanlikesmath/the-oxfordiiit-pet-dataset/images/Bombay_145.jpg,Bombay,cat,3
/kaggle/input/datasets/tanlikesmath/the-oxfordiiit-pet-dataset/images/japanese_chin_175.jpg,japanese_chin,dog,23
/kaggle/input/datasets/tanlikesmath/the-oxfordiiit-pet-dataset/images/shiba_inu_67.jpg,shiba_inu,dog,33
/kaggle/input/datasets/tanlikesmath/the-oxfordiiit-pet-dataset/images/german_shorthaired_93.jpg,german_shorthaired,dog,20
/kaggle/input/datasets/tanlikesmath/the-oxfordiiit-pet-dataset/images/scottish_terrier_152.jpg,scottish_terrier,dog,32
/kaggle/input/datasets/tanlikesmath/the-oxfordiiit-pet-dataset/images/japanese_chin_41.jpg,japanese_chin,dog,23
/kaggle/input/datasets/tanlikesmath/the-oxfordiiit-pet-dataset/images/samoyed_26.jpg,samoyed,dog,31
/kaggle/input/datasets/tanlikesmath/the-oxfordiiit-pet-dataset/images/newfoundland_160.jpg,newfoundland,dog,27
/kaggle/input/datasets/tanlikesmath/the-oxfordiiit-pet-dataset/images/havanese_199.jpg,havanese,dog,22
/kaggle/input/datasets/tanlikesmath/the-oxfordiiit-pet-dataset/images/miniature_pinscher_15.jpg,miniature_pinscher,dog,26
/kaggle/input/datasets/tanlikesmath/the-oxfordiiit-pet-dataset/images/beagle_113.jpg,beagle,dog,15
/kaggle/input/datasets/tanlikesmath/the-oxfordiiit-pet-dataset/images/Bombay_80.jpg,Bombay,cat,3
/kaggle/input/datasets/tanlikesmath/the-oxfordiiit-pet-dataset/images/Bengal_47.jpg,Bengal,cat,1
/kaggle/input/datasets/tanlikesmath/the-oxfordiiit-pet-dataset/images/english_setter_50.jpg,english_setter,dog,19
/kaggle/input/datasets/tanlikesmath/the-oxfordiiit-pet-dataset/images/yorkshire_terrier_75.jpg,yorkshire_terrier,dog,36
/kaggle/input/datasets/tanlikesmath/the-oxfordiiit-pet-dataset/images/Bengal_73.jpg,Bengal,cat,1
/kaggle/input/datasets/tanlikesmath/the-oxfordiiit-pet-dataset/images/Maine_Coon_119.jpg,Maine_Coon,cat,6
/kaggle/input/datasets/tanlikesmath/the-oxfordiiit-pet-dataset/images/Bombay_101.jpg,Bombay,cat,3
/kaggle/input/datasets/tanlikesmath/the-oxfordiiit-pet-dataset/images/Maine_Coon_93.jpg,Maine_Coon,cat,6
/kaggle/input/datasets/tanlikesmath/the-oxfordiiit-pet-dataset/images/Bengal_24.jpg,Bengal,cat,1
/kaggle/input/datasets/tanlikesmath/the-oxfordiiit-pet-dataset/images/miniature_pinscher_199.jpg,miniature_pinscher,dog,26
/kaggle/input/datasets/tanlikesmath/the-oxfordiiit-pet-dataset/images/Russian_Blue_59.jpg,Russian_Blue,cat,9
/kaggle/input/datasets/tanlikesmath/the-oxfordiiit-pet-dataset/images/Abyssinian_92.jpg,Abyssinian,cat,0
/kaggle/input/datasets/tanlikesmath/the-oxfordiiit-pet-dataset/images/samoyed_64.jpg,samoyed,dog,31
/kaggle/input/datasets/tanlikesmath/the-oxfordiiit-pet-dataset/images/wheaten_terrier_138.jpg,wheaten_terrier,dog,35
/kaggle/input/datasets/tanlikesmath/the-oxfordiiit-pet-dataset/images/boxer_6.jpg,boxer,dog,16
/kaggle/input/datasets/tanlikesmath/the-oxfordiiit-pet-dataset/images/boxer_95.jpg,boxer,dog,16
/kaggle/input/datasets/tanlikesmath/the-oxfordiiit-pet-dataset/images/keeshond_121.jpg,keeshond,dog,24
/kaggle/input/datasets/tanlikesmath/the-oxfordiiit-pet-dataset/images/great_pyrenees_44.jpg,great_pyrenees,dog,21
/kaggle/input/datasets/tanlikesmath/the-oxfordiiit-pet-dataset/images/Persian_41.jpg,Persian,cat,7
/kaggle/input/datasets/tanlikesmath/the-oxfordiiit-pet-dataset/images/keeshond_49.jpg,keeshond,dog,24
/kaggle/input/datasets/tanlikesmath/the-oxfordiiit-pet-dataset/images/staffordshire_bull_terrier_48.jpg,staffordshire_bull_terrier,dog,34
/kaggle/input/datasets/tanlikesmath/the-oxfordiiit-pet-dataset/images/Birman_86.jpg,Birman,cat,2
/kaggle/input/datasets/tanlikesmath/the-oxfordiiit-pet-dataset/images/British_Shorthair_107.jpg,British_Shorthair,cat,4
/kaggle/input/datasets/tanlikesmath/the-oxfordiiit-pet-dataset/images/great_pyrenees_15.jpg,great_pyrenees,dog,21
/kaggle/input/datasets/tanlikesmath/the-oxfordiiit-pet-dataset/images/leonberger_132.jpg,leonberger,dog,25
/kaggle/input/datasets/tanlikesmath/the-oxfordiiit-pet-dataset/images/yorkshire_terrier_147.jpg,yorkshire_terrier,dog,36
/kaggle/input/datasets/tanlikesmath/the-oxfordiiit-pet-dataset/images/beagle_139.jpg,beagle,dog,15
/kaggle/input/datasets/tanlikesmath/the-oxfordiiit-pet-dataset/images/Bombay_31.jpg,Bombay,cat,3
/kaggle/input/datasets/tanlikesmath/the-oxfordiiit-pet-dataset/images/havanese_101.jpg,havanese,dog,22
/kaggle/input/datasets/tanlikesmath/the-oxfordiiit-pet-dataset/images/saint_bernard_4.jpg,saint_bernard,dog,30
/kaggle/input/datasets/tanlikesmath/the-oxfordiiit-pet-dataset/images/Bengal_156.jpg,Bengal,cat,1
/kaggle/input/datasets/tanlikesmath/the-oxfordiiit-pet-dataset/images/Ragdoll_175.jpg,Ragdoll,cat,8
/kaggle/input/datasets/tanlikesmath/the-oxfordiiit-pet-dataset/images/pomeranian_83.jpg,pomeranian,dog,28
/kaggle/input/datasets/tanlikesmath/the-oxfordiiit-pet-dataset/images/german_shorthaired_99.jpg,german_shorthaired,dog,20
/kaggle/input/datasets/tanlikesmath/the-oxfordiiit-pet-dataset/images/British_Shorthair_41.jpg,British_Shorthair,cat,4
/kaggle/input/datasets/tanlikesmath/the-oxfordiiit-pet-dataset/images/Maine_Coon_207.jpg,Maine_Coon,cat,6
/kaggle/input/datasets/tanlikesmath/the-oxfordiiit-pet-dataset/images/great_pyrenees_68.jpg,great_pyrenees,dog,21
/kaggle/input/datasets/tanlikesmath/the-oxfordiiit-pet-dataset/images/leonberger_79.jpg,leonberger,dog,25
/kaggle/input/datasets/tanlikesmath/the-oxfordiiit-pet-dataset/images/scottish_terrier_76.jpg,scottish_terrier,dog,32
/kaggle/input/datasets/tanlikesmath/the-oxfordiiit-pet-dataset/images/saint_bernard_14.jpg,saint_bernard,dog,30
/kaggle/input/datasets/tanlikesmath/the-oxfordiiit-pet-dataset/images/saint_bernard_39.jpg,saint_bernard,dog,30
/kaggle/input/datasets/tanlikesmath/the-oxfordiiit-pet-dataset/images/pomeranian_96.jpg,pomeranian,dog,28
/kaggle/input/datasets/tanlikesmath/the-oxfordiiit-pet-dataset/images/Persian_271.jpg,Persian,cat,7
/kaggle/input/datasets/tanlikesmath/the-oxfordiiit-pet-dataset/images/english_setter_38.jpg,english_setter,dog,19
/kaggle/input/datasets/tanlikesmath/the-oxfordiiit-pet-dataset/images/basset_hound_200.jpg,basset_hound,dog,14
/kaggle/input/datasets/tanlikesmath/the-oxfordiiit-pet-dataset/images/British_Shorthair_173.jpg,British_Shorthair,cat,4
/kaggle/input/datasets/tanlikesmath/the-oxfordiiit-pet-dataset/images/samoyed_55.jpg,samoyed,dog,31
/kaggle/input/datasets/tanlikesmath/the-oxfordiiit-pet-dataset/images/great_pyrenees_161.jpg,great_pyrenees,dog,21
/kaggle/input/datasets/tanlikesmath/the-oxfordiiit-pet-dataset/images/yorkshire_terrier_8.jpg,yorkshire_terrier,dog,36
/kaggle/input/datasets/tanlikesmath/the-oxfordiiit-pet-dataset/images/english_setter_178.jpg,english_setter,dog,19
/kaggle/input/datasets/tanlikesmath/the-oxfordiiit-pet-dataset/images/keeshond_63.jpg,keeshond,dog,24
/kaggle/input/datasets/tanlikesmath/the-oxfordiiit-pet-dataset/images/english_cocker_spaniel_152.jpg,english_cocker_spaniel,dog,18
/kaggle/input/datasets/tanlikesmath/the-oxfordiiit-pet-dataset/images/Bombay_161.jpg,Bombay,cat,3
/kaggle/input/datasets/tanlikesmath/the-oxfordiiit-pet-dataset/images/beagle_151.jpg,beagle,dog,15
/kaggle/input/datasets/tanlikesmath/the-oxfordiiit-pet-dataset/images/samoyed_177.jpg,samoyed,dog,31
/kaggle/input/datasets/tanlikesmath/the-oxfordiiit-pet-dataset/images/pomeranian_159.jpg,pomeranian,dog,28
/kaggle/input/datasets/tanlikesmath/the-oxfordiiit-pet-dataset/images/pug_195.jpg,pug,dog,29
/kaggle/input/datasets/tanlikesmath/the-oxfordiiit-pet-dataset/images/havanese_12.jpg,havanese,dog,22
/kaggle/input/datasets/tanlikesmath/the-oxfordiiit-pet-dataset/images/Ragdoll_63.jpg,Ragdoll,cat,8
/kaggle/input/datasets/tanlikesmath/the-oxfordiiit-pet-dataset/images/basset_hound_120.jpg,basset_hound,dog,14
/kaggle/input/datasets/tanlikesmath/the-oxfordiiit-pet-dataset/images/great_pyrenees_43.jpg,great_pyrenees,dog,21
/kaggle/input/datasets/tanlikesmath/the-oxfordiiit-pet-dataset/images/american_pit_bull_terrier_38.jpg,american_pit_bull_terrier,dog,13
/kaggle/input/datasets/tanlikesmath/the-oxfordiiit-pet-dataset/images/chihuahua_1.jpg,chihuahua,dog,17
/kaggle/input/datasets/tanlikesmath/the-oxfordiiit-pet-dataset/images/pug_2.jpg,pug,dog,29
/kaggle/input/datasets/tanlikesmath/the-oxfordiiit-pet-dataset/images/beagle_35.jpg,beagle,dog,15
/kaggle/input/datasets/tanlikesmath/the-oxfordiiit-pet-dataset/images/Persian_3.jpg,Persian,cat,7
/kaggle/input/datasets/tanlikesmath/the-oxfordiiit-pet-dataset/images/shiba_inu_10.jpg,shiba_inu,dog,33
/kaggle/input/datasets/tanlikesmath/the-oxfordiiit-pet-dataset/images/saint_bernard_54.jpg,saint_bernard,dog,30
/kaggle/input/datasets/tanlikesmath/the-oxfordiiit-pet-dataset/images/Birman_103.jpg,Birman,cat,2
/kaggle/input/datasets/tanlikesmath/the-oxfordiiit-pet-dataset/images/american_pit_bull_terrier_45.jpg,american_pit_bull_terrier,dog,13
/kaggle/input/datasets/tanlikesmath/the-oxfordiiit-pet-dataset/images/Birman_85.jpg,Birman,cat,2
/kaggle/input/datasets/tanlikesmath/the-oxfordiiit-pet-dataset/images/Bengal_92.jpg,Bengal,cat,1
/kaggle/input/datasets/tanlikesmath/the-oxfordiiit-pet-dataset/images/leonberger_76.jpg,leonberger,dog,25
/kaggle/input/datasets/tanlikesmath/the-oxfordiiit-pet-dataset/images/Persian_67.jpg,Persian,cat,7
/kaggle/input/datasets/tanlikesmath/the-oxfordiiit-pet-dataset/images/scottish_terrier_130.jpg,scottish_terrier,dog,32
/kaggle/input/datasets/tanlikesmath/the-oxfordiiit-pet-dataset/images/chihuahua_118.jpg,chihuahua,dog,17
/kaggle/input/datasets/tanlikesmath/the-oxfordiiit-pet-dataset/images/english_cocker_spaniel_66.jpg,english_cocker_spaniel,dog,18
/kaggle/input/datasets/tanlikesmath/the-oxfordiiit-pet-dataset/images/japanese_chin_22.jpg,japanese_chin,dog,23
/kaggle/input/datasets/tanlikesmath/the-oxfordiiit-pet-dataset/images/British_Shorthair_149.jpg,British_Shorthair,cat,4
/kaggle/input/datasets/tanlikesmath/the-oxfordiiit-pet-dataset/images/Sphynx_179.jpg,Sphynx,cat,11
/kaggle/input/datasets/tanlikesmath/the-oxfordiiit-pet-dataset/images/beagle_107.jpg,beagle,dog,15
/kaggle/input/datasets/tanlikesmath/the-oxfordiiit-pet-dataset/images/Maine_Coon_96.jpg,Maine_Coon,cat,6
/kaggle/input/datasets/tanlikesmath/the-oxfordiiit-pet-dataset/images/keeshond_116.jpg,keeshond,dog,24
/kaggle/input/datasets/tanlikesmath/the-oxfordiiit-pet-dataset/images/pomeranian_175.jpg,pomeranian,dog,28
/kaggle/input/datasets/tanlikesmath/the-oxfordiiit-pet-dataset/images/english_setter_15.jpg,english_setter,dog,19
/kaggle/input/datasets/tanlikesmath/the-oxfordiiit-pet-dataset/images/english_setter_87.jpg,english_setter,dog,19
/kaggle/input/datasets/tanlikesmath/the-oxfordiiit-pet-dataset/images/keeshond_199.jpg,keeshond,dog,24
/kaggle/input/datasets/tanlikesmath/the-oxfordiiit-pet-dataset/images/leonberger_138.jpg,leonberger,dog,25
/kaggle/input/datasets/tanlikesmath/the-oxfordiiit-pet-dataset/images/english_setter_132.jpg,english_setter,dog,19
/kaggle/input/datasets/tanlikesmath/the-oxfordiiit-pet-dataset/images/american_pit_bull_terrier_133.jpg,american_pit_bull_terrier,dog,13
/kaggle/input/datasets/tanlikesmath/the-oxfordiiit-pet-dataset/images/chihuahua_18.jpg,chihuahua,dog,17
/kaggle/input/datasets/tanlikesmath/the-oxfordiiit-pet-dataset/images/miniature_pinscher_87.jpg,miniature_pinscher,dog,26
/kaggle/input/datasets/tanlikesmath/the-oxfordiiit-pet-dataset/images/Bengal_100.jpg,Bengal,cat,1
/kaggle/input/datasets/tanlikesmath/the-oxfordiiit-pet-dataset/images/Egyptian_Mau_61.jpg,Egyptian_Mau,cat,5
/kaggle/input/datasets/tanlikesmath/the-oxfordiiit-pet-dataset/images/basset_hound_21.jpg,basset_hound,dog,14
/kaggle/input/datasets/tanlikesmath/the-oxfordiiit-pet-dataset/images/Abyssinian_69.jpg,Abyssinian,cat,0
/kaggle/input/datasets/tanlikesmath/the-oxfordiiit-pet-dataset/images/Abyssinian_86.jpg,Abyssinian,cat,0
/kaggle/input/datasets/tanlikesmath/the-oxfordiiit-pet-dataset/images/english_setter_27.jpg,english_setter,dog,19
/kaggle/input/datasets/tanlikesmath/the-oxfordiiit-pet-dataset/images/staffordshire_bull_terrier_106.jpg,staffordshire_bull_terrier,dog,34
/kaggle/input/datasets/tanlikesmath/the-oxfordiiit-pet-dataset/images/english_setter_130.jpg,english_setter,dog,19
/kaggle/input/datasets/tanlikesmath/the-oxfordiiit-pet-dataset/images/Egyptian_Mau_110.jpg,Egyptian_Mau,cat,5
/kaggle/input/datasets/tanlikesmath/the-oxfordiiit-pet-dataset/images/scottish_terrier_92.jpg,scottish_terrier,dog,32
/kaggle/input/datasets/tanlikesmath/the-oxfordiiit-pet-dataset/images/newfoundland_140.jpg,newfoundland,dog,27
/kaggle/input/datasets/tanlikesmath/the-oxfordiiit-pet-dataset/images/Russian_Blue_31.jpg,Russian_Blue,cat,9
/kaggle/input/datasets/tanlikesmath/the-oxfordiiit-pet-dataset/images/german_shorthaired_101.jpg,german_shorthaired,dog,20
/kaggle/input/datasets/tanlikesmath/the-oxfordiiit-pet-dataset/images/great_pyrenees_26.jpg,great_pyrenees,dog,21
/kaggle/input/datasets/tanlikesmath/the-oxfordiiit-pet-dataset/images/beagle_162.jpg,beagle,dog,15
/kaggle/input/datasets/tanlikesmath/the-oxfordiiit-pet-dataset/images/newfoundland_56.jpg,newfoundland,dog,27
/kaggle/input/datasets/tanlikesmath/the-oxfordiiit-pet-dataset/images/Abyssinian_32.jpg,Abyssinian,cat,0
/kaggle/input/datasets/tanlikesmath/the-oxfordiiit-pet-dataset/images/miniature_pinscher_114.jpg,miniature_pinscher,dog,26
/kaggle/input/datasets/tanlikesmath/the-oxfordiiit-pet-dataset/images/yorkshire_terrier_19.jpg,yorkshire_terrier,dog,36
/kaggle/input/datasets/tanlikesmath/the-oxfordiiit-pet-dataset/images/pomeranian_17.jpg,pomeranian,dog,28
/kaggle/input/datasets/tanlikesmath/the-oxfordiiit-pet-dataset/images/american_bulldog_189.jpg,american_bulldog,dog,12
/kaggle/input/datasets/tanlikesmath/the-oxfordiiit-pet-dataset/images/yorkshire_terrier_66.jpg,yorkshire_terrier,dog,36
/kaggle/input/datasets/tanlikesmath/the-oxfordiiit-pet-dataset/images/american_pit_bull_terrier_67.jpg,american_pit_bull_terrier,dog,13
/kaggle/input/datasets/tanlikesmath/the-oxfordiiit-pet-dataset/images/pug_54.jpg,pug,dog,29
/kaggle/input/datasets/tanlikesmath/the-oxfordiiit-pet-dataset/images/english_setter_158.jpg,english_setter,dog,19
/kaggle/input/datasets/tanlikesmath/the-oxfordiiit-pet-dataset/images/Ragdoll_172.jpg,Ragdoll,cat,8
/kaggle/input/datasets/tanlikesmath/the-oxfordiiit-pet-dataset/images/wheaten_terrier_49.jpg,wheaten_terrier,dog,35
/kaggle/input/datasets/tanlikesmath/the-oxfordiiit-pet-dataset/images/staffordshire_bull_terrier_74.jpg,staffordshire_bull_terrier,dog,34
/kaggle/input/datasets/tanlikesmath/the-oxfordiiit-pet-dataset/images/pomeranian_4.jpg,pomeranian,dog,28
/kaggle/input/datasets/tanlikesmath/the-oxfordiiit-pet-dataset/images/boxer_26.jpg,boxer,dog,16
/kaggle/input/datasets/tanlikesmath/the-oxfordiiit-pet-dataset/images/Sphynx_88.jpg,Sphynx,cat,11
/kaggle/input/datasets/tanlikesmath/the-oxfordiiit-pet-dataset/images/english_setter_111.jpg,english_setter,dog,19
/kaggle/input/datasets/tanlikesmath/the-oxfordiiit-pet-dataset/images/english_setter_25.jpg,english_setter,dog,19
/kaggle/input/datasets/tanlikesmath/the-oxfordiiit-pet-dataset/images/chihuahua_39.jpg,chihuahua,dog,17
/kaggle/input/datasets/tanlikesmath/the-oxfordiiit-pet-dataset/images/english_cocker_spaniel_193.jpg,english_cocker_spaniel,dog,18
/kaggle/input/datasets/tanlikesmath/the-oxfordiiit-pet-dataset/images/chihuahua_147.jpg,chihuahua,dog,17
/kaggle/input/datasets/tanlikesmath/the-oxfordiiit-pet-dataset/images/newfoundland_20.jpg,newfoundland,dog,27
/kaggle/input/datasets/tanlikesmath/the-oxfordiiit-pet-dataset/images/Persian_258.jpg,Persian,cat,7
/kaggle/input/datasets/tanlikesmath/the-oxfordiiit-pet-dataset/images/yorkshire_terrier_154.jpg,yorkshire_terrier,dog,36
/kaggle/input/datasets/tanlikesmath/the-oxfordiiit-pet-dataset/images/wheaten_terrier_46.jpg,wheaten_terrier,dog,35
/kaggle/input/datasets/tanlikesmath/the-oxfordiiit-pet-dataset/images/english_cocker_spaniel_177.jpg,english_cocker_spaniel,dog,18
/kaggle/input/datasets/tanlikesmath/the-oxfordiiit-pet-dataset/images/newfoundland_39.jpg,newfoundland,dog,27
/kaggle/input/datasets/tanlikesmath/the-oxfordiiit-pet-dataset/images/beagle_78.jpg,beagle,dog,15
/kaggle/input/datasets/tanlikesmath/the-oxfordiiit-pet-dataset/images/pomeranian_59.jpg,pomeranian,dog,28
/kaggle/input/datasets/tanlikesmath/the-oxfordiiit-pet-dataset/images/american_pit_bull_terrier_96.jpg,american_pit_bull_terrier,dog,13
/kaggle/input/datasets/tanlikesmath/the-oxfordiiit-pet-dataset/images/beagle_74.jpg,beagle,dog,15
/kaggle/input/datasets/tanlikesmath/the-oxfordiiit-pet-dataset/images/german_shorthaired_23.jpg,german_shorthaired,dog,20
/kaggle/input/datasets/tanlikesmath/the-oxfordiiit-pet-dataset/images/american_pit_bull_terrier_79.jpg,american_pit_bull_terrier,dog,13
/kaggle/input/datasets/tanlikesmath/the-oxfordiiit-pet-dataset/images/Bombay_209.jpg,Bombay,cat,3
/kaggle/input/datasets/tanlikesmath/the-oxfordiiit-pet-dataset/images/Bombay_129.jpg,Bombay,cat,3
/kaggle/input/datasets/tanlikesmath/the-oxfordiiit-pet-dataset/images/pomeranian_148.jpg,pomeranian,dog,28
/kaggle/input/datasets/tanlikesmath/the-oxfordiiit-pet-dataset/images/wheaten_terrier_136.jpg,wheaten_terrier,dog,35
/kaggle/input/datasets/tanlikesmath/the-oxfordiiit-pet-dataset/images/Bengal_37.jpg,Bengal,cat,1
/kaggle/input/datasets/tanlikesmath/the-oxfordiiit-pet-dataset/images/British_Shorthair_121.jpg,British_Shorthair,cat,4
/kaggle/input/datasets/tanlikesmath/the-oxfordiiit-pet-dataset/images/keeshond_70.jpg,keeshond,dog,24
/kaggle/input/datasets/tanlikesmath/the-oxfordiiit-pet-dataset/images/pomeranian_188.jpg,pomeranian,dog,28
/kaggle/input/datasets/tanlikesmath/the-oxfordiiit-pet-dataset/images/Ragdoll_131.jpg,Ragdoll,cat,8
/kaggle/input/datasets/tanlikesmath/the-oxfordiiit-pet-dataset/images/Sphynx_189.jpg,Sphynx,cat,11
/kaggle/input/datasets/tanlikesmath/the-oxfordiiit-pet-dataset/images/Bombay_72.jpg,Bombay,cat,3
/kaggle/input/datasets/tanlikesmath/the-oxfordiiit-pet-dataset/images/english_setter_152.jpg,english_setter,dog,19
/kaggle/input/datasets/tanlikesmath/the-oxfordiiit-pet-dataset/images/american_pit_bull_terrier_97.jpg,american_pit_bull_terrier,dog,13
/kaggle/input/datasets/tanlikesmath/the-oxfordiiit-pet-dataset/images/Persian_26.jpg,Persian,cat,7
/kaggle/input/datasets/tanlikesmath/the-oxfordiiit-pet-dataset/images/leonberger_176.jpg,leonberger,dog,25
/kaggle/input/datasets/tanlikesmath/the-oxfordiiit-pet-dataset/images/miniature_pinscher_141.jpg,miniature_pinscher,dog,26
/kaggle/input/datasets/tanlikesmath/the-oxfordiiit-pet-dataset/images/Egyptian_Mau_16.jpg,Egyptian_Mau,cat,5
/kaggle/input/datasets/tanlikesmath/the-oxfordiiit-pet-dataset/images/chihuahua_124.jpg,chihuahua,dog,17
/kaggle/input/datasets/tanlikesmath/the-oxfordiiit-pet-dataset/images/scottish_terrier_23.jpg,scottish_terrier,dog,32
/kaggle/input/datasets/tanlikesmath/the-oxfordiiit-pet-dataset/images/leonberger_190.jpg,leonberger,dog,25
/kaggle/input/datasets/tanlikesmath/the-oxfordiiit-pet-dataset/images/Bengal_170.jpg,Bengal,cat,1
/kaggle/input/datasets/tanlikesmath/the-oxfordiiit-pet-dataset/images/Egyptian_Mau_98.jpg,Egyptian_Mau,cat,5
/kaggle/input/datasets/tanlikesmath/the-oxfordiiit-pet-dataset/images/chihuahua_47.jpg,chihuahua,dog,17
/kaggle/input/datasets/tanlikesmath/the-oxfordiiit-pet-dataset/images/Ragdoll_85.jpg,Ragdoll,cat,8
/kaggle/input/datasets/tanlikesmath/the-oxfordiiit-pet-dataset/images/Russian_Blue_92.jpg,Russian_Blue,cat,9
/kaggle/input/datasets/tanlikesmath/the-oxfordiiit-pet-dataset/images/english_cocker_spaniel_94.jpg,english_cocker_spaniel,dog,18
/kaggle/input/datasets/tanlikesmath/the-oxfordiiit-pet-dataset/images/english_cocker_spaniel_22.jpg,english_cocker_spaniel,dog,18
/kaggle/input/datasets/tanlikesmath/the-oxfordiiit-pet-dataset/images/pug_201.jpg,pug,dog,29
/kaggle/input/datasets/tanlikesmath/the-oxfordiiit-pet-dataset/images/saint_bernard_71.jpg,saint_bernard,dog,30
/kaggle/input/datasets/tanlikesmath/the-oxfordiiit-pet-dataset/images/wheaten_terrier_196.jpg,wheaten_terrier,dog,35
/kaggle/input/datasets/tanlikesmath/the-oxfordiiit-pet-dataset/images/Abyssinian_145.jpg,Abyssinian,cat,0
/kaggle/input/datasets/tanlikesmath/the-oxfordiiit-pet-dataset/images/saint_bernard_19.jpg,saint_bernard,dog,30
/kaggle/input/datasets/tanlikesmath/the-oxfordiiit-pet-dataset/images/newfoundland_35.jpg,newfoundland,dog,27
/kaggle/input/datasets/tanlikesmath/the-oxfordiiit-pet-dataset/images/german_shorthaired_132.jpg,german_shorthaired,dog,20
/kaggle/input/datasets/tanlikesmath/the-oxfordiiit-pet-dataset/images/basset_hound_136.jpg,basset_hound,dog,14
/kaggle/input/datasets/tanlikesmath/the-oxfordiiit-pet-dataset/images/american_pit_bull_terrier_18.jpg,american_pit_bull_terrier,dog,13
/kaggle/input/datasets/tanlikesmath/the-oxfordiiit-pet-dataset/images/Birman_10.jpg,Birman,cat,2
/kaggle/input/datasets/tanlikesmath/the-oxfordiiit-pet-dataset/images/american_bulldog_221.jpg,american_bulldog,dog,12
/kaggle/input/datasets/tanlikesmath/the-oxfordiiit-pet-dataset/images/staffordshire_bull_terrier_21.jpg,staffordshire_bull_terrier,dog,34
/kaggle/input/datasets/tanlikesmath/the-oxfordiiit-pet-dataset/images/Ragdoll_235.jpg,Ragdoll,cat,8
/kaggle/input/datasets/tanlikesmath/the-oxfordiiit-pet-dataset/images/Maine_Coon_153.jpg,Maine_Coon,cat,6
/kaggle/input/datasets/tanlikesmath/the-oxfordiiit-pet-dataset/images/Egyptian_Mau_49.jpg,Egyptian_Mau,cat,5
/kaggle/input/datasets/tanlikesmath/the-oxfordiiit-pet-dataset/images/keeshond_129.jpg,keeshond,dog,24
/kaggle/input/datasets/tanlikesmath/the-oxfordiiit-pet-dataset/images/keeshond_148.jpg,keeshond,dog,24
/kaggle/input/datasets/tanlikesmath/the-oxfordiiit-pet-dataset/images/scottish_terrier_42.jpg,scottish_terrier,dog,32
/kaggle/input/datasets/tanlikesmath/the-oxfordiiit-pet-dataset/images/havanese_69.jpg,havanese,dog,22
/kaggle/input/datasets/tanlikesmath/the-oxfordiiit-pet-dataset/images/yorkshire_terrier_110.jpg,yorkshire_terrier,dog,36
/kaggle/input/datasets/tanlikesmath/the-oxfordiiit-pet-dataset/images/Birman_139.jpg,Birman,cat,2
/kaggle/input/datasets/tanlikesmath/the-oxfordiiit-pet-dataset/images/wheaten_terrier_83.jpg,wheaten_terrier,dog,35
/kaggle/input/datasets/tanlikesmath/the-oxfordiiit-pet-dataset/images/Ragdoll_153.jpg,Ragdoll,cat,8
/kaggle/input/datasets/tanlikesmath/the-oxfordiiit-pet-dataset/images/wheaten_terrier_89.jpg,wheaten_terrier,dog,35
/kaggle/input/datasets/tanlikesmath/the-oxfordiiit-pet-dataset/images/boxer_164.jpg,boxer,dog,16
/kaggle/input/datasets/tanlikesmath/the-oxfordiiit-pet-dataset/images/samoyed_199.jpg,samoyed,dog,31
/kaggle/input/datasets/tanlikesmath/the-oxfordiiit-pet-dataset/images/Maine_Coon_270.jpg,Maine_Coon,cat,6
/kaggle/input/datasets/tanlikesmath/the-oxfordiiit-pet-dataset/images/Bengal_13.jpg,Bengal,cat,1
/kaggle/input/datasets/tanlikesmath/the-oxfordiiit-pet-dataset/images/leonberger_18.jpg,leonberger,dog,25
/kaggle/input/datasets/tanlikesmath/the-oxfordiiit-pet-dataset/images/wheaten_terrier_167.jpg,wheaten_terrier,dog,35
/kaggle/input/datasets/tanlikesmath/the-oxfordiiit-pet-dataset/images/english_cocker_spaniel_163.jpg,english_cocker_spaniel,dog,18
/kaggle/input/datasets/tanlikesmath/the-oxfordiiit-pet-dataset/images/yorkshire_terrier_129.jpg,yorkshire_terrier,dog,36
/kaggle/input/datasets/tanlikesmath/the-oxfordiiit-pet-dataset/images/english_setter_172.jpg,english_setter,dog,19
/kaggle/input/datasets/tanlikesmath/the-oxfordiiit-pet-dataset/images/staffordshire_bull_terrier_155.jpg,staffordshire_bull_terrier,dog,34
/kaggle/input/datasets/tanlikesmath/the-oxfordiiit-pet-dataset/images/pomeranian_10.jpg,pomeranian,dog,28
/kaggle/input/datasets/tanlikesmath/the-oxfordiiit-pet-dataset/images/basset_hound_83.jpg,basset_hound,dog,14
/kaggle/input/datasets/tanlikesmath/the-oxfordiiit-pet-dataset/images/Birman_70.jpg,Birman,cat,2
/kaggle/input/datasets/tanlikesmath/the-oxfordiiit-pet-dataset/images/havanese_155.jpg,havanese,dog,22
/kaggle/input/datasets/tanlikesmath/the-oxfordiiit-pet-dataset/images/great_pyrenees_173.jpg,great_pyrenees,dog,21
/kaggle/input/datasets/tanlikesmath/the-oxfordiiit-pet-dataset/images/newfoundland_60.jpg,newfoundland,dog,27
/kaggle/input/datasets/tanlikesmath/the-oxfordiiit-pet-dataset/images/Russian_Blue_38.jpg,Russian_Blue,cat,9
/kaggle/input/datasets/tanlikesmath/the-oxfordiiit-pet-dataset/images/shiba_inu_106.jpg,shiba_inu,dog,33
/kaggle/input/datasets/tanlikesmath/the-oxfordiiit-pet-dataset/images/British_Shorthair_154.jpg,British_Shorthair,cat,4
/kaggle/input/datasets/tanlikesmath/the-oxfordiiit-pet-dataset/images/havanese_84.jpg,havanese,dog,22
/kaggle/input/datasets/tanlikesmath/the-oxfordiiit-pet-dataset/images/boxer_134.jpg,boxer,dog,16
/kaggle/input/datasets/tanlikesmath/the-oxfordiiit-pet-dataset/images/Bombay_71.jpg,Bombay,cat,3
/kaggle/input/datasets/tanlikesmath/the-oxfordiiit-pet-dataset/images/leonberger_97.jpg,leonberger,dog,25
/kaggle/input/datasets/tanlikesmath/the-oxfordiiit-pet-dataset/images/pug_35.jpg,pug,dog,29
/kaggle/input/datasets/tanlikesmath/the-oxfordiiit-pet-dataset/images/boxer_73.jpg,boxer,dog,16
/kaggle/input/datasets/tanlikesmath/the-oxfordiiit-pet-dataset/images/keeshond_179.jpg,keeshond,dog,24
/kaggle/input/datasets/tanlikesmath/the-oxfordiiit-pet-dataset/images/samoyed_179.jpg,samoyed,dog,31
/kaggle/input/datasets/tanlikesmath/the-oxfordiiit-pet-dataset/images/Persian_79.jpg,Persian,cat,7
/kaggle/input/datasets/tanlikesmath/the-oxfordiiit-pet-dataset/images/newfoundland_91.jpg,newfoundland,dog,27
/kaggle/input/datasets/tanlikesmath/the-oxfordiiit-pet-dataset/images/english_cocker_spaniel_184.jpg,english_cocker_spaniel,dog,18
/kaggle/input/datasets/tanlikesmath/the-oxfordiiit-pet-dataset/images/Birman_143.jpg,Birman,cat,2
/kaggle/input/datasets/tanlikesmath/the-oxfordiiit-pet-dataset/images/japanese_chin_89.jpg,japanese_chin,dog,23
/kaggle/input/datasets/tanlikesmath/the-oxfordiiit-pet-dataset/images/samoyed_1.jpg,samoyed,dog,31
/kaggle/input/datasets/tanlikesmath/the-oxfordiiit-pet-dataset/images/pug_98.jpg,pug,dog,29
/kaggle/input/datasets/tanlikesmath/the-oxfordiiit-pet-dataset/images/leonberger_54.jpg,leonberger,dog,25
/kaggle/input/datasets/tanlikesmath/the-oxfordiiit-pet-dataset/images/Egyptian_Mau_172.jpg,Egyptian_Mau,cat,5
/kaggle/input/datasets/tanlikesmath/the-oxfordiiit-pet-dataset/images/Abyssinian_183.jpg,Abyssinian,cat,0
/kaggle/input/datasets/tanlikesmath/the-oxfordiiit-pet-dataset/images/basset_hound_100.jpg,basset_hound,dog,14
/kaggle/input/datasets/tanlikesmath/the-oxfordiiit-pet-dataset/images/scottish_terrier_80.jpg,scottish_terrier,dog,32
/kaggle/input/datasets/tanlikesmath/the-oxfordiiit-pet-dataset/images/yorkshire_terrier_77.jpg,yorkshire_terrier,dog,36
/kaggle/input/datasets/tanlikesmath/the-oxfordiiit-pet-dataset/images/yorkshire_terrier_181.jpg,yorkshire_terrier,dog,36
/kaggle/input/datasets/tanlikesmath/the-oxfordiiit-pet-dataset/images/Birman_141.jpg,Birman,cat,2
/kaggle/input/datasets/tanlikesmath/the-oxfordiiit-pet-dataset/images/boxer_190.jpg,boxer,dog,16
/kaggle/input/datasets/tanlikesmath/the-oxfordiiit-pet-dataset/images/basset_hound_29.jpg,basset_hound,dog,14
/kaggle/input/datasets/tanlikesmath/the-oxfordiiit-pet-dataset/images/shiba_inu_178.jpg,shiba_inu,dog,33
/kaggle/input/datasets/tanlikesmath/the-oxfordiiit-pet-dataset/images/wheaten_terrier_24.jpg,wheaten_terrier,dog,35
/kaggle/input/datasets/tanlikesmath/the-oxfordiiit-pet-dataset/images/Russian_Blue_110.jpg,Russian_Blue,cat,9
/kaggle/input/datasets/tanlikesmath/the-oxfordiiit-pet-dataset/images/german_shorthaired_11.jpg,german_shorthaired,dog,20
/kaggle/input/datasets/tanlikesmath/the-oxfordiiit-pet-dataset/images/saint_bernard_161.jpg,saint_bernard,dog,30
/kaggle/input/datasets/tanlikesmath/the-oxfordiiit-pet-dataset/images/Ragdoll_44.jpg,Ragdoll,cat,8
/kaggle/input/datasets/tanlikesmath/the-oxfordiiit-pet-dataset/images/Abyssinian_52.jpg,Abyssinian,cat,0
/kaggle/input/datasets/tanlikesmath/the-oxfordiiit-pet-dataset/images/pug_96.jpg,pug,dog,29
/kaggle/input/datasets/tanlikesmath/the-oxfordiiit-pet-dataset/images/keeshond_149.jpg,keeshond,dog,24
/kaggle/input/datasets/tanlikesmath/the-oxfordiiit-pet-dataset/images/english_setter_161.jpg,english_setter,dog,19
/kaggle/input/datasets/tanlikesmath/the-oxfordiiit-pet-dataset/images/wheaten_terrier_195.jpg,wheaten_terrier,dog,35
/kaggle/input/datasets/tanlikesmath/the-oxfordiiit-pet-dataset/images/Birman_98.jpg,Birman,cat,2
/kaggle/input/datasets/tanlikesmath/the-oxfordiiit-pet-dataset/images/wheaten_terrier_61.jpg,wheaten_terrier,dog,35
/kaggle/input/datasets/tanlikesmath/the-oxfordiiit-pet-dataset/images/japanese_chin_71.jpg,japanese_chin,dog,23
/kaggle/input/datasets/tanlikesmath/the-oxfordiiit-pet-dataset/images/japanese_chin_171.jpg,japanese_chin,dog,23
/kaggle/input/datasets/tanlikesmath/the-oxfordiiit-pet-dataset/images/Ragdoll_4.jpg,Ragdoll,cat,8
/kaggle/input/datasets/tanlikesmath/the-oxfordiiit-pet-dataset/images/english_setter_55.jpg,english_setter,dog,19
/kaggle/input/datasets/tanlikesmath/the-oxfordiiit-pet-dataset/images/boxer_15.jpg,boxer,dog,16
/kaggle/input/datasets/tanlikesmath/the-oxfordiiit-pet-dataset/images/keeshond_74.jpg,keeshond,dog,24
/kaggle/input/datasets/tanlikesmath/the-oxfordiiit-pet-dataset/images/yorkshire_terrier_55.jpg,yorkshire_terrier,dog,36
/kaggle/input/datasets/tanlikesmath/the-oxfordiiit-pet-dataset/images/leonberger_68.jpg,leonberger,dog,25
/kaggle/input/datasets/tanlikesmath/the-oxfordiiit-pet-dataset/images/Persian_132.jpg,Persian,cat,7
/kaggle/input/datasets/tanlikesmath/the-oxfordiiit-pet-dataset/images/beagle_53.jpg,beagle,dog,15
/kaggle/input/datasets/tanlikesmath/the-oxfordiiit-pet-dataset/images/newfoundland_83.jpg,newfoundland,dog,27
/kaggle/input/datasets/tanlikesmath/the-oxfordiiit-pet-dataset/images/chihuahua_133.jpg,chihuahua,dog,17
/kaggle/input/datasets/tanlikesmath/the-oxfordiiit-pet-dataset/images/shiba_inu_23.jpg,shiba_inu,dog,33
/kaggle/input/datasets/tanlikesmath/the-oxfordiiit-pet-dataset/images/english_cocker_spaniel_40.jpg,english_cocker_spaniel,dog,18
/kaggle/input/datasets/tanlikesmath/the-oxfordiiit-pet-dataset/images/Russian_Blue_221.jpg,Russian_Blue,cat,9
/kaggle/input/datasets/tanlikesmath/the-oxfordiiit-pet-dataset/images/basset_hound_59.jpg,basset_hound,dog,14
/kaggle/input/datasets/tanlikesmath/the-oxfordiiit-pet-dataset/images/chihuahua_163.jpg,chihuahua,dog,17
/kaggle/input/datasets/tanlikesmath/the-oxfordiiit-pet-dataset/images/Siamese_89.jpg,Siamese,cat,10
/kaggle/input/datasets/tanlikesmath/the-oxfordiiit-pet-dataset/images/wheaten_terrier_174.jpg,wheaten_terrier,dog,35
/kaggle/input/datasets/tanlikesmath/the-oxfordiiit-pet-dataset/images/american_bulldog_118.jpg,american_bulldog,dog,12
/kaggle/input/datasets/tanlikesmath/the-oxfordiiit-pet-dataset/images/Siamese_186.jpg,Siamese,cat,10
/kaggle/input/datasets/tanlikesmath/the-oxfordiiit-pet-dataset/images/german_shorthaired_154.jpg,german_shorthaired,dog,20
/kaggle/input/datasets/tanlikesmath/the-oxfordiiit-pet-dataset/images/Sphynx_103.jpg,Sphynx,cat,11
/kaggle/input/datasets/tanlikesmath/the-oxfordiiit-pet-dataset/images/chihuahua_29.jpg,chihuahua,dog,17
/kaggle/input/datasets/tanlikesmath/the-oxfordiiit-pet-dataset/images/Persian_268.jpg,Persian,cat,7
/kaggle/input/datasets/tanlikesmath/the-oxfordiiit-pet-dataset/images/British_Shorthair_201.jpg,British_Shorthair,cat,4
/kaggle/input/datasets/tanlikesmath/the-oxfordiiit-pet-dataset/images/american_pit_bull_terrier_116.jpg,american_pit_bull_terrier,dog,13
/kaggle/input/datasets/tanlikesmath/the-oxfordiiit-pet-dataset/images/german_shorthaired_126.jpg,german_shorthaired,dog,20
/kaggle/input/datasets/tanlikesmath/the-oxfordiiit-pet-dataset/images/pug_78.jpg,pug,dog,29
/kaggle/input/datasets/tanlikesmath/the-oxfordiiit-pet-dataset/images/yorkshire_terrier_81.jpg,yorkshire_terrier,dog,36
/kaggle/input/datasets/tanlikesmath/the-oxfordiiit-pet-dataset/images/american_pit_bull_terrier_179.jpg,american_pit_bull_terrier,dog,13
/kaggle/input/datasets/tanlikesmath/the-oxfordiiit-pet-dataset/images/Persian_263.jpg,Persian,cat,7
/kaggle/input/datasets/tanlikesmath/the-oxfordiiit-pet-dataset/images/Sphynx_90.jpg,Sphynx,cat,11
/kaggle/input/datasets/tanlikesmath/the-oxfordiiit-pet-dataset/images/chihuahua_36.jpg,chihuahua,dog,17
/kaggle/input/datasets/tanlikesmath/the-oxfordiiit-pet-dataset/images/english_setter_88.jpg,english_setter,dog,19
/kaggle/input/datasets/tanlikesmath/the-oxfordiiit-pet-dataset/images/keeshond_65.jpg,keeshond,dog,24
/kaggle/input/datasets/tanlikesmath/the-oxfordiiit-pet-dataset/images/Persian_78.jpg,Persian,cat,7
/kaggle/input/datasets/tanlikesmath/the-oxfordiiit-pet-dataset/images/german_shorthaired_59.jpg,german_shorthaired,dog,20
/kaggle/input/datasets/tanlikesmath/the-oxfordiiit-pet-dataset/images/american_bulldog_90.jpg,american_bulldog,dog,12
/kaggle/input/datasets/tanlikesmath/the-oxfordiiit-pet-dataset/images/Birman_64.jpg,Birman,cat,2
/kaggle/input/datasets/tanlikesmath/the-oxfordiiit-pet-dataset/images/basset_hound_13.jpg,basset_hound,dog,14
/kaggle/input/datasets/tanlikesmath/the-oxfordiiit-pet-dataset/images/Maine_Coon_63.jpg,Maine_Coon,cat,6
/kaggle/input/datasets/tanlikesmath/the-oxfordiiit-pet-dataset/images/american_pit_bull_terrier_7.jpg,american_pit_bull_terrier,dog,13
/kaggle/input/datasets/tanlikesmath/the-oxfordiiit-pet-dataset/images/japanese_chin_79.jpg,japanese_chin,dog,23
/kaggle/input/datasets/tanlikesmath/the-oxfordiiit-pet-dataset/images/boxer_4.jpg,boxer,dog,16
/kaggle/input/datasets/tanlikesmath/the-oxfordiiit-pet-dataset/images/Russian_Blue_66.jpg,Russian_Blue,cat,9
/kaggle/input/datasets/tanlikesmath/the-oxfordiiit-pet-dataset/images/keeshond_93.jpg,keeshond,dog,24
/kaggle/input/datasets/tanlikesmath/the-oxfordiiit-pet-dataset/images/shiba_inu_97.jpg,shiba_inu,dog,33
/kaggle/input/datasets/tanlikesmath/the-oxfordiiit-pet-dataset/images/Bengal_72.jpg,Bengal,cat,1
/kaggle/input/datasets/tanlikesmath/the-oxfordiiit-pet-dataset/images/miniature_pinscher_31.jpg,miniature_pinscher,dog,26
/kaggle/input/datasets/tanlikesmath/the-oxfordiiit-pet-dataset/images/newfoundland_89.jpg,newfoundland,dog,27
/kaggle/input/datasets/tanlikesmath/the-oxfordiiit-pet-dataset/images/Birman_128.jpg,Birman,cat,2
/kaggle/input/datasets/tanlikesmath/the-oxfordiiit-pet-dataset/images/wheaten_terrier_194.jpg,wheaten_terrier,dog,35
/kaggle/input/datasets/tanlikesmath/the-oxfordiiit-pet-dataset/images/Bombay_88.jpg,Bombay,cat,3
/kaggle/input/datasets/tanlikesmath/the-oxfordiiit-pet-dataset/images/Egyptian_Mau_5.jpg,Egyptian_Mau,cat,5
/kaggle/input/datasets/tanlikesmath/the-oxfordiiit-pet-dataset/images/Egyptian_Mau_201.jpg,Egyptian_Mau,cat,5
/kaggle/input/datasets/tanlikesmath/the-oxfordiiit-pet-dataset/images/basset_hound_87.jpg,basset_hound,dog,14
/kaggle/input/datasets/tanlikesmath/the-oxfordiiit-pet-dataset/images/american_pit_bull_terrier_158.jpg,american_pit_bull_terrier,dog,13
/kaggle/input/datasets/tanlikesmath/the-oxfordiiit-pet-dataset/images/pug_167.jpg,pug,dog,29
/kaggle/input/datasets/tanlikesmath/the-oxfordiiit-pet-dataset/images/american_bulldog_181.jpg,american_bulldog,dog,12
/kaggle/input/datasets/tanlikesmath/the-oxfordiiit-pet-dataset/images/Birman_149.jpg,Birman,cat,2
/kaggle/input/datasets/tanlikesmath/the-oxfordiiit-pet-dataset/images/boxer_181.jpg,boxer,dog,16
/kaggle/input/datasets/tanlikesmath/the-oxfordiiit-pet-dataset/images/basset_hound_39.jpg,basset_hound,dog,14
/kaggle/input/datasets/tanlikesmath/the-oxfordiiit-pet-dataset/images/boxer_59.jpg,boxer,dog,16
/kaggle/input/datasets/tanlikesmath/the-oxfordiiit-pet-dataset/images/english_setter_112.jpg,english_setter,dog,19
/kaggle/input/datasets/tanlikesmath/the-oxfordiiit-pet-dataset/images/Bengal_153.jpg,Bengal,cat,1
/kaggle/input/datasets/tanlikesmath/the-oxfordiiit-pet-dataset/images/pomeranian_70.jpg,pomeranian,dog,28
/kaggle/input/datasets/tanlikesmath/the-oxfordiiit-pet-dataset/images/keeshond_135.jpg,keeshond,dog,24
/kaggle/input/datasets/tanlikesmath/the-oxfordiiit-pet-dataset/images/scottish_terrier_51.jpg,scottish_terrier,dog,32
/kaggle/input/datasets/tanlikesmath/the-oxfordiiit-pet-dataset/images/Persian_40.jpg,Persian,cat,7
/kaggle/input/datasets/tanlikesmath/the-oxfordiiit-pet-dataset/images/german_shorthaired_198.jpg,german_shorthaired,dog,20
/kaggle/input/datasets/tanlikesmath/the-oxfordiiit-pet-dataset/images/Egyptian_Mau_136.jpg,Egyptian_Mau,cat,5
/kaggle/input/datasets/tanlikesmath/the-oxfordiiit-pet-dataset/images/scottish_terrier_191.jpg,scottish_terrier,dog,32
/kaggle/input/datasets/tanlikesmath/the-oxfordiiit-pet-dataset/images/Sphynx_93.jpg,Sphynx,cat,11
/kaggle/input/datasets/tanlikesmath/the-oxfordiiit-pet-dataset/images/shiba_inu_161.jpg,shiba_inu,dog,33
/kaggle/input/datasets/tanlikesmath/the-oxfordiiit-pet-dataset/images/British_Shorthair_82.jpg,British_Shorthair,cat,4
/kaggle/input/datasets/tanlikesmath/the-oxfordiiit-pet-dataset/images/Bengal_152.jpg,Bengal,cat,1
/kaggle/input/datasets/tanlikesmath/the-oxfordiiit-pet-dataset/images/great_pyrenees_108.jpg,great_pyrenees,dog,21
/kaggle/input/datasets/tanlikesmath/the-oxfordiiit-pet-dataset/images/samoyed_138.jpg,samoyed,dog,31
/kaggle/input/datasets/tanlikesmath/the-oxfordiiit-pet-dataset/images/Persian_195.jpg,Persian,cat,7
/kaggle/input/datasets/tanlikesmath/the-oxfordiiit-pet-dataset/images/boxer_48.jpg,boxer,dog,16
/kaggle/input/datasets/tanlikesmath/the-oxfordiiit-pet-dataset/images/Birman_121.jpg,Birman,cat,2
/kaggle/input/datasets/tanlikesmath/the-oxfordiiit-pet-dataset/images/leonberger_130.jpg,leonberger,dog,25
/kaggle/input/datasets/tanlikesmath/the-oxfordiiit-pet-dataset/images/Egyptian_Mau_175.jpg,Egyptian_Mau,cat,5
/kaggle/input/datasets/tanlikesmath/the-oxfordiiit-pet-dataset/images/havanese_118.jpg,havanese,dog,22
/kaggle/input/datasets/tanlikesmath/the-oxfordiiit-pet-dataset/images/Bombay_29.jpg,Bombay,cat,3
/kaggle/input/datasets/tanlikesmath/the-oxfordiiit-pet-dataset/images/boxer_123.jpg,boxer,dog,16
/kaggle/input/datasets/tanlikesmath/the-oxfordiiit-pet-dataset/images/english_cocker_spaniel_90.jpg,english_cocker_spaniel,dog,18
/kaggle/input/datasets/tanlikesmath/the-oxfordiiit-pet-dataset/images/Maine_Coon_146.jpg,Maine_Coon,cat,6
/kaggle/input/datasets/tanlikesmath/the-oxfordiiit-pet-dataset/images/boxer_153.jpg,boxer,dog,16
/kaggle/input/datasets/tanlikesmath/the-oxfordiiit-pet-dataset/images/Birman_22.jpg,Birman,cat,2
/kaggle/input/datasets/tanlikesmath/the-oxfordiiit-pet-dataset/images/pomeranian_85.jpg,pomeranian,dog,28
/kaggle/input/datasets/tanlikesmath/the-oxfordiiit-pet-dataset/images/pomeranian_19.jpg,pomeranian,dog,28
/kaggle/input/datasets/tanlikesmath/the-oxfordiiit-pet-dataset/images/english_setter_153.jpg,english_setter,dog,19
/kaggle/input/datasets/tanlikesmath/the-oxfordiiit-pet-dataset/images/pug_39.jpg,pug,dog,29
/kaggle/input/datasets/tanlikesmath/the-oxfordiiit-pet-dataset/images/Persian_14.jpg,Persian,cat,7
/kaggle/input/datasets/tanlikesmath/the-oxfordiiit-pet-dataset/images/saint_bernard_155.jpg,saint_bernard,dog,30
/kaggle/input/datasets/tanlikesmath/the-oxfordiiit-pet-dataset/images/shiba_inu_212.jpg,shiba_inu,dog,33
/kaggle/input/datasets/tanlikesmath/the-oxfordiiit-pet-dataset/images/Ragdoll_7.jpg,Ragdoll,cat,8
/kaggle/input/datasets/tanlikesmath/the-oxfordiiit-pet-dataset/images/keeshond_169.jpg,keeshond,dog,24
/kaggle/input/datasets/tanlikesmath/the-oxfordiiit-pet-dataset/images/Bombay_16.jpg,Bombay,cat,3
/kaggle/input/datasets/tanlikesmath/the-oxfordiiit-pet-dataset/images/staffordshire_bull_terrier_162.jpg,staffordshire_bull_terrier,dog,34
/kaggle/input/datasets/tanlikesmath/the-oxfordiiit-pet-dataset/images/samoyed_132.jpg,samoyed,dog,31
/kaggle/input/datasets/tanlikesmath/the-oxfordiiit-pet-dataset/images/keeshond_175.jpg,keeshond,dog,24
/kaggle/input/datasets/tanlikesmath/the-oxfordiiit-pet-dataset/images/Siamese_175.jpg,Siamese,cat,10
/kaggle/input/datasets/tanlikesmath/the-oxfordiiit-pet-dataset/images/Ragdoll_24.jpg,Ragdoll,cat,8
/kaggle/input/datasets/tanlikesmath/the-oxfordiiit-pet-dataset/images/Siamese_257.jpg,Siamese,cat,10
/kaggle/input/datasets/tanlikesmath/the-oxfordiiit-pet-dataset/images/pug_58.jpg,pug,dog,29
/kaggle/input/datasets/tanlikesmath/the-oxfordiiit-pet-dataset/images/american_bulldog_100.jpg,american_bulldog,dog,12
/kaggle/input/datasets/tanlikesmath/the-oxfordiiit-pet-dataset/images/leonberger_196.jpg,leonberger,dog,25
/kaggle/input/datasets/tanlikesmath/the-oxfordiiit-pet-dataset/images/Bengal_145.jpg,Bengal,cat,1
/kaggle/input/datasets/tanlikesmath/the-oxfordiiit-pet-dataset/images/pug_123.jpg,pug,dog,29
/kaggle/input/datasets/tanlikesmath/the-oxfordiiit-pet-dataset/images/British_Shorthair_213.jpg,British_Shorthair,cat,4
/kaggle/input/datasets/tanlikesmath/the-oxfordiiit-pet-dataset/images/english_cocker_spaniel_21.jpg,english_cocker_spaniel,dog,18
/kaggle/input/datasets/tanlikesmath/the-oxfordiiit-pet-dataset/images/wheaten_terrier_185.jpg,wheaten_terrier,dog,35
/kaggle/input/datasets/tanlikesmath/the-oxfordiiit-pet-dataset/images/keeshond_19.jpg,keeshond,dog,24
/kaggle/input/datasets/tanlikesmath/the-oxfordiiit-pet-dataset/images/Persian_47.jpg,Persian,cat,7
/kaggle/input/datasets/tanlikesmath/the-oxfordiiit-pet-dataset/images/japanese_chin_70.jpg,japanese_chin,dog,23
/kaggle/input/datasets/tanlikesmath/the-oxfordiiit-pet-dataset/images/pug_46.jpg,pug,dog,29
/kaggle/input/datasets/tanlikesmath/the-oxfordiiit-pet-dataset/images/saint_bernard_1.jpg,saint_bernard,dog,30
/kaggle/input/datasets/tanlikesmath/the-oxfordiiit-pet-dataset/images/Abyssinian_121.jpg,Abyssinian,cat,0
/kaggle/input/datasets/tanlikesmath/the-oxfordiiit-pet-dataset/images/boxer_111.jpg,boxer,dog,16
